Copyright 1986-2022 Xilinx, Inc. All Rights Reserved.
--------------------------------------------------------------------------------------------------------------------------------------------------
| Tool Version : Vivado v.2022.2 (win64) Build 3671981 Fri Oct 14 05:00:03 MDT 2022
| Date         : Fri Sep 18 22:12:02 2026
| Host         : Karthik running 64-bit major release  (build 9200)
| Command      : report_timing_summary -delay_type min_max -report_unconstrained -max_paths 10 -file C:/KarDRIVE/Projects/ProjectFlash/timing.rpt
| Design       : top_v1
| Device       : 7z020-clg400
| Speed File   : -1  PRODUCTION 1.12 2019-11-22
--------------------------------------------------------------------------------------------------------------------------------------------------

Timing Summary Report

------------------------------------------------------------------------------------------------
| Timer Settings
| --------------
------------------------------------------------------------------------------------------------

  Enable Multi Corner Analysis               :  Yes
  Enable Pessimism Removal                   :  Yes
  Pessimism Removal Resolution               :  Nearest Common Node
  Enable Input Delay Default Clock           :  No
  Enable Preset / Clear Arcs                 :  No
  Disable Flight Delays                      :  No
  Ignore I/O Paths                           :  No
  Timing Early Launch at Borrowing Latches   :  No
  Borrow Time for Max Delay Exceptions       :  Yes
  Merge Timing Exceptions                    :  Yes

  Corner  Analyze    Analyze    
  Name    Max Paths  Min Paths  
  ------  ---------  ---------  
  Slow    Yes        Yes        
  Fast    Yes        Yes        


------------------------------------------------------------------------------------------------
| Report Methodology
| ------------------
------------------------------------------------------------------------------------------------

No report available as report_methodology has not been run prior. Run report_methodology on the current design for the summary of methodology violations.



check_timing report

Table of Contents
-----------------
1. checking no_clock (0)
2. checking constant_clock (0)
3. checking pulse_width_clock (0)
4. checking unconstrained_internal_endpoints (0)
5. checking no_input_delay (44)
6. checking no_output_delay (98)
7. checking multiple_clock (0)
8. checking generated_clocks (0)
9. checking loops (0)
10. checking partial_input_delay (0)
11. checking partial_output_delay (0)
12. checking latch_loops (0)

1. checking no_clock (0)
------------------------
 There are 0 register/latch pins with no clock.


2. checking constant_clock (0)
------------------------------
 There are 0 register/latch pins with constant_clock.


3. checking pulse_width_clock (0)
---------------------------------
 There are 0 register/latch pins which need pulse_width check


4. checking unconstrained_internal_endpoints (0)
------------------------------------------------
 There are 0 pins that are not constrained for maximum delay.

 There are 0 pins that are not constrained for maximum delay due to constant clock.


5. checking no_input_delay (44)
-------------------------------
 There are 44 input ports with no input delay specified. (HIGH)

 There are 0 input ports with no input delay but user has a false path constraint.


6. checking no_output_delay (98)
--------------------------------
 There are 98 ports with no output delay specified. (HIGH)

 There are 0 ports with no output delay but user has a false path constraint

 There are 0 ports with no output delay but with a timing clock defined on it or propagating through it


7. checking multiple_clock (0)
------------------------------
 There are 0 register/latch pins with multiple clocks.


8. checking generated_clocks (0)
--------------------------------
 There are 0 generated clocks that are not connected to a clock source.


9. checking loops (0)
---------------------
 There are 0 combinational loops in the design.


10. checking partial_input_delay (0)
------------------------------------
 There are 0 input ports with partial input delay specified.


11. checking partial_output_delay (0)
-------------------------------------
 There are 0 ports with partial output delay specified.


12. checking latch_loops (0)
----------------------------
 There are 0 combinational latch loops in the design through latch input



------------------------------------------------------------------------------------------------
| Design Timing Summary
| ---------------------
------------------------------------------------------------------------------------------------

    WNS(ns)      TNS(ns)  TNS Failing Endpoints  TNS Total Endpoints      WHS(ns)      THS(ns)  THS Failing Endpoints  THS Total Endpoints     WPWS(ns)     TPWS(ns)  TPWS Failing Endpoints  TPWS Total Endpoints  
    -------      -------  ---------------------  -------------------      -------      -------  ---------------------  -------------------     --------     --------  ----------------------  --------------------  
      0.093        0.000                      0                 7704        0.079        0.000                      0                 7704        5.687        0.000                       0                  2450  


All user specified timing constraints are met.


------------------------------------------------------------------------------------------------
| Clock Summary
| -------------
------------------------------------------------------------------------------------------------

Clock    Waveform(ns)       Period(ns)      Frequency(MHz)
-----    ------------       ----------      --------------
sys_clk  {0.000 6.667}      13.333          75.002          


------------------------------------------------------------------------------------------------
| Intra Clock Table
| -----------------
------------------------------------------------------------------------------------------------

Clock             WNS(ns)      TNS(ns)  TNS Failing Endpoints  TNS Total Endpoints      WHS(ns)      THS(ns)  THS Failing Endpoints  THS Total Endpoints     WPWS(ns)     TPWS(ns)  TPWS Failing Endpoints  TPWS Total Endpoints  
-----             -------      -------  ---------------------  -------------------      -------      -------  ---------------------  -------------------     --------     --------  ----------------------  --------------------  
sys_clk             0.093        0.000                      0                 7704        0.079        0.000                      0                 7704        5.687        0.000                       0                  2450  


------------------------------------------------------------------------------------------------
| Inter Clock Table
| -----------------
------------------------------------------------------------------------------------------------

From Clock    To Clock          WNS(ns)      TNS(ns)  TNS Failing Endpoints  TNS Total Endpoints      WHS(ns)      THS(ns)  THS Failing Endpoints  THS Total Endpoints  
----------    --------          -------      -------  ---------------------  -------------------      -------      -------  ---------------------  -------------------  


------------------------------------------------------------------------------------------------
| Other Path Groups Table
| -----------------------
------------------------------------------------------------------------------------------------

Path Group    From Clock    To Clock          WNS(ns)      TNS(ns)  TNS Failing Endpoints  TNS Total Endpoints      WHS(ns)      THS(ns)  THS Failing Endpoints  THS Total Endpoints  
----------    ----------    --------          -------      -------  ---------------------  -------------------      -------      -------  ---------------------  -------------------  


------------------------------------------------------------------------------------------------
| User Ignored Path Table
| -----------------------
------------------------------------------------------------------------------------------------

Path Group    From Clock    To Clock    
----------    ----------    --------    


------------------------------------------------------------------------------------------------
| Unconstrained Path Table
| ------------------------
------------------------------------------------------------------------------------------------

Path Group    From Clock    To Clock    
----------    ----------    --------    
(none)        sys_clk                     
(none)                      sys_clk       


------------------------------------------------------------------------------------------------
| Timing Details
| --------------
------------------------------------------------------------------------------------------------


---------------------------------------------------------------------------------------------------
From Clock:  sys_clk
  To Clock:  sys_clk

Setup :            0  Failing Endpoints,  Worst Slack        0.093ns,  Total Violation        0.000ns
Hold  :            0  Failing Endpoints,  Worst Slack        0.079ns,  Total Violation        0.000ns
PW    :            0  Failing Endpoints,  Worst Slack        5.687ns,  Total Violation        0.000ns
---------------------------------------------------------------------------------------------------


Max Delay Paths
--------------------------------------------------------------------------------------
Slack (MET) :             0.093ns  (required time - arrival time)
  Source:                 u_conv/y_reg[1]/C
                            (rising edge-triggered cell FDRE clocked by sys_clk  {rise@0.000ns fall@6.667ns period=13.333ns})
  Destination:            u_ram_a/mem_reg_0_0/ADDRBWRADDR[0]
                            (rising edge-triggered cell RAMB36E1 clocked by sys_clk  {rise@0.000ns fall@6.667ns period=13.333ns})
  Path Group:             sys_clk
  Path Type:              Setup (Max at Slow Process Corner)
  Requirement:            13.333ns  (sys_clk rise@13.333ns - sys_clk rise@0.000ns)
  Data Path Delay:        12.494ns  (logic 7.977ns (63.846%)  route 4.517ns (36.154%))
  Logic Levels:           10  (CARRY4=6 DSP48E1=1 LUT2=1 LUT4=1 LUT5=1)
  Clock Path Skew:        -0.145ns (DCD - SCD + CPR)
    Destination Clock Delay (DCD):    2.670ns = ( 16.003 - 13.333 ) 
    Source Clock Delay      (SCD):    2.935ns
    Clock Pessimism Removal (CPR):    0.120ns
  Clock Uncertainty:      0.035ns  ((TSJ^2 + TIJ^2)^1/2 + DJ) / 2 + PE
    Total System Jitter     (TSJ):    0.071ns
    Total Input Jitter      (TIJ):    0.000ns
    Discrete Jitter          (DJ):    0.000ns
    Phase Error              (PE):    0.000ns

    Location             Delay type                Incr(ns)  Path(ns)    Netlist Resource(s)
  -------------------------------------------------------------------    -------------------
                         (clock sys_clk rise edge)    0.000     0.000 r  
    H16                                               0.000     0.000 r  clk (IN)
                         net (fo=0)                   0.000     0.000    clk
    H16                  IBUF (Prop_ibuf_I_O)         1.451     1.451 r  clk_IBUF_inst/O
                         net (fo=1, unplaced)         0.800     2.250    clk_IBUF
                         BUFG (Prop_bufg_I_O)         0.101     2.351 r  clk_IBUF_BUFG_inst/O
                         net (fo=2453, unplaced)      0.584     2.935    u_conv/clk_IBUF_BUFG
                         FDRE                                         r  u_conv/y_reg[1]/C
  -------------------------------------------------------------------    -------------------
                         FDRE (Prop_fdre_C_Q)         0.478     3.413 r  u_conv/y_reg[1]/Q
                         net (fo=7, unplaced)         0.776     4.189    u_conv/y_reg[1]
                         LUT4 (Prop_lut4_I1_O)        0.295     4.484 r  u_conv/tag0_is_pad5_carry_i_6/O
                         net (fo=1, unplaced)         0.000     4.484    u_conv/tag0_is_pad5_carry_i_6_n_0
                         CARRY4 (Prop_carry4_S[1]_CO[3])
                                                      0.533     5.017 r  u_conv/tag0_is_pad5_carry/CO[3]
                         net (fo=1, unplaced)         0.009     5.026    u_conv/tag0_is_pad5_carry_n_0
                         CARRY4 (Prop_carry4_CI_O[1])
                                                      0.337     5.363 r  u_conv/tag0_is_pad5_carry__0/O[1]
                         net (fo=1, unplaced)         0.715     6.078    u_conv/tag0_is_pad5_carry__0_n_6
                         CARRY4 (Prop_carry4_S[1]_CO[3])
                                                      0.839     6.917 r  u_conv/fm_rd_addr0__0_i_22/CO[3]
                         net (fo=1, unplaced)         0.000     6.917    u_conv/fm_rd_addr0__0_i_22_n_0
                         CARRY4 (Prop_carry4_CI_O[3])
                                                      0.331     7.248 r  u_conv/fm_rd_addr0__0_i_21/O[3]
                         net (fo=1, unplaced)         0.618     7.866    u_conv/PCOUT[11]
                         LUT2 (Prop_lut2_I1_O)        0.307     8.173 r  u_conv/fm_rd_addr0__0_i_8/O
                         net (fo=1, unplaced)         0.000     8.173    u_conv/fm_rd_addr0__0_i_8_n_0
                         CARRY4 (Prop_carry4_S[3]_CO[3])
                                                      0.376     8.549 r  u_conv/fm_rd_addr0__0_i_2/CO[3]
                         net (fo=1, unplaced)         0.000     8.549    u_conv/fm_rd_addr0__0_i_2_n_0
                         CARRY4 (Prop_carry4_CI_O[1])
                                                      0.337     8.886 r  u_conv/fm_rd_addr0__0_i_1/O[1]
                         net (fo=3, unplaced)         0.800     9.686    u_conv/fm_rd_addr0__0_i_1_n_6
                         DSP48E1 (Prop_dsp48e1_A[13]_P[0])
                                                      4.020    13.706 r  u_conv/fm_rd_addr0__0/P[0]
                         net (fo=2, unplaced)         0.800    14.506    u_seq/mem_reg_1_3[0]
                         LUT5 (Prop_lut5_I0_O)        0.124    14.630 r  u_seq/mem_reg_0_0_i_32/O
                         net (fo=16, unplaced)        0.800    15.430    u_ram_a/ADDRBWRADDR[0]
                         RAMB36E1                                     r  u_ram_a/mem_reg_0_0/ADDRBWRADDR[0]
  -------------------------------------------------------------------    -------------------

                         (clock sys_clk rise edge)   13.333    13.333 r  
    H16                                               0.000    13.333 r  clk (IN)
                         net (fo=0)                   0.000    13.333    clk
    H16                  IBUF (Prop_ibuf_I_O)         1.380    14.713 r  clk_IBUF_inst/O
                         net (fo=1, unplaced)         0.760    15.473    clk_IBUF
                         BUFG (Prop_bufg_I_O)         0.091    15.564 r  clk_IBUF_BUFG_inst/O
                         net (fo=2453, unplaced)      0.439    16.003    u_ram_a/clk_IBUF_BUFG
                         RAMB36E1                                     r  u_ram_a/mem_reg_0_0/CLKBWRCLK
                         clock pessimism              0.120    16.123    
                         clock uncertainty           -0.035    16.088    
                         RAMB36E1 (Setup_ramb36e1_CLKBWRCLK_ADDRBWRADDR[0])
                                                     -0.566    15.522    u_ram_a/mem_reg_0_0
  -------------------------------------------------------------------
                         required time                         15.522    
                         arrival time                         -15.430    
  -------------------------------------------------------------------
                         slack                                  0.093    

Slack (MET) :             0.093ns  (required time - arrival time)
  Source:                 u_conv/y_reg[1]/C
                            (rising edge-triggered cell FDRE clocked by sys_clk  {rise@0.000ns fall@6.667ns period=13.333ns})
  Destination:            u_ram_a/mem_reg_0_0/ADDRBWRADDR[10]
                            (rising edge-triggered cell RAMB36E1 clocked by sys_clk  {rise@0.000ns fall@6.667ns period=13.333ns})
  Path Group:             sys_clk
  Path Type:              Setup (Max at Slow Process Corner)
  Requirement:            13.333ns  (sys_clk rise@13.333ns - sys_clk rise@0.000ns)
  Data Path Delay:        12.494ns  (logic 7.977ns (63.846%)  route 4.517ns (36.154%))
  Logic Levels:           10  (CARRY4=6 DSP48E1=1 LUT2=1 LUT4=1 LUT5=1)
  Clock Path Skew:        -0.145ns (DCD - SCD + CPR)
    Destination Clock Delay (DCD):    2.670ns = ( 16.003 - 13.333 ) 
    Source Clock Delay      (SCD):    2.935ns
    Clock Pessimism Removal (CPR):    0.120ns
  Clock Uncertainty:      0.035ns  ((TSJ^2 + TIJ^2)^1/2 + DJ) / 2 + PE
    Total System Jitter     (TSJ):    0.071ns
    Total Input Jitter      (TIJ):    0.000ns
    Discrete Jitter          (DJ):    0.000ns
    Phase Error              (PE):    0.000ns

    Location             Delay type                Incr(ns)  Path(ns)    Netlist Resource(s)
  -------------------------------------------------------------------    -------------------
                         (clock sys_clk rise edge)    0.000     0.000 r  
    H16                                               0.000     0.000 r  clk (IN)
                         net (fo=0)                   0.000     0.000    clk
    H16                  IBUF (Prop_ibuf_I_O)         1.451     1.451 r  clk_IBUF_inst/O
                         net (fo=1, unplaced)         0.800     2.250    clk_IBUF
                         BUFG (Prop_bufg_I_O)         0.101     2.351 r  clk_IBUF_BUFG_inst/O
                         net (fo=2453, unplaced)      0.584     2.935    u_conv/clk_IBUF_BUFG
                         FDRE                                         r  u_conv/y_reg[1]/C
  -------------------------------------------------------------------    -------------------
                         FDRE (Prop_fdre_C_Q)         0.478     3.413 r  u_conv/y_reg[1]/Q
                         net (fo=7, unplaced)         0.776     4.189    u_conv/y_reg[1]
                         LUT4 (Prop_lut4_I1_O)        0.295     4.484 r  u_conv/tag0_is_pad5_carry_i_6/O
                         net (fo=1, unplaced)         0.000     4.484    u_conv/tag0_is_pad5_carry_i_6_n_0
                         CARRY4 (Prop_carry4_S[1]_CO[3])
                                                      0.533     5.017 r  u_conv/tag0_is_pad5_carry/CO[3]
                         net (fo=1, unplaced)         0.009     5.026    u_conv/tag0_is_pad5_carry_n_0
                         CARRY4 (Prop_carry4_CI_O[1])
                                                      0.337     5.363 r  u_conv/tag0_is_pad5_carry__0/O[1]
                         net (fo=1, unplaced)         0.715     6.078    u_conv/tag0_is_pad5_carry__0_n_6
                         CARRY4 (Prop_carry4_S[1]_CO[3])
                                                      0.839     6.917 r  u_conv/fm_rd_addr0__0_i_22/CO[3]
                         net (fo=1, unplaced)         0.000     6.917    u_conv/fm_rd_addr0__0_i_22_n_0
                         CARRY4 (Prop_carry4_CI_O[3])
                                                      0.331     7.248 r  u_conv/fm_rd_addr0__0_i_21/O[3]
                         net (fo=1, unplaced)         0.618     7.866    u_conv/PCOUT[11]
                         LUT2 (Prop_lut2_I1_O)        0.307     8.173 r  u_conv/fm_rd_addr0__0_i_8/O
                         net (fo=1, unplaced)         0.000     8.173    u_conv/fm_rd_addr0__0_i_8_n_0
                         CARRY4 (Prop_carry4_S[3]_CO[3])
                                                      0.376     8.549 r  u_conv/fm_rd_addr0__0_i_2/CO[3]
                         net (fo=1, unplaced)         0.000     8.549    u_conv/fm_rd_addr0__0_i_2_n_0
                         CARRY4 (Prop_carry4_CI_O[1])
                                                      0.337     8.886 r  u_conv/fm_rd_addr0__0_i_1/O[1]
                         net (fo=3, unplaced)         0.800     9.686    u_conv/fm_rd_addr0__0_i_1_n_6
                         DSP48E1 (Prop_dsp48e1_A[13]_P[10])
                                                      4.020    13.706 r  u_conv/fm_rd_addr0__0/P[10]
                         net (fo=2, unplaced)         0.800    14.506    u_seq/mem_reg_1_3[10]
                         LUT5 (Prop_lut5_I0_O)        0.124    14.630 r  u_seq/mem_reg_0_0_i_22/O
                         net (fo=16, unplaced)        0.800    15.430    u_ram_a/ADDRBWRADDR[10]
                         RAMB36E1                                     r  u_ram_a/mem_reg_0_0/ADDRBWRADDR[10]
  -------------------------------------------------------------------    -------------------

                         (clock sys_clk rise edge)   13.333    13.333 r  
    H16                                               0.000    13.333 r  clk (IN)
                         net (fo=0)                   0.000    13.333    clk
    H16                  IBUF (Prop_ibuf_I_O)         1.380    14.713 r  clk_IBUF_inst/O
                         net (fo=1, unplaced)         0.760    15.473    clk_IBUF
                         BUFG (Prop_bufg_I_O)         0.091    15.564 r  clk_IBUF_BUFG_inst/O
                         net (fo=2453, unplaced)      0.439    16.003    u_ram_a/clk_IBUF_BUFG
                         RAMB36E1                                     r  u_ram_a/mem_reg_0_0/CLKBWRCLK
                         clock pessimism              0.120    16.123    
                         clock uncertainty           -0.035    16.088    
                         RAMB36E1 (Setup_ramb36e1_CLKBWRCLK_ADDRBWRADDR[10])
                                                     -0.566    15.522    u_ram_a/mem_reg_0_0
  -------------------------------------------------------------------
                         required time                         15.522    
                         arrival time                         -15.430    
  -------------------------------------------------------------------
                         slack                                  0.093    

Slack (MET) :             0.093ns  (required time - arrival time)
  Source:                 u_conv/y_reg[1]/C
                            (rising edge-triggered cell FDRE clocked by sys_clk  {rise@0.000ns fall@6.667ns period=13.333ns})
  Destination:            u_ram_a/mem_reg_0_0/ADDRBWRADDR[11]
                            (rising edge-triggered cell RAMB36E1 clocked by sys_clk  {rise@0.000ns fall@6.667ns period=13.333ns})
  Path Group:             sys_clk
  Path Type:              Setup (Max at Slow Process Corner)
  Requirement:            13.333ns  (sys_clk rise@13.333ns - sys_clk rise@0.000ns)
  Data Path Delay:        12.494ns  (logic 7.977ns (63.846%)  route 4.517ns (36.154%))
  Logic Levels:           10  (CARRY4=6 DSP48E1=1 LUT2=1 LUT4=1 LUT5=1)
  Clock Path Skew:        -0.145ns (DCD - SCD + CPR)
    Destination Clock Delay (DCD):    2.670ns = ( 16.003 - 13.333 ) 
    Source Clock Delay      (SCD):    2.935ns
    Clock Pessimism Removal (CPR):    0.120ns
  Clock Uncertainty:      0.035ns  ((TSJ^2 + TIJ^2)^1/2 + DJ) / 2 + PE
    Total System Jitter     (TSJ):    0.071ns
    Total Input Jitter      (TIJ):    0.000ns
    Discrete Jitter          (DJ):    0.000ns
    Phase Error              (PE):    0.000ns

    Location             Delay type                Incr(ns)  Path(ns)    Netlist Resource(s)
  -------------------------------------------------------------------    -------------------
                         (clock sys_clk rise edge)    0.000     0.000 r  
    H16                                               0.000     0.000 r  clk (IN)
                         net (fo=0)                   0.000     0.000    clk
    H16                  IBUF (Prop_ibuf_I_O)         1.451     1.451 r  clk_IBUF_inst/O
                         net (fo=1, unplaced)         0.800     2.250    clk_IBUF
                         BUFG (Prop_bufg_I_O)         0.101     2.351 r  clk_IBUF_BUFG_inst/O
                         net (fo=2453, unplaced)      0.584     2.935    u_conv/clk_IBUF_BUFG
                         FDRE                                         r  u_conv/y_reg[1]/C
  -------------------------------------------------------------------    -------------------
                         FDRE (Prop_fdre_C_Q)         0.478     3.413 r  u_conv/y_reg[1]/Q
                         net (fo=7, unplaced)         0.776     4.189    u_conv/y_reg[1]
                         LUT4 (Prop_lut4_I1_O)        0.295     4.484 r  u_conv/tag0_is_pad5_carry_i_6/O
                         net (fo=1, unplaced)         0.000     4.484    u_conv/tag0_is_pad5_carry_i_6_n_0
                         CARRY4 (Prop_carry4_S[1]_CO[3])
                                                      0.533     5.017 r  u_conv/tag0_is_pad5_carry/CO[3]
                         net (fo=1, unplaced)         0.009     5.026    u_conv/tag0_is_pad5_carry_n_0
                         CARRY4 (Prop_carry4_CI_O[1])
                                                      0.337     5.363 r  u_conv/tag0_is_pad5_carry__0/O[1]
                         net (fo=1, unplaced)         0.715     6.078    u_conv/tag0_is_pad5_carry__0_n_6
                         CARRY4 (Prop_carry4_S[1]_CO[3])
                                                      0.839     6.917 r  u_conv/fm_rd_addr0__0_i_22/CO[3]
                         net (fo=1, unplaced)         0.000     6.917    u_conv/fm_rd_addr0__0_i_22_n_0
                         CARRY4 (Prop_carry4_CI_O[3])
                                                      0.331     7.248 r  u_conv/fm_rd_addr0__0_i_21/O[3]
                         net (fo=1, unplaced)         0.618     7.866    u_conv/PCOUT[11]
                         LUT2 (Prop_lut2_I1_O)        0.307     8.173 r  u_conv/fm_rd_addr0__0_i_8/O
                         net (fo=1, unplaced)         0.000     8.173    u_conv/fm_rd_addr0__0_i_8_n_0
                         CARRY4 (Prop_carry4_S[3]_CO[3])
                                                      0.376     8.549 r  u_conv/fm_rd_addr0__0_i_2/CO[3]
                         net (fo=1, unplaced)         0.000     8.549    u_conv/fm_rd_addr0__0_i_2_n_0
                         CARRY4 (Prop_carry4_CI_O[1])
                                                      0.337     8.886 r  u_conv/fm_rd_addr0__0_i_1/O[1]
                         net (fo=3, unplaced)         0.800     9.686    u_conv/fm_rd_addr0__0_i_1_n_6
                         DSP48E1 (Prop_dsp48e1_A[13]_P[11])
                                                      4.020    13.706 r  u_conv/fm_rd_addr0__0/P[11]
                         net (fo=2, unplaced)         0.800    14.506    u_seq/mem_reg_1_3[11]
                         LUT5 (Prop_lut5_I0_O)        0.124    14.630 r  u_seq/mem_reg_0_0_i_21/O
                         net (fo=16, unplaced)        0.800    15.430    u_ram_a/ADDRBWRADDR[11]
                         RAMB36E1                                     r  u_ram_a/mem_reg_0_0/ADDRBWRADDR[11]
  -------------------------------------------------------------------    -------------------

                         (clock sys_clk rise edge)   13.333    13.333 r  
    H16                                               0.000    13.333 r  clk (IN)
                         net (fo=0)                   0.000    13.333    clk
    H16                  IBUF (Prop_ibuf_I_O)         1.380    14.713 r  clk_IBUF_inst/O
                         net (fo=1, unplaced)         0.760    15.473    clk_IBUF
                         BUFG (Prop_bufg_I_O)         0.091    15.564 r  clk_IBUF_BUFG_inst/O
                         net (fo=2453, unplaced)      0.439    16.003    u_ram_a/clk_IBUF_BUFG
                         RAMB36E1                                     r  u_ram_a/mem_reg_0_0/CLKBWRCLK
                         clock pessimism              0.120    16.123    
                         clock uncertainty           -0.035    16.088    
                         RAMB36E1 (Setup_ramb36e1_CLKBWRCLK_ADDRBWRADDR[11])
                                                     -0.566    15.522    u_ram_a/mem_reg_0_0
  -------------------------------------------------------------------
                         required time                         15.522    
                         arrival time                         -15.430    
  -------------------------------------------------------------------
                         slack                                  0.093    

Slack (MET) :             0.093ns  (required time - arrival time)
  Source:                 u_conv/y_reg[1]/C
                            (rising edge-triggered cell FDRE clocked by sys_clk  {rise@0.000ns fall@6.667ns period=13.333ns})
  Destination:            u_ram_a/mem_reg_0_0/ADDRBWRADDR[12]
                            (rising edge-triggered cell RAMB36E1 clocked by sys_clk  {rise@0.000ns fall@6.667ns period=13.333ns})
  Path Group:             sys_clk
  Path Type:              Setup (Max at Slow Process Corner)
  Requirement:            13.333ns  (sys_clk rise@13.333ns - sys_clk rise@0.000ns)
  Data Path Delay:        12.494ns  (logic 7.977ns (63.846%)  route 4.517ns (36.154%))
  Logic Levels:           10  (CARRY4=6 DSP48E1=1 LUT2=1 LUT4=1 LUT5=1)
  Clock Path Skew:        -0.145ns (DCD - SCD + CPR)
    Destination Clock Delay (DCD):    2.670ns = ( 16.003 - 13.333 ) 
    Source Clock Delay      (SCD):    2.935ns
    Clock Pessimism Removal (CPR):    0.120ns
  Clock Uncertainty:      0.035ns  ((TSJ^2 + TIJ^2)^1/2 + DJ) / 2 + PE
    Total System Jitter     (TSJ):    0.071ns
    Total Input Jitter      (TIJ):    0.000ns
    Discrete Jitter          (DJ):    0.000ns
    Phase Error              (PE):    0.000ns

    Location             Delay type                Incr(ns)  Path(ns)    Netlist Resource(s)
  -------------------------------------------------------------------    -------------------
                         (clock sys_clk rise edge)    0.000     0.000 r  
    H16                                               0.000     0.000 r  clk (IN)
                         net (fo=0)                   0.000     0.000    clk
    H16                  IBUF (Prop_ibuf_I_O)         1.451     1.451 r  clk_IBUF_inst/O
                         net (fo=1, unplaced)         0.800     2.250    clk_IBUF
                         BUFG (Prop_bufg_I_O)         0.101     2.351 r  clk_IBUF_BUFG_inst/O
                         net (fo=2453, unplaced)      0.584     2.935    u_conv/clk_IBUF_BUFG
                         FDRE                                         r  u_conv/y_reg[1]/C
  -------------------------------------------------------------------    -------------------
                         FDRE (Prop_fdre_C_Q)         0.478     3.413 r  u_conv/y_reg[1]/Q
                         net (fo=7, unplaced)         0.776     4.189    u_conv/y_reg[1]
                         LUT4 (Prop_lut4_I1_O)        0.295     4.484 r  u_conv/tag0_is_pad5_carry_i_6/O
                         net (fo=1, unplaced)         0.000     4.484    u_conv/tag0_is_pad5_carry_i_6_n_0
                         CARRY4 (Prop_carry4_S[1]_CO[3])
                                                      0.533     5.017 r  u_conv/tag0_is_pad5_carry/CO[3]
                         net (fo=1, unplaced)         0.009     5.026    u_conv/tag0_is_pad5_carry_n_0
                         CARRY4 (Prop_carry4_CI_O[1])
                                                      0.337     5.363 r  u_conv/tag0_is_pad5_carry__0/O[1]
                         net (fo=1, unplaced)         0.715     6.078    u_conv/tag0_is_pad5_carry__0_n_6
                         CARRY4 (Prop_carry4_S[1]_CO[3])
                                                      0.839     6.917 r  u_conv/fm_rd_addr0__0_i_22/CO[3]
                         net (fo=1, unplaced)         0.000     6.917    u_conv/fm_rd_addr0__0_i_22_n_0
                         CARRY4 (Prop_carry4_CI_O[3])
                                                      0.331     7.248 r  u_conv/fm_rd_addr0__0_i_21/O[3]
                         net (fo=1, unplaced)         0.618     7.866    u_conv/PCOUT[11]
                         LUT2 (Prop_lut2_I1_O)        0.307     8.173 r  u_conv/fm_rd_addr0__0_i_8/O
                         net (fo=1, unplaced)         0.000     8.173    u_conv/fm_rd_addr0__0_i_8_n_0
                         CARRY4 (Prop_carry4_S[3]_CO[3])
                                                      0.376     8.549 r  u_conv/fm_rd_addr0__0_i_2/CO[3]
                         net (fo=1, unplaced)         0.000     8.549    u_conv/fm_rd_addr0__0_i_2_n_0
                         CARRY4 (Prop_carry4_CI_O[1])
                                                      0.337     8.886 r  u_conv/fm_rd_addr0__0_i_1/O[1]
                         net (fo=3, unplaced)         0.800     9.686    u_conv/fm_rd_addr0__0_i_1_n_6
                         DSP48E1 (Prop_dsp48e1_A[13]_P[12])
                                                      4.020    13.706 r  u_conv/fm_rd_addr0__0/P[12]
                         net (fo=2, unplaced)         0.800    14.506    u_seq/mem_reg_1_3[12]
                         LUT5 (Prop_lut5_I0_O)        0.124    14.630 r  u_seq/mem_reg_0_0_i_20/O
                         net (fo=16, unplaced)        0.800    15.430    u_ram_a/ADDRBWRADDR[12]
                         RAMB36E1                                     r  u_ram_a/mem_reg_0_0/ADDRBWRADDR[12]
  -------------------------------------------------------------------    -------------------

                         (clock sys_clk rise edge)   13.333    13.333 r  
    H16                                               0.000    13.333 r  clk (IN)
                         net (fo=0)                   0.000    13.333    clk
    H16                  IBUF (Prop_ibuf_I_O)         1.380    14.713 r  clk_IBUF_inst/O
                         net (fo=1, unplaced)         0.760    15.473    clk_IBUF
                         BUFG (Prop_bufg_I_O)         0.091    15.564 r  clk_IBUF_BUFG_inst/O
                         net (fo=2453, unplaced)      0.439    16.003    u_ram_a/clk_IBUF_BUFG
                         RAMB36E1                                     r  u_ram_a/mem_reg_0_0/CLKBWRCLK
                         clock pessimism              0.120    16.123    
                         clock uncertainty           -0.035    16.088    
                         RAMB36E1 (Setup_ramb36e1_CLKBWRCLK_ADDRBWRADDR[12])
                                                     -0.566    15.522    u_ram_a/mem_reg_0_0
  -------------------------------------------------------------------
                         required time                         15.522    
                         arrival time                         -15.430    
  -------------------------------------------------------------------
                         slack                                  0.093    

Slack (MET) :             0.093ns  (required time - arrival time)
  Source:                 u_conv/y_reg[1]/C
                            (rising edge-triggered cell FDRE clocked by sys_clk  {rise@0.000ns fall@6.667ns period=13.333ns})
  Destination:            u_ram_a/mem_reg_0_0/ADDRBWRADDR[13]
                            (rising edge-triggered cell RAMB36E1 clocked by sys_clk  {rise@0.000ns fall@6.667ns period=13.333ns})
  Path Group:             sys_clk
  Path Type:              Setup (Max at Slow Process Corner)
  Requirement:            13.333ns  (sys_clk rise@13.333ns - sys_clk rise@0.000ns)
  Data Path Delay:        12.494ns  (logic 7.977ns (63.846%)  route 4.517ns (36.154%))
  Logic Levels:           10  (CARRY4=6 DSP48E1=1 LUT2=1 LUT4=1 LUT5=1)
  Clock Path Skew:        -0.145ns (DCD - SCD + CPR)
    Destination Clock Delay (DCD):    2.670ns = ( 16.003 - 13.333 ) 
    Source Clock Delay      (SCD):    2.935ns
    Clock Pessimism Removal (CPR):    0.120ns
  Clock Uncertainty:      0.035ns  ((TSJ^2 + TIJ^2)^1/2 + DJ) / 2 + PE
    Total System Jitter     (TSJ):    0.071ns
    Total Input Jitter      (TIJ):    0.000ns
    Discrete Jitter          (DJ):    0.000ns
    Phase Error              (PE):    0.000ns

    Location             Delay type                Incr(ns)  Path(ns)    Netlist Resource(s)
  -------------------------------------------------------------------    -------------------
                         (clock sys_clk rise edge)    0.000     0.000 r  
    H16                                               0.000     0.000 r  clk (IN)
                         net (fo=0)                   0.000     0.000    clk
    H16                  IBUF (Prop_ibuf_I_O)         1.451     1.451 r  clk_IBUF_inst/O
                         net (fo=1, unplaced)         0.800     2.250    clk_IBUF
                         BUFG (Prop_bufg_I_O)         0.101     2.351 r  clk_IBUF_BUFG_inst/O
                         net (fo=2453, unplaced)      0.584     2.935    u_conv/clk_IBUF_BUFG
                         FDRE                                         r  u_conv/y_reg[1]/C
  -------------------------------------------------------------------    -------------------
                         FDRE (Prop_fdre_C_Q)         0.478     3.413 r  u_conv/y_reg[1]/Q
                         net (fo=7, unplaced)         0.776     4.189    u_conv/y_reg[1]
                         LUT4 (Prop_lut4_I1_O)        0.295     4.484 r  u_conv/tag0_is_pad5_carry_i_6/O
                         net (fo=1, unplaced)         0.000     4.484    u_conv/tag0_is_pad5_carry_i_6_n_0
                         CARRY4 (Prop_carry4_S[1]_CO[3])
                                                      0.533     5.017 r  u_conv/tag0_is_pad5_carry/CO[3]
                         net (fo=1, unplaced)         0.009     5.026    u_conv/tag0_is_pad5_carry_n_0
                         CARRY4 (Prop_carry4_CI_O[1])
                                                      0.337     5.363 r  u_conv/tag0_is_pad5_carry__0/O[1]
                         net (fo=1, unplaced)         0.715     6.078    u_conv/tag0_is_pad5_carry__0_n_6
                         CARRY4 (Prop_carry4_S[1]_CO[3])
                                                      0.839     6.917 r  u_conv/fm_rd_addr0__0_i_22/CO[3]
                         net (fo=1, unplaced)         0.000     6.917    u_conv/fm_rd_addr0__0_i_22_n_0
                         CARRY4 (Prop_carry4_CI_O[3])
                                                      0.331     7.248 r  u_conv/fm_rd_addr0__0_i_21/O[3]
                         net (fo=1, unplaced)         0.618     7.866    u_conv/PCOUT[11]
                         LUT2 (Prop_lut2_I1_O)        0.307     8.173 r  u_conv/fm_rd_addr0__0_i_8/O
                         net (fo=1, unplaced)         0.000     8.173    u_conv/fm_rd_addr0__0_i_8_n_0
                         CARRY4 (Prop_carry4_S[3]_CO[3])
                                                      0.376     8.549 r  u_conv/fm_rd_addr0__0_i_2/CO[3]
                         net (fo=1, unplaced)         0.000     8.549    u_conv/fm_rd_addr0__0_i_2_n_0
                         CARRY4 (Prop_carry4_CI_O[1])
                                                      0.337     8.886 r  u_conv/fm_rd_addr0__0_i_1/O[1]
                         net (fo=3, unplaced)         0.800     9.686    u_conv/fm_rd_addr0__0_i_1_n_6
                         DSP48E1 (Prop_dsp48e1_A[13]_P[13])
                                                      4.020    13.706 r  u_conv/fm_rd_addr0__0/P[13]
                         net (fo=2, unplaced)         0.800    14.506    u_seq/mem_reg_1_3[13]
                         LUT5 (Prop_lut5_I0_O)        0.124    14.630 r  u_seq/mem_reg_0_0_i_19/O
                         net (fo=16, unplaced)        0.800    15.430    u_ram_a/ADDRBWRADDR[13]
                         RAMB36E1                                     r  u_ram_a/mem_reg_0_0/ADDRBWRADDR[13]
  -------------------------------------------------------------------    -------------------

                         (clock sys_clk rise edge)   13.333    13.333 r  
    H16                                               0.000    13.333 r  clk (IN)
                         net (fo=0)                   0.000    13.333    clk
    H16                  IBUF (Prop_ibuf_I_O)         1.380    14.713 r  clk_IBUF_inst/O
                         net (fo=1, unplaced)         0.760    15.473    clk_IBUF
                         BUFG (Prop_bufg_I_O)         0.091    15.564 r  clk_IBUF_BUFG_inst/O
                         net (fo=2453, unplaced)      0.439    16.003    u_ram_a/clk_IBUF_BUFG
                         RAMB36E1                                     r  u_ram_a/mem_reg_0_0/CLKBWRCLK
                         clock pessimism              0.120    16.123    
                         clock uncertainty           -0.035    16.088    
                         RAMB36E1 (Setup_ramb36e1_CLKBWRCLK_ADDRBWRADDR[13])
                                                     -0.566    15.522    u_ram_a/mem_reg_0_0
  -------------------------------------------------------------------
                         required time                         15.522    
                         arrival time                         -15.430    
  -------------------------------------------------------------------
                         slack                                  0.093    

Slack (MET) :             0.093ns  (required time - arrival time)
  Source:                 u_conv/y_reg[1]/C
                            (rising edge-triggered cell FDRE clocked by sys_clk  {rise@0.000ns fall@6.667ns period=13.333ns})
  Destination:            u_ram_a/mem_reg_0_0/ADDRBWRADDR[14]
                            (rising edge-triggered cell RAMB36E1 clocked by sys_clk  {rise@0.000ns fall@6.667ns period=13.333ns})
  Path Group:             sys_clk
  Path Type:              Setup (Max at Slow Process Corner)
  Requirement:            13.333ns  (sys_clk rise@13.333ns - sys_clk rise@0.000ns)
  Data Path Delay:        12.494ns  (logic 7.977ns (63.846%)  route 4.517ns (36.154%))
  Logic Levels:           10  (CARRY4=6 DSP48E1=1 LUT2=1 LUT4=1 LUT5=1)
  Clock Path Skew:        -0.145ns (DCD - SCD + CPR)
    Destination Clock Delay (DCD):    2.670ns = ( 16.003 - 13.333 ) 
    Source Clock Delay      (SCD):    2.935ns
    Clock Pessimism Removal (CPR):    0.120ns
  Clock Uncertainty:      0.035ns  ((TSJ^2 + TIJ^2)^1/2 + DJ) / 2 + PE
    Total System Jitter     (TSJ):    0.071ns
    Total Input Jitter      (TIJ):    0.000ns
    Discrete Jitter          (DJ):    0.000ns
    Phase Error              (PE):    0.000ns

    Location             Delay type                Incr(ns)  Path(ns)    Netlist Resource(s)
  -------------------------------------------------------------------    -------------------
                         (clock sys_clk rise edge)    0.000     0.000 r  
    H16                                               0.000     0.000 r  clk (IN)
                         net (fo=0)                   0.000     0.000    clk
    H16                  IBUF (Prop_ibuf_I_O)         1.451     1.451 r  clk_IBUF_inst/O
                         net (fo=1, unplaced)         0.800     2.250    clk_IBUF
                         BUFG (Prop_bufg_I_O)         0.101     2.351 r  clk_IBUF_BUFG_inst/O
                         net (fo=2453, unplaced)      0.584     2.935    u_conv/clk_IBUF_BUFG
                         FDRE                                         r  u_conv/y_reg[1]/C
  -------------------------------------------------------------------    -------------------
                         FDRE (Prop_fdre_C_Q)         0.478     3.413 r  u_conv/y_reg[1]/Q
                         net (fo=7, unplaced)         0.776     4.189    u_conv/y_reg[1]
                         LUT4 (Prop_lut4_I1_O)        0.295     4.484 r  u_conv/tag0_is_pad5_carry_i_6/O
                         net (fo=1, unplaced)         0.000     4.484    u_conv/tag0_is_pad5_carry_i_6_n_0
                         CARRY4 (Prop_carry4_S[1]_CO[3])
                                                      0.533     5.017 r  u_conv/tag0_is_pad5_carry/CO[3]
                         net (fo=1, unplaced)         0.009     5.026    u_conv/tag0_is_pad5_carry_n_0
                         CARRY4 (Prop_carry4_CI_O[1])
                                                      0.337     5.363 r  u_conv/tag0_is_pad5_carry__0/O[1]
                         net (fo=1, unplaced)         0.715     6.078    u_conv/tag0_is_pad5_carry__0_n_6
                         CARRY4 (Prop_carry4_S[1]_CO[3])
                                                      0.839     6.917 r  u_conv/fm_rd_addr0__0_i_22/CO[3]
                         net (fo=1, unplaced)         0.000     6.917    u_conv/fm_rd_addr0__0_i_22_n_0
                         CARRY4 (Prop_carry4_CI_O[3])
                                                      0.331     7.248 r  u_conv/fm_rd_addr0__0_i_21/O[3]
                         net (fo=1, unplaced)         0.618     7.866    u_conv/PCOUT[11]
                         LUT2 (Prop_lut2_I1_O)        0.307     8.173 r  u_conv/fm_rd_addr0__0_i_8/O
                         net (fo=1, unplaced)         0.000     8.173    u_conv/fm_rd_addr0__0_i_8_n_0
                         CARRY4 (Prop_carry4_S[3]_CO[3])
                                                      0.376     8.549 r  u_conv/fm_rd_addr0__0_i_2/CO[3]
                         net (fo=1, unplaced)         0.000     8.549    u_conv/fm_rd_addr0__0_i_2_n_0
                         CARRY4 (Prop_carry4_CI_O[1])
                                                      0.337     8.886 r  u_conv/fm_rd_addr0__0_i_1/O[1]
                         net (fo=3, unplaced)         0.800     9.686    u_conv/fm_rd_addr0__0_i_1_n_6
                         DSP48E1 (Prop_dsp48e1_A[13]_P[14])
                                                      4.020    13.706 r  u_conv/fm_rd_addr0__0/P[14]
                         net (fo=2, unplaced)         0.800    14.506    u_seq/mem_reg_1_3[14]
                         LUT5 (Prop_lut5_I0_O)        0.124    14.630 r  u_seq/mem_reg_0_0_i_18/O
                         net (fo=16, unplaced)        0.800    15.430    u_ram_a/ADDRBWRADDR[14]
                         RAMB36E1                                     r  u_ram_a/mem_reg_0_0/ADDRBWRADDR[14]
  -------------------------------------------------------------------    -------------------

                         (clock sys_clk rise edge)   13.333    13.333 r  
    H16                                               0.000    13.333 r  clk (IN)
                         net (fo=0)                   0.000    13.333    clk
    H16                  IBUF (Prop_ibuf_I_O)         1.380    14.713 r  clk_IBUF_inst/O
                         net (fo=1, unplaced)         0.760    15.473    clk_IBUF
                         BUFG (Prop_bufg_I_O)         0.091    15.564 r  clk_IBUF_BUFG_inst/O
                         net (fo=2453, unplaced)      0.439    16.003    u_ram_a/clk_IBUF_BUFG
                         RAMB36E1                                     r  u_ram_a/mem_reg_0_0/CLKBWRCLK
                         clock pessimism              0.120    16.123    
                         clock uncertainty           -0.035    16.088    
                         RAMB36E1 (Setup_ramb36e1_CLKBWRCLK_ADDRBWRADDR[14])
                                                     -0.566    15.522    u_ram_a/mem_reg_0_0
  -------------------------------------------------------------------
                         required time                         15.522    
                         arrival time                         -15.430    
  -------------------------------------------------------------------
                         slack                                  0.093    

Slack (MET) :             0.093ns  (required time - arrival time)
  Source:                 u_conv/y_reg[1]/C
                            (rising edge-triggered cell FDRE clocked by sys_clk  {rise@0.000ns fall@6.667ns period=13.333ns})
  Destination:            u_ram_a/mem_reg_0_0/ADDRBWRADDR[1]
                            (rising edge-triggered cell RAMB36E1 clocked by sys_clk  {rise@0.000ns fall@6.667ns period=13.333ns})
  Path Group:             sys_clk
  Path Type:              Setup (Max at Slow Process Corner)
  Requirement:            13.333ns  (sys_clk rise@13.333ns - sys_clk rise@0.000ns)
  Data Path Delay:        12.494ns  (logic 7.977ns (63.846%)  route 4.517ns (36.154%))
  Logic Levels:           10  (CARRY4=6 DSP48E1=1 LUT2=1 LUT4=1 LUT5=1)
  Clock Path Skew:        -0.145ns (DCD - SCD + CPR)
    Destination Clock Delay (DCD):    2.670ns = ( 16.003 - 13.333 ) 
    Source Clock Delay      (SCD):    2.935ns
    Clock Pessimism Removal (CPR):    0.120ns
  Clock Uncertainty:      0.035ns  ((TSJ^2 + TIJ^2)^1/2 + DJ) / 2 + PE
    Total System Jitter     (TSJ):    0.071ns
    Total Input Jitter      (TIJ):    0.000ns
    Discrete Jitter          (DJ):    0.000ns
    Phase Error              (PE):    0.000ns

    Location             Delay type                Incr(ns)  Path(ns)    Netlist Resource(s)
  -------------------------------------------------------------------    -------------------
                         (clock sys_clk rise edge)    0.000     0.000 r  
    H16                                               0.000     0.000 r  clk (IN)
                         net (fo=0)                   0.000     0.000    clk
    H16                  IBUF (Prop_ibuf_I_O)         1.451     1.451 r  clk_IBUF_inst/O
                         net (fo=1, unplaced)         0.800     2.250    clk_IBUF
                         BUFG (Prop_bufg_I_O)         0.101     2.351 r  clk_IBUF_BUFG_inst/O
                         net (fo=2453, unplaced)      0.584     2.935    u_conv/clk_IBUF_BUFG
                         FDRE                                         r  u_conv/y_reg[1]/C
  -------------------------------------------------------------------    -------------------
                         FDRE (Prop_fdre_C_Q)         0.478     3.413 r  u_conv/y_reg[1]/Q
                         net (fo=7, unplaced)         0.776     4.189    u_conv/y_reg[1]
                         LUT4 (Prop_lut4_I1_O)        0.295     4.484 r  u_conv/tag0_is_pad5_carry_i_6/O
                         net (fo=1, unplaced)         0.000     4.484    u_conv/tag0_is_pad5_carry_i_6_n_0
                         CARRY4 (Prop_carry4_S[1]_CO[3])
                                                      0.533     5.017 r  u_conv/tag0_is_pad5_carry/CO[3]
                         net (fo=1, unplaced)         0.009     5.026    u_conv/tag0_is_pad5_carry_n_0
                         CARRY4 (Prop_carry4_CI_O[1])
                                                      0.337     5.363 r  u_conv/tag0_is_pad5_carry__0/O[1]
                         net (fo=1, unplaced)         0.715     6.078    u_conv/tag0_is_pad5_carry__0_n_6
                         CARRY4 (Prop_carry4_S[1]_CO[3])
                                                      0.839     6.917 r  u_conv/fm_rd_addr0__0_i_22/CO[3]
                         net (fo=1, unplaced)         0.000     6.917    u_conv/fm_rd_addr0__0_i_22_n_0
                         CARRY4 (Prop_carry4_CI_O[3])
                                                      0.331     7.248 r  u_conv/fm_rd_addr0__0_i_21/O[3]
                         net (fo=1, unplaced)         0.618     7.866    u_conv/PCOUT[11]
                         LUT2 (Prop_lut2_I1_O)        0.307     8.173 r  u_conv/fm_rd_addr0__0_i_8/O
                         net (fo=1, unplaced)         0.000     8.173    u_conv/fm_rd_addr0__0_i_8_n_0
                         CARRY4 (Prop_carry4_S[3]_CO[3])
                                                      0.376     8.549 r  u_conv/fm_rd_addr0__0_i_2/CO[3]
                         net (fo=1, unplaced)         0.000     8.549    u_conv/fm_rd_addr0__0_i_2_n_0
                         CARRY4 (Prop_carry4_CI_O[1])
                                                      0.337     8.886 r  u_conv/fm_rd_addr0__0_i_1/O[1]
                         net (fo=3, unplaced)         0.800     9.686    u_conv/fm_rd_addr0__0_i_1_n_6
                         DSP48E1 (Prop_dsp48e1_A[13]_P[1])
                                                      4.020    13.706 r  u_conv/fm_rd_addr0__0/P[1]
                         net (fo=2, unplaced)         0.800    14.506    u_seq/mem_reg_1_3[1]
                         LUT5 (Prop_lut5_I0_O)        0.124    14.630 r  u_seq/mem_reg_0_0_i_31/O
                         net (fo=16, unplaced)        0.800    15.430    u_ram_a/ADDRBWRADDR[1]
                         RAMB36E1                                     r  u_ram_a/mem_reg_0_0/ADDRBWRADDR[1]
  -------------------------------------------------------------------    -------------------

                         (clock sys_clk rise edge)   13.333    13.333 r  
    H16                                               0.000    13.333 r  clk (IN)
                         net (fo=0)                   0.000    13.333    clk
    H16                  IBUF (Prop_ibuf_I_O)         1.380    14.713 r  clk_IBUF_inst/O
                         net (fo=1, unplaced)         0.760    15.473    clk_IBUF
                         BUFG (Prop_bufg_I_O)         0.091    15.564 r  clk_IBUF_BUFG_inst/O
                         net (fo=2453, unplaced)      0.439    16.003    u_ram_a/clk_IBUF_BUFG
                         RAMB36E1                                     r  u_ram_a/mem_reg_0_0/CLKBWRCLK
                         clock pessimism              0.120    16.123    
                         clock uncertainty           -0.035    16.088    
                         RAMB36E1 (Setup_ramb36e1_CLKBWRCLK_ADDRBWRADDR[1])
                                                     -0.566    15.522    u_ram_a/mem_reg_0_0
  -------------------------------------------------------------------
                         required time                         15.522    
                         arrival time                         -15.430    
  -------------------------------------------------------------------
                         slack                                  0.093    

Slack (MET) :             0.093ns  (required time - arrival time)
  Source:                 u_conv/y_reg[1]/C
                            (rising edge-triggered cell FDRE clocked by sys_clk  {rise@0.000ns fall@6.667ns period=13.333ns})
  Destination:            u_ram_a/mem_reg_0_0/ADDRBWRADDR[2]
                            (rising edge-triggered cell RAMB36E1 clocked by sys_clk  {rise@0.000ns fall@6.667ns period=13.333ns})
  Path Group:             sys_clk
  Path Type:              Setup (Max at Slow Process Corner)
  Requirement:            13.333ns  (sys_clk rise@13.333ns - sys_clk rise@0.000ns)
  Data Path Delay:        12.494ns  (logic 7.977ns (63.846%)  route 4.517ns (36.154%))
  Logic Levels:           10  (CARRY4=6 DSP48E1=1 LUT2=1 LUT4=1 LUT5=1)
  Clock Path Skew:        -0.145ns (DCD - SCD + CPR)
    Destination Clock Delay (DCD):    2.670ns = ( 16.003 - 13.333 ) 
    Source Clock Delay      (SCD):    2.935ns
    Clock Pessimism Removal (CPR):    0.120ns
  Clock Uncertainty:      0.035ns  ((TSJ^2 + TIJ^2)^1/2 + DJ) / 2 + PE
    Total System Jitter     (TSJ):    0.071ns
    Total Input Jitter      (TIJ):    0.000ns
    Discrete Jitter          (DJ):    0.000ns
    Phase Error              (PE):    0.000ns

    Location             Delay type                Incr(ns)  Path(ns)    Netlist Resource(s)
  -------------------------------------------------------------------    -------------------
                         (clock sys_clk rise edge)    0.000     0.000 r  
    H16                                               0.000     0.000 r  clk (IN)
                         net (fo=0)                   0.000     0.000    clk
    H16                  IBUF (Prop_ibuf_I_O)         1.451     1.451 r  clk_IBUF_inst/O
                         net (fo=1, unplaced)         0.800     2.250    clk_IBUF
                         BUFG (Prop_bufg_I_O)         0.101     2.351 r  clk_IBUF_BUFG_inst/O
                         net (fo=2453, unplaced)      0.584     2.935    u_conv/clk_IBUF_BUFG
                         FDRE                                         r  u_conv/y_reg[1]/C
  -------------------------------------------------------------------    -------------------
                         FDRE (Prop_fdre_C_Q)         0.478     3.413 r  u_conv/y_reg[1]/Q
                         net (fo=7, unplaced)         0.776     4.189    u_conv/y_reg[1]
                         LUT4 (Prop_lut4_I1_O)        0.295     4.484 r  u_conv/tag0_is_pad5_carry_i_6/O
                         net (fo=1, unplaced)         0.000     4.484    u_conv/tag0_is_pad5_carry_i_6_n_0
                         CARRY4 (Prop_carry4_S[1]_CO[3])
                                                      0.533     5.017 r  u_conv/tag0_is_pad5_carry/CO[3]
                         net (fo=1, unplaced)         0.009     5.026    u_conv/tag0_is_pad5_carry_n_0
                         CARRY4 (Prop_carry4_CI_O[1])
                                                      0.337     5.363 r  u_conv/tag0_is_pad5_carry__0/O[1]
                         net (fo=1, unplaced)         0.715     6.078    u_conv/tag0_is_pad5_carry__0_n_6
                         CARRY4 (Prop_carry4_S[1]_CO[3])
                                                      0.839     6.917 r  u_conv/fm_rd_addr0__0_i_22/CO[3]
                         net (fo=1, unplaced)         0.000     6.917    u_conv/fm_rd_addr0__0_i_22_n_0
                         CARRY4 (Prop_carry4_CI_O[3])
                                                      0.331     7.248 r  u_conv/fm_rd_addr0__0_i_21/O[3]
                         net (fo=1, unplaced)         0.618     7.866    u_conv/PCOUT[11]
                         LUT2 (Prop_lut2_I1_O)        0.307     8.173 r  u_conv/fm_rd_addr0__0_i_8/O
                         net (fo=1, unplaced)         0.000     8.173    u_conv/fm_rd_addr0__0_i_8_n_0
                         CARRY4 (Prop_carry4_S[3]_CO[3])
                                                      0.376     8.549 r  u_conv/fm_rd_addr0__0_i_2/CO[3]
                         net (fo=1, unplaced)         0.000     8.549    u_conv/fm_rd_addr0__0_i_2_n_0
                         CARRY4 (Prop_carry4_CI_O[1])
                                                      0.337     8.886 r  u_conv/fm_rd_addr0__0_i_1/O[1]
                         net (fo=3, unplaced)         0.800     9.686    u_conv/fm_rd_addr0__0_i_1_n_6
                         DSP48E1 (Prop_dsp48e1_A[13]_P[2])
                                                      4.020    13.706 r  u_conv/fm_rd_addr0__0/P[2]
                         net (fo=2, unplaced)         0.800    14.506    u_seq/mem_reg_1_3[2]
                         LUT5 (Prop_lut5_I0_O)        0.124    14.630 r  u_seq/mem_reg_0_0_i_30/O
                         net (fo=16, unplaced)        0.800    15.430    u_ram_a/ADDRBWRADDR[2]
                         RAMB36E1                                     r  u_ram_a/mem_reg_0_0/ADDRBWRADDR[2]
  -------------------------------------------------------------------    -------------------

                         (clock sys_clk rise edge)   13.333    13.333 r  
    H16                                               0.000    13.333 r  clk (IN)
                         net (fo=0)                   0.000    13.333    clk
    H16                  IBUF (Prop_ibuf_I_O)         1.380    14.713 r  clk_IBUF_inst/O
                         net (fo=1, unplaced)         0.760    15.473    clk_IBUF
                         BUFG (Prop_bufg_I_O)         0.091    15.564 r  clk_IBUF_BUFG_inst/O
                         net (fo=2453, unplaced)      0.439    16.003    u_ram_a/clk_IBUF_BUFG
                         RAMB36E1                                     r  u_ram_a/mem_reg_0_0/CLKBWRCLK
                         clock pessimism              0.120    16.123    
                         clock uncertainty           -0.035    16.088    
                         RAMB36E1 (Setup_ramb36e1_CLKBWRCLK_ADDRBWRADDR[2])
                                                     -0.566    15.522    u_ram_a/mem_reg_0_0
  -------------------------------------------------------------------
                         required time                         15.522    
                         arrival time                         -15.430    
  -------------------------------------------------------------------
                         slack                                  0.093    

Slack (MET) :             0.093ns  (required time - arrival time)
  Source:                 u_conv/y_reg[1]/C
                            (rising edge-triggered cell FDRE clocked by sys_clk  {rise@0.000ns fall@6.667ns period=13.333ns})
  Destination:            u_ram_a/mem_reg_0_0/ADDRBWRADDR[3]
                            (rising edge-triggered cell RAMB36E1 clocked by sys_clk  {rise@0.000ns fall@6.667ns period=13.333ns})
  Path Group:             sys_clk
  Path Type:              Setup (Max at Slow Process Corner)
  Requirement:            13.333ns  (sys_clk rise@13.333ns - sys_clk rise@0.000ns)
  Data Path Delay:        12.494ns  (logic 7.977ns (63.846%)  route 4.517ns (36.154%))
  Logic Levels:           10  (CARRY4=6 DSP48E1=1 LUT2=1 LUT4=1 LUT5=1)
  Clock Path Skew:        -0.145ns (DCD - SCD + CPR)
    Destination Clock Delay (DCD):    2.670ns = ( 16.003 - 13.333 ) 
    Source Clock Delay      (SCD):    2.935ns
    Clock Pessimism Removal (CPR):    0.120ns
  Clock Uncertainty:      0.035ns  ((TSJ^2 + TIJ^2)^1/2 + DJ) / 2 + PE
    Total System Jitter     (TSJ):    0.071ns
    Total Input Jitter      (TIJ):    0.000ns
    Discrete Jitter          (DJ):    0.000ns
    Phase Error              (PE):    0.000ns

    Location             Delay type                Incr(ns)  Path(ns)    Netlist Resource(s)
  -------------------------------------------------------------------    -------------------
                         (clock sys_clk rise edge)    0.000     0.000 r  
    H16                                               0.000     0.000 r  clk (IN)
                         net (fo=0)                   0.000     0.000    clk
    H16                  IBUF (Prop_ibuf_I_O)         1.451     1.451 r  clk_IBUF_inst/O
                         net (fo=1, unplaced)         0.800     2.250    clk_IBUF
                         BUFG (Prop_bufg_I_O)         0.101     2.351 r  clk_IBUF_BUFG_inst/O
                         net (fo=2453, unplaced)      0.584     2.935    u_conv/clk_IBUF_BUFG
                         FDRE                                         r  u_conv/y_reg[1]/C
  -------------------------------------------------------------------    -------------------
                         FDRE (Prop_fdre_C_Q)         0.478     3.413 r  u_conv/y_reg[1]/Q
                         net (fo=7, unplaced)         0.776     4.189    u_conv/y_reg[1]
                         LUT4 (Prop_lut4_I1_O)        0.295     4.484 r  u_conv/tag0_is_pad5_carry_i_6/O
                         net (fo=1, unplaced)         0.000     4.484    u_conv/tag0_is_pad5_carry_i_6_n_0
                         CARRY4 (Prop_carry4_S[1]_CO[3])
                                                      0.533     5.017 r  u_conv/tag0_is_pad5_carry/CO[3]
                         net (fo=1, unplaced)         0.009     5.026    u_conv/tag0_is_pad5_carry_n_0
                         CARRY4 (Prop_carry4_CI_O[1])
                                                      0.337     5.363 r  u_conv/tag0_is_pad5_carry__0/O[1]
                         net (fo=1, unplaced)         0.715     6.078    u_conv/tag0_is_pad5_carry__0_n_6
                         CARRY4 (Prop_carry4_S[1]_CO[3])
                                                      0.839     6.917 r  u_conv/fm_rd_addr0__0_i_22/CO[3]
                         net (fo=1, unplaced)         0.000     6.917    u_conv/fm_rd_addr0__0_i_22_n_0
                         CARRY4 (Prop_carry4_CI_O[3])
                                                      0.331     7.248 r  u_conv/fm_rd_addr0__0_i_21/O[3]
                         net (fo=1, unplaced)         0.618     7.866    u_conv/PCOUT[11]
                         LUT2 (Prop_lut2_I1_O)        0.307     8.173 r  u_conv/fm_rd_addr0__0_i_8/O
                         net (fo=1, unplaced)         0.000     8.173    u_conv/fm_rd_addr0__0_i_8_n_0
                         CARRY4 (Prop_carry4_S[3]_CO[3])
                                                      0.376     8.549 r  u_conv/fm_rd_addr0__0_i_2/CO[3]
                         net (fo=1, unplaced)         0.000     8.549    u_conv/fm_rd_addr0__0_i_2_n_0
                         CARRY4 (Prop_carry4_CI_O[1])
                                                      0.337     8.886 r  u_conv/fm_rd_addr0__0_i_1/O[1]
                         net (fo=3, unplaced)         0.800     9.686    u_conv/fm_rd_addr0__0_i_1_n_6
                         DSP48E1 (Prop_dsp48e1_A[13]_P[3])
                                                      4.020    13.706 r  u_conv/fm_rd_addr0__0/P[3]
                         net (fo=2, unplaced)         0.800    14.506    u_seq/mem_reg_1_3[3]
                         LUT5 (Prop_lut5_I0_O)        0.124    14.630 r  u_seq/mem_reg_0_0_i_29/O
                         net (fo=16, unplaced)        0.800    15.430    u_ram_a/ADDRBWRADDR[3]
                         RAMB36E1                                     r  u_ram_a/mem_reg_0_0/ADDRBWRADDR[3]
  -------------------------------------------------------------------    -------------------

                         (clock sys_clk rise edge)   13.333    13.333 r  
    H16                                               0.000    13.333 r  clk (IN)
                         net (fo=0)                   0.000    13.333    clk
    H16                  IBUF (Prop_ibuf_I_O)         1.380    14.713 r  clk_IBUF_inst/O
                         net (fo=1, unplaced)         0.760    15.473    clk_IBUF
                         BUFG (Prop_bufg_I_O)         0.091    15.564 r  clk_IBUF_BUFG_inst/O
                         net (fo=2453, unplaced)      0.439    16.003    u_ram_a/clk_IBUF_BUFG
                         RAMB36E1                                     r  u_ram_a/mem_reg_0_0/CLKBWRCLK
                         clock pessimism              0.120    16.123    
                         clock uncertainty           -0.035    16.088    
                         RAMB36E1 (Setup_ramb36e1_CLKBWRCLK_ADDRBWRADDR[3])
                                                     -0.566    15.522    u_ram_a/mem_reg_0_0
  -------------------------------------------------------------------
                         required time                         15.522    
                         arrival time                         -15.430    
  -------------------------------------------------------------------
                         slack                                  0.093    

Slack (MET) :             0.093ns  (required time - arrival time)
  Source:                 u_conv/y_reg[1]/C
                            (rising edge-triggered cell FDRE clocked by sys_clk  {rise@0.000ns fall@6.667ns period=13.333ns})
  Destination:            u_ram_a/mem_reg_0_0/ADDRBWRADDR[4]
                            (rising edge-triggered cell RAMB36E1 clocked by sys_clk  {rise@0.000ns fall@6.667ns period=13.333ns})
  Path Group:             sys_clk
  Path Type:              Setup (Max at Slow Process Corner)
  Requirement:            13.333ns  (sys_clk rise@13.333ns - sys_clk rise@0.000ns)
  Data Path Delay:        12.494ns  (logic 7.977ns (63.846%)  route 4.517ns (36.154%))
  Logic Levels:           10  (CARRY4=6 DSP48E1=1 LUT2=1 LUT4=1 LUT5=1)
  Clock Path Skew:        -0.145ns (DCD - SCD + CPR)
    Destination Clock Delay (DCD):    2.670ns = ( 16.003 - 13.333 ) 
    Source Clock Delay      (SCD):    2.935ns
    Clock Pessimism Removal (CPR):    0.120ns
  Clock Uncertainty:      0.035ns  ((TSJ^2 + TIJ^2)^1/2 + DJ) / 2 + PE
    Total System Jitter     (TSJ):    0.071ns
    Total Input Jitter      (TIJ):    0.000ns
    Discrete Jitter          (DJ):    0.000ns
    Phase Error              (PE):    0.000ns

    Location             Delay type                Incr(ns)  Path(ns)    Netlist Resource(s)
  -------------------------------------------------------------------    -------------------
                         (clock sys_clk rise edge)    0.000     0.000 r  
    H16                                               0.000     0.000 r  clk (IN)
                         net (fo=0)                   0.000     0.000    clk
    H16                  IBUF (Prop_ibuf_I_O)         1.451     1.451 r  clk_IBUF_inst/O
                         net (fo=1, unplaced)         0.800     2.250    clk_IBUF
                         BUFG (Prop_bufg_I_O)         0.101     2.351 r  clk_IBUF_BUFG_inst/O
                         net (fo=2453, unplaced)      0.584     2.935    u_conv/clk_IBUF_BUFG
                         FDRE                                         r  u_conv/y_reg[1]/C
  -------------------------------------------------------------------    -------------------
                         FDRE (Prop_fdre_C_Q)         0.478     3.413 r  u_conv/y_reg[1]/Q
                         net (fo=7, unplaced)         0.776     4.189    u_conv/y_reg[1]
                         LUT4 (Prop_lut4_I1_O)        0.295     4.484 r  u_conv/tag0_is_pad5_carry_i_6/O
                         net (fo=1, unplaced)         0.000     4.484    u_conv/tag0_is_pad5_carry_i_6_n_0
                         CARRY4 (Prop_carry4_S[1]_CO[3])
                                                      0.533     5.017 r  u_conv/tag0_is_pad5_carry/CO[3]
                         net (fo=1, unplaced)         0.009     5.026    u_conv/tag0_is_pad5_carry_n_0
                         CARRY4 (Prop_carry4_CI_O[1])
                                                      0.337     5.363 r  u_conv/tag0_is_pad5_carry__0/O[1]
                         net (fo=1, unplaced)         0.715     6.078    u_conv/tag0_is_pad5_carry__0_n_6
                         CARRY4 (Prop_carry4_S[1]_CO[3])
                                                      0.839     6.917 r  u_conv/fm_rd_addr0__0_i_22/CO[3]
                         net (fo=1, unplaced)         0.000     6.917    u_conv/fm_rd_addr0__0_i_22_n_0
                         CARRY4 (Prop_carry4_CI_O[3])
                                                      0.331     7.248 r  u_conv/fm_rd_addr0__0_i_21/O[3]
                         net (fo=1, unplaced)         0.618     7.866    u_conv/PCOUT[11]
                         LUT2 (Prop_lut2_I1_O)        0.307     8.173 r  u_conv/fm_rd_addr0__0_i_8/O
                         net (fo=1, unplaced)         0.000     8.173    u_conv/fm_rd_addr0__0_i_8_n_0
                         CARRY4 (Prop_carry4_S[3]_CO[3])
                                                      0.376     8.549 r  u_conv/fm_rd_addr0__0_i_2/CO[3]
                         net (fo=1, unplaced)         0.000     8.549    u_conv/fm_rd_addr0__0_i_2_n_0
                         CARRY4 (Prop_carry4_CI_O[1])
                                                      0.337     8.886 r  u_conv/fm_rd_addr0__0_i_1/O[1]
                         net (fo=3, unplaced)         0.800     9.686    u_conv/fm_rd_addr0__0_i_1_n_6
                         DSP48E1 (Prop_dsp48e1_A[13]_P[4])
                                                      4.020    13.706 r  u_conv/fm_rd_addr0__0/P[4]
                         net (fo=2, unplaced)         0.800    14.506    u_seq/mem_reg_1_3[4]
                         LUT5 (Prop_lut5_I0_O)        0.124    14.630 r  u_seq/mem_reg_0_0_i_28/O
                         net (fo=16, unplaced)        0.800    15.430    u_ram_a/ADDRBWRADDR[4]
                         RAMB36E1                                     r  u_ram_a/mem_reg_0_0/ADDRBWRADDR[4]
  -------------------------------------------------------------------    -------------------

                         (clock sys_clk rise edge)   13.333    13.333 r  
    H16                                               0.000    13.333 r  clk (IN)
                         net (fo=0)                   0.000    13.333    clk
    H16                  IBUF (Prop_ibuf_I_O)         1.380    14.713 r  clk_IBUF_inst/O
                         net (fo=1, unplaced)         0.760    15.473    clk_IBUF
                         BUFG (Prop_bufg_I_O)         0.091    15.564 r  clk_IBUF_BUFG_inst/O
                         net (fo=2453, unplaced)      0.439    16.003    u_ram_a/clk_IBUF_BUFG
                         RAMB36E1                                     r  u_ram_a/mem_reg_0_0/CLKBWRCLK
                         clock pessimism              0.120    16.123    
                         clock uncertainty           -0.035    16.088    
                         RAMB36E1 (Setup_ramb36e1_CLKBWRCLK_ADDRBWRADDR[4])
                                                     -0.566    15.522    u_ram_a/mem_reg_0_0
  -------------------------------------------------------------------
                         required time                         15.522    
                         arrival time                         -15.430    
  -------------------------------------------------------------------
                         slack                                  0.093    





Min Delay Paths
--------------------------------------------------------------------------------------
Slack (MET) :             0.079ns  (arrival time - required time)
  Source:                 u_conv/tag_out_idx_reg[1][0]__0/C
                            (rising edge-triggered cell FDRE clocked by sys_clk  {rise@0.000ns fall@6.667ns period=13.333ns})
  Destination:            u_conv/tag_out_idx_reg[4][0]_srl3/D
                            (rising edge-triggered cell SRL16E clocked by sys_clk  {rise@0.000ns fall@6.667ns period=13.333ns})
  Path Group:             sys_clk
  Path Type:              Hold (Min at Fast Process Corner)
  Requirement:            0.000ns  (sys_clk rise@0.000ns - sys_clk rise@0.000ns)
  Data Path Delay:        0.288ns  (logic 0.147ns (51.079%)  route 0.141ns (48.921%))
  Logic Levels:           0  
  Clock Path Skew:        0.145ns (DCD - SCD - CPR)
    Destination Clock Delay (DCD):    1.049ns
    Source Clock Delay      (SCD):    0.696ns
    Clock Pessimism Removal (CPR):    0.208ns

    Location             Delay type                Incr(ns)  Path(ns)    Netlist Resource(s)
  -------------------------------------------------------------------    -------------------
                         (clock sys_clk rise edge)    0.000     0.000 r  
    H16                                               0.000     0.000 r  clk (IN)
                         net (fo=0)                   0.000     0.000    clk
    H16                  IBUF (Prop_ibuf_I_O)         0.219     0.219 r  clk_IBUF_inst/O
                         net (fo=1, unplaced)         0.337     0.556    clk_IBUF
                         BUFG (Prop_bufg_I_O)         0.026     0.582 r  clk_IBUF_BUFG_inst/O
                         net (fo=2453, unplaced)      0.114     0.696    u_conv/clk_IBUF_BUFG
                         FDRE                                         r  u_conv/tag_out_idx_reg[1][0]__0/C
  -------------------------------------------------------------------    -------------------
                         FDRE (Prop_fdre_C_Q)         0.147     0.843 r  u_conv/tag_out_idx_reg[1][0]__0/Q
                         net (fo=1, unplaced)         0.141     0.984    u_conv/tag_out_idx_reg[1][0]__0_n_0
                         SRL16E                                       r  u_conv/tag_out_idx_reg[4][0]_srl3/D
  -------------------------------------------------------------------    -------------------

                         (clock sys_clk rise edge)    0.000     0.000 r  
    H16                                               0.000     0.000 r  clk (IN)
                         net (fo=0)                   0.000     0.000    clk
    H16                  IBUF (Prop_ibuf_I_O)         0.406     0.406 r  clk_IBUF_inst/O
                         net (fo=1, unplaced)         0.355     0.761    clk_IBUF
                         BUFG (Prop_bufg_I_O)         0.029     0.790 r  clk_IBUF_BUFG_inst/O
                         net (fo=2453, unplaced)      0.259     1.049    u_conv/clk_IBUF_BUFG
                         SRL16E                                       r  u_conv/tag_out_idx_reg[4][0]_srl3/CLK
                         clock pessimism             -0.208     0.841    
                         SRL16E (Hold_srl16e_CLK_D)
                                                      0.064     0.905    u_conv/tag_out_idx_reg[4][0]_srl3
  -------------------------------------------------------------------
                         required time                         -0.905    
                         arrival time                           0.984    
  -------------------------------------------------------------------
                         slack                                  0.079    

Slack (MET) :             0.079ns  (arrival time - required time)
  Source:                 u_conv/tag_out_idx_reg[1][10]__0/C
                            (rising edge-triggered cell FDRE clocked by sys_clk  {rise@0.000ns fall@6.667ns period=13.333ns})
  Destination:            u_conv/tag_out_idx_reg[4][10]_srl3/D
                            (rising edge-triggered cell SRL16E clocked by sys_clk  {rise@0.000ns fall@6.667ns period=13.333ns})
  Path Group:             sys_clk
  Path Type:              Hold (Min at Fast Process Corner)
  Requirement:            0.000ns  (sys_clk rise@0.000ns - sys_clk rise@0.000ns)
  Data Path Delay:        0.288ns  (logic 0.147ns (51.079%)  route 0.141ns (48.921%))
  Logic Levels:           0  
  Clock Path Skew:        0.145ns (DCD - SCD - CPR)
    Destination Clock Delay (DCD):    1.049ns
    Source Clock Delay      (SCD):    0.696ns
    Clock Pessimism Removal (CPR):    0.208ns

    Location             Delay type                Incr(ns)  Path(ns)    Netlist Resource(s)
  -------------------------------------------------------------------    -------------------
                         (clock sys_clk rise edge)    0.000     0.000 r  
    H16                                               0.000     0.000 r  clk (IN)
                         net (fo=0)                   0.000     0.000    clk
    H16                  IBUF (Prop_ibuf_I_O)         0.219     0.219 r  clk_IBUF_inst/O
                         net (fo=1, unplaced)         0.337     0.556    clk_IBUF
                         BUFG (Prop_bufg_I_O)         0.026     0.582 r  clk_IBUF_BUFG_inst/O
                         net (fo=2453, unplaced)      0.114     0.696    u_conv/clk_IBUF_BUFG
                         FDRE                                         r  u_conv/tag_out_idx_reg[1][10]__0/C
  -------------------------------------------------------------------    -------------------
                         FDRE (Prop_fdre_C_Q)         0.147     0.843 r  u_conv/tag_out_idx_reg[1][10]__0/Q
                         net (fo=1, unplaced)         0.141     0.984    u_conv/tag_out_idx_reg[1][10]__0_n_0
                         SRL16E                                       r  u_conv/tag_out_idx_reg[4][10]_srl3/D
  -------------------------------------------------------------------    -------------------

                         (clock sys_clk rise edge)    0.000     0.000 r  
    H16                                               0.000     0.000 r  clk (IN)
                         net (fo=0)                   0.000     0.000    clk
    H16                  IBUF (Prop_ibuf_I_O)         0.406     0.406 r  clk_IBUF_inst/O
                         net (fo=1, unplaced)         0.355     0.761    clk_IBUF
                         BUFG (Prop_bufg_I_O)         0.029     0.790 r  clk_IBUF_BUFG_inst/O
                         net (fo=2453, unplaced)      0.259     1.049    u_conv/clk_IBUF_BUFG
                         SRL16E                                       r  u_conv/tag_out_idx_reg[4][10]_srl3/CLK
                         clock pessimism             -0.208     0.841    
                         SRL16E (Hold_srl16e_CLK_D)
                                                      0.064     0.905    u_conv/tag_out_idx_reg[4][10]_srl3
  -------------------------------------------------------------------
                         required time                         -0.905    
                         arrival time                           0.984    
  -------------------------------------------------------------------
                         slack                                  0.079    

Slack (MET) :             0.079ns  (arrival time - required time)
  Source:                 u_conv/tag_out_idx_reg[1][11]__0/C
                            (rising edge-triggered cell FDRE clocked by sys_clk  {rise@0.000ns fall@6.667ns period=13.333ns})
  Destination:            u_conv/tag_out_idx_reg[4][11]_srl3/D
                            (rising edge-triggered cell SRL16E clocked by sys_clk  {rise@0.000ns fall@6.667ns period=13.333ns})
  Path Group:             sys_clk
  Path Type:              Hold (Min at Fast Process Corner)
  Requirement:            0.000ns  (sys_clk rise@0.000ns - sys_clk rise@0.000ns)
  Data Path Delay:        0.288ns  (logic 0.147ns (51.079%)  route 0.141ns (48.921%))
  Logic Levels:           0  
  Clock Path Skew:        0.145ns (DCD - SCD - CPR)
    Destination Clock Delay (DCD):    1.049ns
    Source Clock Delay      (SCD):    0.696ns
    Clock Pessimism Removal (CPR):    0.208ns

    Location             Delay type                Incr(ns)  Path(ns)    Netlist Resource(s)
  -------------------------------------------------------------------    -------------------
                         (clock sys_clk rise edge)    0.000     0.000 r  
    H16                                               0.000     0.000 r  clk (IN)
                         net (fo=0)                   0.000     0.000    clk
    H16                  IBUF (Prop_ibuf_I_O)         0.219     0.219 r  clk_IBUF_inst/O
                         net (fo=1, unplaced)         0.337     0.556    clk_IBUF
                         BUFG (Prop_bufg_I_O)         0.026     0.582 r  clk_IBUF_BUFG_inst/O
                         net (fo=2453, unplaced)      0.114     0.696    u_conv/clk_IBUF_BUFG
                         FDRE                                         r  u_conv/tag_out_idx_reg[1][11]__0/C
  -------------------------------------------------------------------    -------------------
                         FDRE (Prop_fdre_C_Q)         0.147     0.843 r  u_conv/tag_out_idx_reg[1][11]__0/Q
                         net (fo=1, unplaced)         0.141     0.984    u_conv/tag_out_idx_reg[1][11]__0_n_0
                         SRL16E                                       r  u_conv/tag_out_idx_reg[4][11]_srl3/D
  -------------------------------------------------------------------    -------------------

                         (clock sys_clk rise edge)    0.000     0.000 r  
    H16                                               0.000     0.000 r  clk (IN)
                         net (fo=0)                   0.000     0.000    clk
    H16                  IBUF (Prop_ibuf_I_O)         0.406     0.406 r  clk_IBUF_inst/O
                         net (fo=1, unplaced)         0.355     0.761    clk_IBUF
                         BUFG (Prop_bufg_I_O)         0.029     0.790 r  clk_IBUF_BUFG_inst/O
                         net (fo=2453, unplaced)      0.259     1.049    u_conv/clk_IBUF_BUFG
                         SRL16E                                       r  u_conv/tag_out_idx_reg[4][11]_srl3/CLK
                         clock pessimism             -0.208     0.841    
                         SRL16E (Hold_srl16e_CLK_D)
                                                      0.064     0.905    u_conv/tag_out_idx_reg[4][11]_srl3
  -------------------------------------------------------------------
                         required time                         -0.905    
                         arrival time                           0.984    
  -------------------------------------------------------------------
                         slack                                  0.079    

Slack (MET) :             0.079ns  (arrival time - required time)
  Source:                 u_conv/tag_out_idx_reg[1][12]__0/C
                            (rising edge-triggered cell FDRE clocked by sys_clk  {rise@0.000ns fall@6.667ns period=13.333ns})
  Destination:            u_conv/tag_out_idx_reg[4][12]_srl3/D
                            (rising edge-triggered cell SRL16E clocked by sys_clk  {rise@0.000ns fall@6.667ns period=13.333ns})
  Path Group:             sys_clk
  Path Type:              Hold (Min at Fast Process Corner)
  Requirement:            0.000ns  (sys_clk rise@0.000ns - sys_clk rise@0.000ns)
  Data Path Delay:        0.288ns  (logic 0.147ns (51.079%)  route 0.141ns (48.921%))
  Logic Levels:           0  
  Clock Path Skew:        0.145ns (DCD - SCD - CPR)
    Destination Clock Delay (DCD):    1.049ns
    Source Clock Delay      (SCD):    0.696ns
    Clock Pessimism Removal (CPR):    0.208ns

    Location             Delay type                Incr(ns)  Path(ns)    Netlist Resource(s)
  -------------------------------------------------------------------    -------------------
                         (clock sys_clk rise edge)    0.000     0.000 r  
    H16                                               0.000     0.000 r  clk (IN)
                         net (fo=0)                   0.000     0.000    clk
    H16                  IBUF (Prop_ibuf_I_O)         0.219     0.219 r  clk_IBUF_inst/O
                         net (fo=1, unplaced)         0.337     0.556    clk_IBUF
                         BUFG (Prop_bufg_I_O)         0.026     0.582 r  clk_IBUF_BUFG_inst/O
                         net (fo=2453, unplaced)      0.114     0.696    u_conv/clk_IBUF_BUFG
                         FDRE                                         r  u_conv/tag_out_idx_reg[1][12]__0/C
  -------------------------------------------------------------------    -------------------
                         FDRE (Prop_fdre_C_Q)         0.147     0.843 r  u_conv/tag_out_idx_reg[1][12]__0/Q
                         net (fo=1, unplaced)         0.141     0.984    u_conv/tag_out_idx_reg[1][12]__0_n_0
                         SRL16E                                       r  u_conv/tag_out_idx_reg[4][12]_srl3/D
  -------------------------------------------------------------------    -------------------

                         (clock sys_clk rise edge)    0.000     0.000 r  
    H16                                               0.000     0.000 r  clk (IN)
                         net (fo=0)                   0.000     0.000    clk
    H16                  IBUF (Prop_ibuf_I_O)         0.406     0.406 r  clk_IBUF_inst/O
                         net (fo=1, unplaced)         0.355     0.761    clk_IBUF
                         BUFG (Prop_bufg_I_O)         0.029     0.790 r  clk_IBUF_BUFG_inst/O
                         net (fo=2453, unplaced)      0.259     1.049    u_conv/clk_IBUF_BUFG
                         SRL16E                                       r  u_conv/tag_out_idx_reg[4][12]_srl3/CLK
                         clock pessimism             -0.208     0.841    
                         SRL16E (Hold_srl16e_CLK_D)
                                                      0.064     0.905    u_conv/tag_out_idx_reg[4][12]_srl3
  -------------------------------------------------------------------
                         required time                         -0.905    
                         arrival time                           0.984    
  -------------------------------------------------------------------
                         slack                                  0.079    

Slack (MET) :             0.079ns  (arrival time - required time)
  Source:                 u_conv/tag_out_idx_reg[1][13]__0/C
                            (rising edge-triggered cell FDRE clocked by sys_clk  {rise@0.000ns fall@6.667ns period=13.333ns})
  Destination:            u_conv/tag_out_idx_reg[4][13]_srl3/D
                            (rising edge-triggered cell SRL16E clocked by sys_clk  {rise@0.000ns fall@6.667ns period=13.333ns})
  Path Group:             sys_clk
  Path Type:              Hold (Min at Fast Process Corner)
  Requirement:            0.000ns  (sys_clk rise@0.000ns - sys_clk rise@0.000ns)
  Data Path Delay:        0.288ns  (logic 0.147ns (51.079%)  route 0.141ns (48.921%))
  Logic Levels:           0  
  Clock Path Skew:        0.145ns (DCD - SCD - CPR)
    Destination Clock Delay (DCD):    1.049ns
    Source Clock Delay      (SCD):    0.696ns
    Clock Pessimism Removal (CPR):    0.208ns

    Location             Delay type                Incr(ns)  Path(ns)    Netlist Resource(s)
  -------------------------------------------------------------------    -------------------
                         (clock sys_clk rise edge)    0.000     0.000 r  
    H16                                               0.000     0.000 r  clk (IN)
                         net (fo=0)                   0.000     0.000    clk
    H16                  IBUF (Prop_ibuf_I_O)         0.219     0.219 r  clk_IBUF_inst/O
                         net (fo=1, unplaced)         0.337     0.556    clk_IBUF
                         BUFG (Prop_bufg_I_O)         0.026     0.582 r  clk_IBUF_BUFG_inst/O
                         net (fo=2453, unplaced)      0.114     0.696    u_conv/clk_IBUF_BUFG
                         FDRE                                         r  u_conv/tag_out_idx_reg[1][13]__0/C
  -------------------------------------------------------------------    -------------------
                         FDRE (Prop_fdre_C_Q)         0.147     0.843 r  u_conv/tag_out_idx_reg[1][13]__0/Q
                         net (fo=1, unplaced)         0.141     0.984    u_conv/tag_out_idx_reg[1][13]__0_n_0
                         SRL16E                                       r  u_conv/tag_out_idx_reg[4][13]_srl3/D
  -------------------------------------------------------------------    -------------------

                         (clock sys_clk rise edge)    0.000     0.000 r  
    H16                                               0.000     0.000 r  clk (IN)
                         net (fo=0)                   0.000     0.000    clk
    H16                  IBUF (Prop_ibuf_I_O)         0.406     0.406 r  clk_IBUF_inst/O
                         net (fo=1, unplaced)         0.355     0.761    clk_IBUF
                         BUFG (Prop_bufg_I_O)         0.029     0.790 r  clk_IBUF_BUFG_inst/O
                         net (fo=2453, unplaced)      0.259     1.049    u_conv/clk_IBUF_BUFG
                         SRL16E                                       r  u_conv/tag_out_idx_reg[4][13]_srl3/CLK
                         clock pessimism             -0.208     0.841    
                         SRL16E (Hold_srl16e_CLK_D)
                                                      0.064     0.905    u_conv/tag_out_idx_reg[4][13]_srl3
  -------------------------------------------------------------------
                         required time                         -0.905    
                         arrival time                           0.984    
  -------------------------------------------------------------------
                         slack                                  0.079    

Slack (MET) :             0.079ns  (arrival time - required time)
  Source:                 u_conv/tag_out_idx_reg[1][14]__0/C
                            (rising edge-triggered cell FDRE clocked by sys_clk  {rise@0.000ns fall@6.667ns period=13.333ns})
  Destination:            u_conv/tag_out_idx_reg[4][14]_srl3/D
                            (rising edge-triggered cell SRL16E clocked by sys_clk  {rise@0.000ns fall@6.667ns period=13.333ns})
  Path Group:             sys_clk
  Path Type:              Hold (Min at Fast Process Corner)
  Requirement:            0.000ns  (sys_clk rise@0.000ns - sys_clk rise@0.000ns)
  Data Path Delay:        0.288ns  (logic 0.147ns (51.079%)  route 0.141ns (48.921%))
  Logic Levels:           0  
  Clock Path Skew:        0.145ns (DCD - SCD - CPR)
    Destination Clock Delay (DCD):    1.049ns
    Source Clock Delay      (SCD):    0.696ns
    Clock Pessimism Removal (CPR):    0.208ns

    Location             Delay type                Incr(ns)  Path(ns)    Netlist Resource(s)
  -------------------------------------------------------------------    -------------------
                         (clock sys_clk rise edge)    0.000     0.000 r  
    H16                                               0.000     0.000 r  clk (IN)
                         net (fo=0)                   0.000     0.000    clk
    H16                  IBUF (Prop_ibuf_I_O)         0.219     0.219 r  clk_IBUF_inst/O
                         net (fo=1, unplaced)         0.337     0.556    clk_IBUF
                         BUFG (Prop_bufg_I_O)         0.026     0.582 r  clk_IBUF_BUFG_inst/O
                         net (fo=2453, unplaced)      0.114     0.696    u_conv/clk_IBUF_BUFG
                         FDRE                                         r  u_conv/tag_out_idx_reg[1][14]__0/C
  -------------------------------------------------------------------    -------------------
                         FDRE (Prop_fdre_C_Q)         0.147     0.843 r  u_conv/tag_out_idx_reg[1][14]__0/Q
                         net (fo=1, unplaced)         0.141     0.984    u_conv/tag_out_idx_reg[1][14]__0_n_0
                         SRL16E                                       r  u_conv/tag_out_idx_reg[4][14]_srl3/D
  -------------------------------------------------------------------    -------------------

                         (clock sys_clk rise edge)    0.000     0.000 r  
    H16                                               0.000     0.000 r  clk (IN)
                         net (fo=0)                   0.000     0.000    clk
    H16                  IBUF (Prop_ibuf_I_O)         0.406     0.406 r  clk_IBUF_inst/O
                         net (fo=1, unplaced)         0.355     0.761    clk_IBUF
                         BUFG (Prop_bufg_I_O)         0.029     0.790 r  clk_IBUF_BUFG_inst/O
                         net (fo=2453, unplaced)      0.259     1.049    u_conv/clk_IBUF_BUFG
                         SRL16E                                       r  u_conv/tag_out_idx_reg[4][14]_srl3/CLK
                         clock pessimism             -0.208     0.841    
                         SRL16E (Hold_srl16e_CLK_D)
                                                      0.064     0.905    u_conv/tag_out_idx_reg[4][14]_srl3
  -------------------------------------------------------------------
                         required time                         -0.905    
                         arrival time                           0.984    
  -------------------------------------------------------------------
                         slack                                  0.079    

Slack (MET) :             0.079ns  (arrival time - required time)
  Source:                 u_conv/tag_out_idx_reg[1][15]__0/C
                            (rising edge-triggered cell FDRE clocked by sys_clk  {rise@0.000ns fall@6.667ns period=13.333ns})
  Destination:            u_conv/tag_out_idx_reg[4][15]_srl3/D
                            (rising edge-triggered cell SRL16E clocked by sys_clk  {rise@0.000ns fall@6.667ns period=13.333ns})
  Path Group:             sys_clk
  Path Type:              Hold (Min at Fast Process Corner)
  Requirement:            0.000ns  (sys_clk rise@0.000ns - sys_clk rise@0.000ns)
  Data Path Delay:        0.288ns  (logic 0.147ns (51.079%)  route 0.141ns (48.921%))
  Logic Levels:           0  
  Clock Path Skew:        0.145ns (DCD - SCD - CPR)
    Destination Clock Delay (DCD):    1.049ns
    Source Clock Delay      (SCD):    0.696ns
    Clock Pessimism Removal (CPR):    0.208ns

    Location             Delay type                Incr(ns)  Path(ns)    Netlist Resource(s)
  -------------------------------------------------------------------    -------------------
                         (clock sys_clk rise edge)    0.000     0.000 r  
    H16                                               0.000     0.000 r  clk (IN)
                         net (fo=0)                   0.000     0.000    clk
    H16                  IBUF (Prop_ibuf_I_O)         0.219     0.219 r  clk_IBUF_inst/O
                         net (fo=1, unplaced)         0.337     0.556    clk_IBUF
                         BUFG (Prop_bufg_I_O)         0.026     0.582 r  clk_IBUF_BUFG_inst/O
                         net (fo=2453, unplaced)      0.114     0.696    u_conv/clk_IBUF_BUFG
                         FDRE                                         r  u_conv/tag_out_idx_reg[1][15]__0/C
  -------------------------------------------------------------------    -------------------
                         FDRE (Prop_fdre_C_Q)         0.147     0.843 r  u_conv/tag_out_idx_reg[1][15]__0/Q
                         net (fo=1, unplaced)         0.141     0.984    u_conv/tag_out_idx_reg[1][15]__0_n_0
                         SRL16E                                       r  u_conv/tag_out_idx_reg[4][15]_srl3/D
  -------------------------------------------------------------------    -------------------

                         (clock sys_clk rise edge)    0.000     0.000 r  
    H16                                               0.000     0.000 r  clk (IN)
                         net (fo=0)                   0.000     0.000    clk
    H16                  IBUF (Prop_ibuf_I_O)         0.406     0.406 r  clk_IBUF_inst/O
                         net (fo=1, unplaced)         0.355     0.761    clk_IBUF
                         BUFG (Prop_bufg_I_O)         0.029     0.790 r  clk_IBUF_BUFG_inst/O
                         net (fo=2453, unplaced)      0.259     1.049    u_conv/clk_IBUF_BUFG
                         SRL16E                                       r  u_conv/tag_out_idx_reg[4][15]_srl3/CLK
                         clock pessimism             -0.208     0.841    
                         SRL16E (Hold_srl16e_CLK_D)
                                                      0.064     0.905    u_conv/tag_out_idx_reg[4][15]_srl3
  -------------------------------------------------------------------
                         required time                         -0.905    
                         arrival time                           0.984    
  -------------------------------------------------------------------
                         slack                                  0.079    

Slack (MET) :             0.079ns  (arrival time - required time)
  Source:                 u_conv/tag_out_idx_reg[1][1]__0/C
                            (rising edge-triggered cell FDRE clocked by sys_clk  {rise@0.000ns fall@6.667ns period=13.333ns})
  Destination:            u_conv/tag_out_idx_reg[4][1]_srl3/D
                            (rising edge-triggered cell SRL16E clocked by sys_clk  {rise@0.000ns fall@6.667ns period=13.333ns})
  Path Group:             sys_clk
  Path Type:              Hold (Min at Fast Process Corner)
  Requirement:            0.000ns  (sys_clk rise@0.000ns - sys_clk rise@0.000ns)
  Data Path Delay:        0.288ns  (logic 0.147ns (51.079%)  route 0.141ns (48.921%))
  Logic Levels:           0  
  Clock Path Skew:        0.145ns (DCD - SCD - CPR)
    Destination Clock Delay (DCD):    1.049ns
    Source Clock Delay      (SCD):    0.696ns
    Clock Pessimism Removal (CPR):    0.208ns

    Location             Delay type                Incr(ns)  Path(ns)    Netlist Resource(s)
  -------------------------------------------------------------------    -------------------
                         (clock sys_clk rise edge)    0.000     0.000 r  
    H16                                               0.000     0.000 r  clk (IN)
                         net (fo=0)                   0.000     0.000    clk
    H16                  IBUF (Prop_ibuf_I_O)         0.219     0.219 r  clk_IBUF_inst/O
                         net (fo=1, unplaced)         0.337     0.556    clk_IBUF
                         BUFG (Prop_bufg_I_O)         0.026     0.582 r  clk_IBUF_BUFG_inst/O
                         net (fo=2453, unplaced)      0.114     0.696    u_conv/clk_IBUF_BUFG
                         FDRE                                         r  u_conv/tag_out_idx_reg[1][1]__0/C
  -------------------------------------------------------------------    -------------------
                         FDRE (Prop_fdre_C_Q)         0.147     0.843 r  u_conv/tag_out_idx_reg[1][1]__0/Q
                         net (fo=1, unplaced)         0.141     0.984    u_conv/tag_out_idx_reg[1][1]__0_n_0
                         SRL16E                                       r  u_conv/tag_out_idx_reg[4][1]_srl3/D
  -------------------------------------------------------------------    -------------------

                         (clock sys_clk rise edge)    0.000     0.000 r  
    H16                                               0.000     0.000 r  clk (IN)
                         net (fo=0)                   0.000     0.000    clk
    H16                  IBUF (Prop_ibuf_I_O)         0.406     0.406 r  clk_IBUF_inst/O
                         net (fo=1, unplaced)         0.355     0.761    clk_IBUF
                         BUFG (Prop_bufg_I_O)         0.029     0.790 r  clk_IBUF_BUFG_inst/O
                         net (fo=2453, unplaced)      0.259     1.049    u_conv/clk_IBUF_BUFG
                         SRL16E                                       r  u_conv/tag_out_idx_reg[4][1]_srl3/CLK
                         clock pessimism             -0.208     0.841    
                         SRL16E (Hold_srl16e_CLK_D)
                                                      0.064     0.905    u_conv/tag_out_idx_reg[4][1]_srl3
  -------------------------------------------------------------------
                         required time                         -0.905    
                         arrival time                           0.984    
  -------------------------------------------------------------------
                         slack                                  0.079    

Slack (MET) :             0.079ns  (arrival time - required time)
  Source:                 u_conv/tag_out_idx_reg[1][2]__0/C
                            (rising edge-triggered cell FDRE clocked by sys_clk  {rise@0.000ns fall@6.667ns period=13.333ns})
  Destination:            u_conv/tag_out_idx_reg[4][2]_srl3/D
                            (rising edge-triggered cell SRL16E clocked by sys_clk  {rise@0.000ns fall@6.667ns period=13.333ns})
  Path Group:             sys_clk
  Path Type:              Hold (Min at Fast Process Corner)
  Requirement:            0.000ns  (sys_clk rise@0.000ns - sys_clk rise@0.000ns)
  Data Path Delay:        0.288ns  (logic 0.147ns (51.079%)  route 0.141ns (48.921%))
  Logic Levels:           0  
  Clock Path Skew:        0.145ns (DCD - SCD - CPR)
    Destination Clock Delay (DCD):    1.049ns
    Source Clock Delay      (SCD):    0.696ns
    Clock Pessimism Removal (CPR):    0.208ns

    Location             Delay type                Incr(ns)  Path(ns)    Netlist Resource(s)
  -------------------------------------------------------------------    -------------------
                         (clock sys_clk rise edge)    0.000     0.000 r  
    H16                                               0.000     0.000 r  clk (IN)
                         net (fo=0)                   0.000     0.000    clk
    H16                  IBUF (Prop_ibuf_I_O)         0.219     0.219 r  clk_IBUF_inst/O
                         net (fo=1, unplaced)         0.337     0.556    clk_IBUF
                         BUFG (Prop_bufg_I_O)         0.026     0.582 r  clk_IBUF_BUFG_inst/O
                         net (fo=2453, unplaced)      0.114     0.696    u_conv/clk_IBUF_BUFG
                         FDRE                                         r  u_conv/tag_out_idx_reg[1][2]__0/C
  -------------------------------------------------------------------    -------------------
                         FDRE (Prop_fdre_C_Q)         0.147     0.843 r  u_conv/tag_out_idx_reg[1][2]__0/Q
                         net (fo=1, unplaced)         0.141     0.984    u_conv/tag_out_idx_reg[1][2]__0_n_0
                         SRL16E                                       r  u_conv/tag_out_idx_reg[4][2]_srl3/D
  -------------------------------------------------------------------    -------------------

                         (clock sys_clk rise edge)    0.000     0.000 r  
    H16                                               0.000     0.000 r  clk (IN)
                         net (fo=0)                   0.000     0.000    clk
    H16                  IBUF (Prop_ibuf_I_O)         0.406     0.406 r  clk_IBUF_inst/O
                         net (fo=1, unplaced)         0.355     0.761    clk_IBUF
                         BUFG (Prop_bufg_I_O)         0.029     0.790 r  clk_IBUF_BUFG_inst/O
                         net (fo=2453, unplaced)      0.259     1.049    u_conv/clk_IBUF_BUFG
                         SRL16E                                       r  u_conv/tag_out_idx_reg[4][2]_srl3/CLK
                         clock pessimism             -0.208     0.841    
                         SRL16E (Hold_srl16e_CLK_D)
                                                      0.064     0.905    u_conv/tag_out_idx_reg[4][2]_srl3
  -------------------------------------------------------------------
                         required time                         -0.905    
                         arrival time                           0.984    
  -------------------------------------------------------------------
                         slack                                  0.079    

Slack (MET) :             0.079ns  (arrival time - required time)
  Source:                 u_conv/tag_out_idx_reg[1][3]__0/C
                            (rising edge-triggered cell FDRE clocked by sys_clk  {rise@0.000ns fall@6.667ns period=13.333ns})
  Destination:            u_conv/tag_out_idx_reg[4][3]_srl3/D
                            (rising edge-triggered cell SRL16E clocked by sys_clk  {rise@0.000ns fall@6.667ns period=13.333ns})
  Path Group:             sys_clk
  Path Type:              Hold (Min at Fast Process Corner)
  Requirement:            0.000ns  (sys_clk rise@0.000ns - sys_clk rise@0.000ns)
  Data Path Delay:        0.288ns  (logic 0.147ns (51.079%)  route 0.141ns (48.921%))
  Logic Levels:           0  
  Clock Path Skew:        0.145ns (DCD - SCD - CPR)
    Destination Clock Delay (DCD):    1.049ns
    Source Clock Delay      (SCD):    0.696ns
    Clock Pessimism Removal (CPR):    0.208ns

    Location             Delay type                Incr(ns)  Path(ns)    Netlist Resource(s)
  -------------------------------------------------------------------    -------------------
                         (clock sys_clk rise edge)    0.000     0.000 r  
    H16                                               0.000     0.000 r  clk (IN)
                         net (fo=0)                   0.000     0.000    clk
    H16                  IBUF (Prop_ibuf_I_O)         0.219     0.219 r  clk_IBUF_inst/O
                         net (fo=1, unplaced)         0.337     0.556    clk_IBUF
                         BUFG (Prop_bufg_I_O)         0.026     0.582 r  clk_IBUF_BUFG_inst/O
                         net (fo=2453, unplaced)      0.114     0.696    u_conv/clk_IBUF_BUFG
                         FDRE                                         r  u_conv/tag_out_idx_reg[1][3]__0/C
  -------------------------------------------------------------------    -------------------
                         FDRE (Prop_fdre_C_Q)         0.147     0.843 r  u_conv/tag_out_idx_reg[1][3]__0/Q
                         net (fo=1, unplaced)         0.141     0.984    u_conv/tag_out_idx_reg[1][3]__0_n_0
                         SRL16E                                       r  u_conv/tag_out_idx_reg[4][3]_srl3/D
  -------------------------------------------------------------------    -------------------

                         (clock sys_clk rise edge)    0.000     0.000 r  
    H16                                               0.000     0.000 r  clk (IN)
                         net (fo=0)                   0.000     0.000    clk
    H16                  IBUF (Prop_ibuf_I_O)         0.406     0.406 r  clk_IBUF_inst/O
                         net (fo=1, unplaced)         0.355     0.761    clk_IBUF
                         BUFG (Prop_bufg_I_O)         0.029     0.790 r  clk_IBUF_BUFG_inst/O
                         net (fo=2453, unplaced)      0.259     1.049    u_conv/clk_IBUF_BUFG
                         SRL16E                                       r  u_conv/tag_out_idx_reg[4][3]_srl3/CLK
                         clock pessimism             -0.208     0.841    
                         SRL16E (Hold_srl16e_CLK_D)
                                                      0.064     0.905    u_conv/tag_out_idx_reg[4][3]_srl3
  -------------------------------------------------------------------
                         required time                         -0.905    
                         arrival time                           0.984    
  -------------------------------------------------------------------
                         slack                                  0.079    





Pulse Width Checks
--------------------------------------------------------------------------------------
Clock Name:         sys_clk
Waveform(ns):       { 0.000 6.667 }
Period(ns):         13.333
Sources:            { clk }

Check Type        Corner  Lib Pin             Reference Pin  Required(ns)  Actual(ns)  Slack(ns)  Location  Pin
Min Period        n/a     RAMB36E1/CLKARDCLK  n/a            3.363         13.333      9.970                u_ram_a/mem_reg_0_0/CLKARDCLK
Min Period        n/a     RAMB36E1/CLKARDCLK  n/a            3.363         13.333      9.970                u_ram_a/mem_reg_0_1/CLKARDCLK
Min Period        n/a     RAMB36E1/CLKARDCLK  n/a            3.363         13.333      9.970                u_ram_a/mem_reg_0_2/CLKARDCLK
Min Period        n/a     RAMB36E1/CLKARDCLK  n/a            3.363         13.333      9.970                u_ram_a/mem_reg_0_3/CLKARDCLK
Min Period        n/a     RAMB36E1/CLKARDCLK  n/a            3.363         13.333      9.970                u_ram_a/mem_reg_0_4/CLKARDCLK
Min Period        n/a     RAMB36E1/CLKARDCLK  n/a            3.363         13.333      9.970                u_ram_a/mem_reg_0_5/CLKARDCLK
Min Period        n/a     RAMB36E1/CLKARDCLK  n/a            3.363         13.333      9.970                u_ram_a/mem_reg_0_6/CLKARDCLK
Min Period        n/a     RAMB36E1/CLKARDCLK  n/a            3.363         13.333      9.970                u_ram_a/mem_reg_0_7/CLKARDCLK
Min Period        n/a     RAMB36E1/CLKARDCLK  n/a            3.363         13.333      9.970                u_ram_a/mem_reg_1_0/CLKARDCLK
Min Period        n/a     RAMB36E1/CLKARDCLK  n/a            3.363         13.333      9.970                u_ram_a/mem_reg_1_1/CLKARDCLK
Low Pulse Width   Slow    SRL16E/CLK          n/a            0.980         6.667       5.687                u_conv/tag_is_first_reg[3]_srl3/CLK
Low Pulse Width   Fast    SRL16E/CLK          n/a            0.980         6.667       5.687                u_conv/tag_is_first_reg[3]_srl3/CLK
Low Pulse Width   Slow    SRL16E/CLK          n/a            0.980         6.667       5.687                u_conv/tag_is_last_reg[3]_srl3/CLK
Low Pulse Width   Fast    SRL16E/CLK          n/a            0.980         6.667       5.687                u_conv/tag_is_last_reg[3]_srl3/CLK
Low Pulse Width   Slow    SRL16E/CLK          n/a            0.980         6.667       5.687                u_conv/tag_out_idx_reg[4][0]_srl3/CLK
Low Pulse Width   Fast    SRL16E/CLK          n/a            0.980         6.667       5.687                u_conv/tag_out_idx_reg[4][0]_srl3/CLK
Low Pulse Width   Slow    SRL16E/CLK          n/a            0.980         6.667       5.687                u_conv/tag_out_idx_reg[4][10]_srl3/CLK
Low Pulse Width   Fast    SRL16E/CLK          n/a            0.980         6.667       5.687                u_conv/tag_out_idx_reg[4][10]_srl3/CLK
Low Pulse Width   Slow    SRL16E/CLK          n/a            0.980         6.667       5.687                u_conv/tag_out_idx_reg[4][11]_srl3/CLK
Low Pulse Width   Fast    SRL16E/CLK          n/a            0.980         6.667       5.687                u_conv/tag_out_idx_reg[4][11]_srl3/CLK
High Pulse Width  Slow    SRL16E/CLK          n/a            0.980         6.667       5.687                u_conv/tag_is_first_reg[3]_srl3/CLK
High Pulse Width  Fast    SRL16E/CLK          n/a            0.980         6.667       5.687                u_conv/tag_is_first_reg[3]_srl3/CLK
High Pulse Width  Slow    SRL16E/CLK          n/a            0.980         6.667       5.687                u_conv/tag_is_last_reg[3]_srl3/CLK
High Pulse Width  Fast    SRL16E/CLK          n/a            0.980         6.667       5.687                u_conv/tag_is_last_reg[3]_srl3/CLK
High Pulse Width  Slow    SRL16E/CLK          n/a            0.980         6.667       5.687                u_conv/tag_out_idx_reg[4][0]_srl3/CLK
High Pulse Width  Fast    SRL16E/CLK          n/a            0.980         6.667       5.687                u_conv/tag_out_idx_reg[4][0]_srl3/CLK
High Pulse Width  Slow    SRL16E/CLK          n/a            0.980         6.667       5.687                u_conv/tag_out_idx_reg[4][10]_srl3/CLK
High Pulse Width  Fast    SRL16E/CLK          n/a            0.980         6.667       5.687                u_conv/tag_out_idx_reg[4][10]_srl3/CLK
High Pulse Width  Slow    SRL16E/CLK          n/a            0.980         6.667       5.687                u_conv/tag_out_idx_reg[4][11]_srl3/CLK
High Pulse Width  Fast    SRL16E/CLK          n/a            0.980         6.667       5.687                u_conv/tag_out_idx_reg[4][11]_srl3/CLK



--------------------------------------------------------------------------------------
Path Group:  (none)
From Clock:  sys_clk
  To Clock:  

Max Delay            98 Endpoints
Min Delay            98 Endpoints
--------------------------------------------------------------------------------------


Max Delay Paths
--------------------------------------------------------------------------------------
Slack:                    inf
  Source:                 u_fc/logit1_reg[1]/C
                            (rising edge-triggered cell FDRE clocked by sys_clk  {rise@0.000ns fall@6.667ns period=13.333ns})
  Destination:            positive
                            (output port)
  Path Group:             (none)
  Path Type:              Max at Slow Process Corner
  Data Path Delay:        7.637ns  (logic 5.704ns (74.693%)  route 1.933ns (25.307%))
  Logic Levels:           12  (CARRY4=9 LUT2=1 LUT4=1 OBUF=1)
  Clock Uncertainty:      0.025ns  ((TSJ^2 + TIJ^2)^1/2 + DJ) / 2 + PE
    Total System Jitter     (TSJ):    0.050ns
    Total Input Jitter      (TIJ):    0.000ns
    Discrete Jitter          (DJ):    0.000ns
    Phase Error              (PE):    0.000ns

    Location             Delay type                Incr(ns)  Path(ns)    Netlist Resource(s)
  -------------------------------------------------------------------    -------------------
                         (clock sys_clk rise edge)    0.000     0.000 r  
    H16                                               0.000     0.000 r  clk (IN)
                         net (fo=0)                   0.000     0.000    clk
    H16                  IBUF (Prop_ibuf_I_O)         1.451     1.451 r  clk_IBUF_inst/O
                         net (fo=1, unplaced)         0.800     2.250    clk_IBUF
                         BUFG (Prop_bufg_I_O)         0.101     2.351 r  clk_IBUF_BUFG_inst/O
                         net (fo=2453, unplaced)      0.584     2.935    u_fc/clk_IBUF_BUFG
                         FDRE                                         r  u_fc/logit1_reg[1]/C
  -------------------------------------------------------------------    -------------------
                         FDRE (Prop_fdre_C_Q)         0.478     3.413 r  u_fc/logit1_reg[1]/Q
                         net (fo=3, unplaced)         0.488     3.901    u_fc/logit1_reg[31]_0[1]
                         LUT2 (Prop_lut2_I0_O)        0.295     4.196 r  u_fc/margin_carry_i_3/O
                         net (fo=1, unplaced)         0.000     4.196    u_dec/S[1]
                         CARRY4 (Prop_carry4_S[1]_CO[3])
                                                      0.533     4.729 r  u_dec/margin_carry/CO[3]
                         net (fo=1, unplaced)         0.009     4.738    u_dec/margin_carry_n_0
                         CARRY4 (Prop_carry4_CI_CO[3])
                                                      0.117     4.855 r  u_dec/margin_carry__0/CO[3]
                         net (fo=1, unplaced)         0.000     4.855    u_dec/margin_carry__0_n_0
                         CARRY4 (Prop_carry4_CI_CO[3])
                                                      0.117     4.972 r  u_dec/margin_carry__1/CO[3]
                         net (fo=1, unplaced)         0.000     4.972    u_dec/margin_carry__1_n_0
                         CARRY4 (Prop_carry4_CI_CO[3])
                                                      0.117     5.089 r  u_dec/margin_carry__2/CO[3]
                         net (fo=1, unplaced)         0.000     5.089    u_dec/margin_carry__2_n_0
                         CARRY4 (Prop_carry4_CI_CO[3])
                                                      0.117     5.206 r  u_dec/margin_carry__3/CO[3]
                         net (fo=1, unplaced)         0.000     5.206    u_dec/margin_carry__3_n_0
                         CARRY4 (Prop_carry4_CI_CO[3])
                                                      0.117     5.323 r  u_dec/margin_carry__4/CO[3]
                         net (fo=1, unplaced)         0.000     5.323    u_dec/margin_carry__4_n_0
                         CARRY4 (Prop_carry4_CI_CO[3])
                                                      0.117     5.440 r  u_dec/margin_carry__5/CO[3]
                         net (fo=1, unplaced)         0.000     5.440    u_dec/margin_carry__5_n_0
                         CARRY4 (Prop_carry4_CI_O[3])
                                                      0.331     5.771 f  u_dec/margin_carry__6/O[3]
                         net (fo=3, unplaced)         0.636     6.407    u_dec/margin[31]
                         LUT4 (Prop_lut4_I2_O)        0.302     6.709 r  u_dec/positive_carry__2_i_1/O
                         net (fo=1, unplaced)         0.000     6.709    u_dec/positive_carry__2_i_1_n_0
                         CARRY4 (Prop_carry4_DI[3]_CO[3])
                                                      0.429     7.138 r  u_dec/positive_carry__2/CO[3]
                         net (fo=1, unplaced)         0.800     7.938    positive_OBUF
                         OBUF (Prop_obuf_I_O)         2.634    10.573 r  positive_OBUF_inst/O
                         net (fo=0)                   0.000    10.573    positive
                                                                      r  positive (OUT)
  -------------------------------------------------------------------    -------------------

Slack:                    inf
  Source:                 u_fc/logit1_reg[1]/C
                            (rising edge-triggered cell FDRE clocked by sys_clk  {rise@0.000ns fall@6.667ns period=13.333ns})
  Destination:            margin[29]
                            (output port)
  Path Group:             (none)
  Path Type:              Max at Slow Process Corner
  Data Path Delay:        6.455ns  (logic 5.158ns (79.912%)  route 1.297ns (20.088%))
  Logic Levels:           10  (CARRY4=8 LUT2=1 OBUF=1)
  Clock Uncertainty:      0.025ns  ((TSJ^2 + TIJ^2)^1/2 + DJ) / 2 + PE
    Total System Jitter     (TSJ):    0.050ns
    Total Input Jitter      (TIJ):    0.000ns
    Discrete Jitter          (DJ):    0.000ns
    Phase Error              (PE):    0.000ns

    Location             Delay type                Incr(ns)  Path(ns)    Netlist Resource(s)
  -------------------------------------------------------------------    -------------------
                         (clock sys_clk rise edge)    0.000     0.000 r  
    H16                                               0.000     0.000 r  clk (IN)
                         net (fo=0)                   0.000     0.000    clk
    H16                  IBUF (Prop_ibuf_I_O)         1.451     1.451 r  clk_IBUF_inst/O
                         net (fo=1, unplaced)         0.800     2.250    clk_IBUF
                         BUFG (Prop_bufg_I_O)         0.101     2.351 r  clk_IBUF_BUFG_inst/O
                         net (fo=2453, unplaced)      0.584     2.935    u_fc/clk_IBUF_BUFG
                         FDRE                                         r  u_fc/logit1_reg[1]/C
  -------------------------------------------------------------------    -------------------
                         FDRE (Prop_fdre_C_Q)         0.478     3.413 r  u_fc/logit1_reg[1]/Q
                         net (fo=3, unplaced)         0.488     3.901    u_fc/logit1_reg[31]_0[1]
                         LUT2 (Prop_lut2_I0_O)        0.295     4.196 r  u_fc/margin_carry_i_3/O
                         net (fo=1, unplaced)         0.000     4.196    u_dec/S[1]
                         CARRY4 (Prop_carry4_S[1]_CO[3])
                                                      0.533     4.729 r  u_dec/margin_carry/CO[3]
                         net (fo=1, unplaced)         0.009     4.738    u_dec/margin_carry_n_0
                         CARRY4 (Prop_carry4_CI_CO[3])
                                                      0.117     4.855 r  u_dec/margin_carry__0/CO[3]
                         net (fo=1, unplaced)         0.000     4.855    u_dec/margin_carry__0_n_0
                         CARRY4 (Prop_carry4_CI_CO[3])
                                                      0.117     4.972 r  u_dec/margin_carry__1/CO[3]
                         net (fo=1, unplaced)         0.000     4.972    u_dec/margin_carry__1_n_0
                         CARRY4 (Prop_carry4_CI_CO[3])
                                                      0.117     5.089 r  u_dec/margin_carry__2/CO[3]
                         net (fo=1, unplaced)         0.000     5.089    u_dec/margin_carry__2_n_0
                         CARRY4 (Prop_carry4_CI_CO[3])
                                                      0.117     5.206 r  u_dec/margin_carry__3/CO[3]
                         net (fo=1, unplaced)         0.000     5.206    u_dec/margin_carry__3_n_0
                         CARRY4 (Prop_carry4_CI_CO[3])
                                                      0.117     5.323 r  u_dec/margin_carry__4/CO[3]
                         net (fo=1, unplaced)         0.000     5.323    u_dec/margin_carry__4_n_0
                         CARRY4 (Prop_carry4_CI_CO[3])
                                                      0.117     5.440 r  u_dec/margin_carry__5/CO[3]
                         net (fo=1, unplaced)         0.000     5.440    u_dec/margin_carry__5_n_0
                         CARRY4 (Prop_carry4_CI_O[1])
                                                      0.337     5.777 r  u_dec/margin_carry__6/O[1]
                         net (fo=3, unplaced)         0.800     6.577    margin_OBUF[29]
                         OBUF (Prop_obuf_I_O)         2.813     9.391 r  margin_OBUF[29]_inst/O
                         net (fo=0)                   0.000     9.391    margin[29]
                                                                      r  margin[29] (OUT)
  -------------------------------------------------------------------    -------------------

Slack:                    inf
  Source:                 u_fc/logit1_reg[1]/C
                            (rising edge-triggered cell FDRE clocked by sys_clk  {rise@0.000ns fall@6.667ns period=13.333ns})
  Destination:            margin[31]
                            (output port)
  Path Group:             (none)
  Path Type:              Max at Slow Process Corner
  Data Path Delay:        6.452ns  (logic 5.155ns (79.903%)  route 1.297ns (20.097%))
  Logic Levels:           10  (CARRY4=8 LUT2=1 OBUF=1)
  Clock Uncertainty:      0.025ns  ((TSJ^2 + TIJ^2)^1/2 + DJ) / 2 + PE
    Total System Jitter     (TSJ):    0.050ns
    Total Input Jitter      (TIJ):    0.000ns
    Discrete Jitter          (DJ):    0.000ns
    Phase Error              (PE):    0.000ns

    Location             Delay type                Incr(ns)  Path(ns)    Netlist Resource(s)
  -------------------------------------------------------------------    -------------------
                         (clock sys_clk rise edge)    0.000     0.000 r  
    H16                                               0.000     0.000 r  clk (IN)
                         net (fo=0)                   0.000     0.000    clk
    H16                  IBUF (Prop_ibuf_I_O)         1.451     1.451 r  clk_IBUF_inst/O
                         net (fo=1, unplaced)         0.800     2.250    clk_IBUF
                         BUFG (Prop_bufg_I_O)         0.101     2.351 r  clk_IBUF_BUFG_inst/O
                         net (fo=2453, unplaced)      0.584     2.935    u_fc/clk_IBUF_BUFG
                         FDRE                                         r  u_fc/logit1_reg[1]/C
  -------------------------------------------------------------------    -------------------
                         FDRE (Prop_fdre_C_Q)         0.478     3.413 r  u_fc/logit1_reg[1]/Q
                         net (fo=3, unplaced)         0.488     3.901    u_fc/logit1_reg[31]_0[1]
                         LUT2 (Prop_lut2_I0_O)        0.295     4.196 r  u_fc/margin_carry_i_3/O
                         net (fo=1, unplaced)         0.000     4.196    u_dec/S[1]
                         CARRY4 (Prop_carry4_S[1]_CO[3])
                                                      0.533     4.729 r  u_dec/margin_carry/CO[3]
                         net (fo=1, unplaced)         0.009     4.738    u_dec/margin_carry_n_0
                         CARRY4 (Prop_carry4_CI_CO[3])
                                                      0.117     4.855 r  u_dec/margin_carry__0/CO[3]
                         net (fo=1, unplaced)         0.000     4.855    u_dec/margin_carry__0_n_0
                         CARRY4 (Prop_carry4_CI_CO[3])
                                                      0.117     4.972 r  u_dec/margin_carry__1/CO[3]
                         net (fo=1, unplaced)         0.000     4.972    u_dec/margin_carry__1_n_0
                         CARRY4 (Prop_carry4_CI_CO[3])
                                                      0.117     5.089 r  u_dec/margin_carry__2/CO[3]
                         net (fo=1, unplaced)         0.000     5.089    u_dec/margin_carry__2_n_0
                         CARRY4 (Prop_carry4_CI_CO[3])
                                                      0.117     5.206 r  u_dec/margin_carry__3/CO[3]
                         net (fo=1, unplaced)         0.000     5.206    u_dec/margin_carry__3_n_0
                         CARRY4 (Prop_carry4_CI_CO[3])
                                                      0.117     5.323 r  u_dec/margin_carry__4/CO[3]
                         net (fo=1, unplaced)         0.000     5.323    u_dec/margin_carry__4_n_0
                         CARRY4 (Prop_carry4_CI_CO[3])
                                                      0.117     5.440 r  u_dec/margin_carry__5/CO[3]
                         net (fo=1, unplaced)         0.000     5.440    u_dec/margin_carry__5_n_0
                         CARRY4 (Prop_carry4_CI_O[3])
                                                      0.331     5.771 r  u_dec/margin_carry__6/O[3]
                         net (fo=3, unplaced)         0.800     6.571    margin_OBUF[31]
                         OBUF (Prop_obuf_I_O)         2.816     9.388 r  margin_OBUF[31]_inst/O
                         net (fo=0)                   0.000     9.388    margin[31]
                                                                      r  margin[31] (OUT)
  -------------------------------------------------------------------    -------------------

Slack:                    inf
  Source:                 u_fc/logit1_reg[1]/C
                            (rising edge-triggered cell FDRE clocked by sys_clk  {rise@0.000ns fall@6.667ns period=13.333ns})
  Destination:            margin[30]
                            (output port)
  Path Group:             (none)
  Path Type:              Max at Slow Process Corner
  Data Path Delay:        6.373ns  (logic 5.076ns (79.654%)  route 1.297ns (20.346%))
  Logic Levels:           10  (CARRY4=8 LUT2=1 OBUF=1)
  Clock Uncertainty:      0.025ns  ((TSJ^2 + TIJ^2)^1/2 + DJ) / 2 + PE
    Total System Jitter     (TSJ):    0.050ns
    Total Input Jitter      (TIJ):    0.000ns
    Discrete Jitter          (DJ):    0.000ns
    Phase Error              (PE):    0.000ns

    Location             Delay type                Incr(ns)  Path(ns)    Netlist Resource(s)
  -------------------------------------------------------------------    -------------------
                         (clock sys_clk rise edge)    0.000     0.000 r  
    H16                                               0.000     0.000 r  clk (IN)
                         net (fo=0)                   0.000     0.000    clk
    H16                  IBUF (Prop_ibuf_I_O)         1.451     1.451 r  clk_IBUF_inst/O
                         net (fo=1, unplaced)         0.800     2.250    clk_IBUF
                         BUFG (Prop_bufg_I_O)         0.101     2.351 r  clk_IBUF_BUFG_inst/O
                         net (fo=2453, unplaced)      0.584     2.935    u_fc/clk_IBUF_BUFG
                         FDRE                                         r  u_fc/logit1_reg[1]/C
  -------------------------------------------------------------------    -------------------
                         FDRE (Prop_fdre_C_Q)         0.478     3.413 r  u_fc/logit1_reg[1]/Q
                         net (fo=3, unplaced)         0.488     3.901    u_fc/logit1_reg[31]_0[1]
                         LUT2 (Prop_lut2_I0_O)        0.295     4.196 r  u_fc/margin_carry_i_3/O
                         net (fo=1, unplaced)         0.000     4.196    u_dec/S[1]
                         CARRY4 (Prop_carry4_S[1]_CO[3])
                                                      0.533     4.729 r  u_dec/margin_carry/CO[3]
                         net (fo=1, unplaced)         0.009     4.738    u_dec/margin_carry_n_0
                         CARRY4 (Prop_carry4_CI_CO[3])
                                                      0.117     4.855 r  u_dec/margin_carry__0/CO[3]
                         net (fo=1, unplaced)         0.000     4.855    u_dec/margin_carry__0_n_0
                         CARRY4 (Prop_carry4_CI_CO[3])
                                                      0.117     4.972 r  u_dec/margin_carry__1/CO[3]
                         net (fo=1, unplaced)         0.000     4.972    u_dec/margin_carry__1_n_0
                         CARRY4 (Prop_carry4_CI_CO[3])
                                                      0.117     5.089 r  u_dec/margin_carry__2/CO[3]
                         net (fo=1, unplaced)         0.000     5.089    u_dec/margin_carry__2_n_0
                         CARRY4 (Prop_carry4_CI_CO[3])
                                                      0.117     5.206 r  u_dec/margin_carry__3/CO[3]
                         net (fo=1, unplaced)         0.000     5.206    u_dec/margin_carry__3_n_0
                         CARRY4 (Prop_carry4_CI_CO[3])
                                                      0.117     5.323 r  u_dec/margin_carry__4/CO[3]
                         net (fo=1, unplaced)         0.000     5.323    u_dec/margin_carry__4_n_0
                         CARRY4 (Prop_carry4_CI_CO[3])
                                                      0.117     5.440 r  u_dec/margin_carry__5/CO[3]
                         net (fo=1, unplaced)         0.000     5.440    u_dec/margin_carry__5_n_0
                         CARRY4 (Prop_carry4_CI_O[2])
                                                      0.256     5.696 r  u_dec/margin_carry__6/O[2]
                         net (fo=3, unplaced)         0.800     6.496    margin_OBUF[30]
                         OBUF (Prop_obuf_I_O)         2.812     9.309 r  margin_OBUF[30]_inst/O
                         net (fo=0)                   0.000     9.309    margin[30]
                                                                      r  margin[30] (OUT)
  -------------------------------------------------------------------    -------------------

Slack:                    inf
  Source:                 u_fc/logit1_reg[1]/C
                            (rising edge-triggered cell FDRE clocked by sys_clk  {rise@0.000ns fall@6.667ns period=13.333ns})
  Destination:            margin[28]
                            (output port)
  Path Group:             (none)
  Path Type:              Max at Slow Process Corner
  Data Path Delay:        6.346ns  (logic 5.049ns (79.567%)  route 1.297ns (20.433%))
  Logic Levels:           10  (CARRY4=8 LUT2=1 OBUF=1)
  Clock Uncertainty:      0.025ns  ((TSJ^2 + TIJ^2)^1/2 + DJ) / 2 + PE
    Total System Jitter     (TSJ):    0.050ns
    Total Input Jitter      (TIJ):    0.000ns
    Discrete Jitter          (DJ):    0.000ns
    Phase Error              (PE):    0.000ns

    Location             Delay type                Incr(ns)  Path(ns)    Netlist Resource(s)
  -------------------------------------------------------------------    -------------------
                         (clock sys_clk rise edge)    0.000     0.000 r  
    H16                                               0.000     0.000 r  clk (IN)
                         net (fo=0)                   0.000     0.000    clk
    H16                  IBUF (Prop_ibuf_I_O)         1.451     1.451 r  clk_IBUF_inst/O
                         net (fo=1, unplaced)         0.800     2.250    clk_IBUF
                         BUFG (Prop_bufg_I_O)         0.101     2.351 r  clk_IBUF_BUFG_inst/O
                         net (fo=2453, unplaced)      0.584     2.935    u_fc/clk_IBUF_BUFG
                         FDRE                                         r  u_fc/logit1_reg[1]/C
  -------------------------------------------------------------------    -------------------
                         FDRE (Prop_fdre_C_Q)         0.478     3.413 r  u_fc/logit1_reg[1]/Q
                         net (fo=3, unplaced)         0.488     3.901    u_fc/logit1_reg[31]_0[1]
                         LUT2 (Prop_lut2_I0_O)        0.295     4.196 r  u_fc/margin_carry_i_3/O
                         net (fo=1, unplaced)         0.000     4.196    u_dec/S[1]
                         CARRY4 (Prop_carry4_S[1]_CO[3])
                                                      0.533     4.729 r  u_dec/margin_carry/CO[3]
                         net (fo=1, unplaced)         0.009     4.738    u_dec/margin_carry_n_0
                         CARRY4 (Prop_carry4_CI_CO[3])
                                                      0.117     4.855 r  u_dec/margin_carry__0/CO[3]
                         net (fo=1, unplaced)         0.000     4.855    u_dec/margin_carry__0_n_0
                         CARRY4 (Prop_carry4_CI_CO[3])
                                                      0.117     4.972 r  u_dec/margin_carry__1/CO[3]
                         net (fo=1, unplaced)         0.000     4.972    u_dec/margin_carry__1_n_0
                         CARRY4 (Prop_carry4_CI_CO[3])
                                                      0.117     5.089 r  u_dec/margin_carry__2/CO[3]
                         net (fo=1, unplaced)         0.000     5.089    u_dec/margin_carry__2_n_0
                         CARRY4 (Prop_carry4_CI_CO[3])
                                                      0.117     5.206 r  u_dec/margin_carry__3/CO[3]
                         net (fo=1, unplaced)         0.000     5.206    u_dec/margin_carry__3_n_0
                         CARRY4 (Prop_carry4_CI_CO[3])
                                                      0.117     5.323 r  u_dec/margin_carry__4/CO[3]
                         net (fo=1, unplaced)         0.000     5.323    u_dec/margin_carry__4_n_0
                         CARRY4 (Prop_carry4_CI_CO[3])
                                                      0.117     5.440 r  u_dec/margin_carry__5/CO[3]
                         net (fo=1, unplaced)         0.000     5.440    u_dec/margin_carry__5_n_0
                         CARRY4 (Prop_carry4_CI_O[0])
                                                      0.232     5.672 r  u_dec/margin_carry__6/O[0]
                         net (fo=3, unplaced)         0.800     6.472    margin_OBUF[28]
                         OBUF (Prop_obuf_I_O)         2.809     9.282 r  margin_OBUF[28]_inst/O
                         net (fo=0)                   0.000     9.282    margin[28]
                                                                      r  margin[28] (OUT)
  -------------------------------------------------------------------    -------------------

Slack:                    inf
  Source:                 u_fc/logit1_reg[1]/C
                            (rising edge-triggered cell FDRE clocked by sys_clk  {rise@0.000ns fall@6.667ns period=13.333ns})
  Destination:            margin[25]
                            (output port)
  Path Group:             (none)
  Path Type:              Max at Slow Process Corner
  Data Path Delay:        6.338ns  (logic 5.041ns (79.541%)  route 1.297ns (20.459%))
  Logic Levels:           9  (CARRY4=7 LUT2=1 OBUF=1)
  Clock Uncertainty:      0.025ns  ((TSJ^2 + TIJ^2)^1/2 + DJ) / 2 + PE
    Total System Jitter     (TSJ):    0.050ns
    Total Input Jitter      (TIJ):    0.000ns
    Discrete Jitter          (DJ):    0.000ns
    Phase Error              (PE):    0.000ns

    Location             Delay type                Incr(ns)  Path(ns)    Netlist Resource(s)
  -------------------------------------------------------------------    -------------------
                         (clock sys_clk rise edge)    0.000     0.000 r  
    H16                                               0.000     0.000 r  clk (IN)
                         net (fo=0)                   0.000     0.000    clk
    H16                  IBUF (Prop_ibuf_I_O)         1.451     1.451 r  clk_IBUF_inst/O
                         net (fo=1, unplaced)         0.800     2.250    clk_IBUF
                         BUFG (Prop_bufg_I_O)         0.101     2.351 r  clk_IBUF_BUFG_inst/O
                         net (fo=2453, unplaced)      0.584     2.935    u_fc/clk_IBUF_BUFG
                         FDRE                                         r  u_fc/logit1_reg[1]/C
  -------------------------------------------------------------------    -------------------
                         FDRE (Prop_fdre_C_Q)         0.478     3.413 r  u_fc/logit1_reg[1]/Q
                         net (fo=3, unplaced)         0.488     3.901    u_fc/logit1_reg[31]_0[1]
                         LUT2 (Prop_lut2_I0_O)        0.295     4.196 r  u_fc/margin_carry_i_3/O
                         net (fo=1, unplaced)         0.000     4.196    u_dec/S[1]
                         CARRY4 (Prop_carry4_S[1]_CO[3])
                                                      0.533     4.729 r  u_dec/margin_carry/CO[3]
                         net (fo=1, unplaced)         0.009     4.738    u_dec/margin_carry_n_0
                         CARRY4 (Prop_carry4_CI_CO[3])
                                                      0.117     4.855 r  u_dec/margin_carry__0/CO[3]
                         net (fo=1, unplaced)         0.000     4.855    u_dec/margin_carry__0_n_0
                         CARRY4 (Prop_carry4_CI_CO[3])
                                                      0.117     4.972 r  u_dec/margin_carry__1/CO[3]
                         net (fo=1, unplaced)         0.000     4.972    u_dec/margin_carry__1_n_0
                         CARRY4 (Prop_carry4_CI_CO[3])
                                                      0.117     5.089 r  u_dec/margin_carry__2/CO[3]
                         net (fo=1, unplaced)         0.000     5.089    u_dec/margin_carry__2_n_0
                         CARRY4 (Prop_carry4_CI_CO[3])
                                                      0.117     5.206 r  u_dec/margin_carry__3/CO[3]
                         net (fo=1, unplaced)         0.000     5.206    u_dec/margin_carry__3_n_0
                         CARRY4 (Prop_carry4_CI_CO[3])
                                                      0.117     5.323 r  u_dec/margin_carry__4/CO[3]
                         net (fo=1, unplaced)         0.000     5.323    u_dec/margin_carry__4_n_0
                         CARRY4 (Prop_carry4_CI_O[1])
                                                      0.337     5.660 r  u_dec/margin_carry__5/O[1]
                         net (fo=3, unplaced)         0.800     6.460    margin_OBUF[25]
                         OBUF (Prop_obuf_I_O)         2.813     9.274 r  margin_OBUF[25]_inst/O
                         net (fo=0)                   0.000     9.274    margin[25]
                                                                      r  margin[25] (OUT)
  -------------------------------------------------------------------    -------------------

Slack:                    inf
  Source:                 u_fc/logit1_reg[1]/C
                            (rising edge-triggered cell FDRE clocked by sys_clk  {rise@0.000ns fall@6.667ns period=13.333ns})
  Destination:            margin[27]
                            (output port)
  Path Group:             (none)
  Path Type:              Max at Slow Process Corner
  Data Path Delay:        6.335ns  (logic 5.038ns (79.532%)  route 1.297ns (20.468%))
  Logic Levels:           9  (CARRY4=7 LUT2=1 OBUF=1)
  Clock Uncertainty:      0.025ns  ((TSJ^2 + TIJ^2)^1/2 + DJ) / 2 + PE
    Total System Jitter     (TSJ):    0.050ns
    Total Input Jitter      (TIJ):    0.000ns
    Discrete Jitter          (DJ):    0.000ns
    Phase Error              (PE):    0.000ns

    Location             Delay type                Incr(ns)  Path(ns)    Netlist Resource(s)
  -------------------------------------------------------------------    -------------------
                         (clock sys_clk rise edge)    0.000     0.000 r  
    H16                                               0.000     0.000 r  clk (IN)
                         net (fo=0)                   0.000     0.000    clk
    H16                  IBUF (Prop_ibuf_I_O)         1.451     1.451 r  clk_IBUF_inst/O
                         net (fo=1, unplaced)         0.800     2.250    clk_IBUF
                         BUFG (Prop_bufg_I_O)         0.101     2.351 r  clk_IBUF_BUFG_inst/O
                         net (fo=2453, unplaced)      0.584     2.935    u_fc/clk_IBUF_BUFG
                         FDRE                                         r  u_fc/logit1_reg[1]/C
  -------------------------------------------------------------------    -------------------
                         FDRE (Prop_fdre_C_Q)         0.478     3.413 r  u_fc/logit1_reg[1]/Q
                         net (fo=3, unplaced)         0.488     3.901    u_fc/logit1_reg[31]_0[1]
                         LUT2 (Prop_lut2_I0_O)        0.295     4.196 r  u_fc/margin_carry_i_3/O
                         net (fo=1, unplaced)         0.000     4.196    u_dec/S[1]
                         CARRY4 (Prop_carry4_S[1]_CO[3])
                                                      0.533     4.729 r  u_dec/margin_carry/CO[3]
                         net (fo=1, unplaced)         0.009     4.738    u_dec/margin_carry_n_0
                         CARRY4 (Prop_carry4_CI_CO[3])
                                                      0.117     4.855 r  u_dec/margin_carry__0/CO[3]
                         net (fo=1, unplaced)         0.000     4.855    u_dec/margin_carry__0_n_0
                         CARRY4 (Prop_carry4_CI_CO[3])
                                                      0.117     4.972 r  u_dec/margin_carry__1/CO[3]
                         net (fo=1, unplaced)         0.000     4.972    u_dec/margin_carry__1_n_0
                         CARRY4 (Prop_carry4_CI_CO[3])
                                                      0.117     5.089 r  u_dec/margin_carry__2/CO[3]
                         net (fo=1, unplaced)         0.000     5.089    u_dec/margin_carry__2_n_0
                         CARRY4 (Prop_carry4_CI_CO[3])
                                                      0.117     5.206 r  u_dec/margin_carry__3/CO[3]
                         net (fo=1, unplaced)         0.000     5.206    u_dec/margin_carry__3_n_0
                         CARRY4 (Prop_carry4_CI_CO[3])
                                                      0.117     5.323 r  u_dec/margin_carry__4/CO[3]
                         net (fo=1, unplaced)         0.000     5.323    u_dec/margin_carry__4_n_0
                         CARRY4 (Prop_carry4_CI_O[3])
                                                      0.331     5.654 r  u_dec/margin_carry__5/O[3]
                         net (fo=3, unplaced)         0.800     6.454    margin_OBUF[27]
                         OBUF (Prop_obuf_I_O)         2.816     9.271 r  margin_OBUF[27]_inst/O
                         net (fo=0)                   0.000     9.271    margin[27]
                                                                      r  margin[27] (OUT)
  -------------------------------------------------------------------    -------------------

Slack:                    inf
  Source:                 u_fc/logit1_reg[1]/C
                            (rising edge-triggered cell FDRE clocked by sys_clk  {rise@0.000ns fall@6.667ns period=13.333ns})
  Destination:            margin[26]
                            (output port)
  Path Group:             (none)
  Path Type:              Max at Slow Process Corner
  Data Path Delay:        6.256ns  (logic 4.959ns (79.273%)  route 1.297ns (20.727%))
  Logic Levels:           9  (CARRY4=7 LUT2=1 OBUF=1)
  Clock Uncertainty:      0.025ns  ((TSJ^2 + TIJ^2)^1/2 + DJ) / 2 + PE
    Total System Jitter     (TSJ):    0.050ns
    Total Input Jitter      (TIJ):    0.000ns
    Discrete Jitter          (DJ):    0.000ns
    Phase Error              (PE):    0.000ns

    Location             Delay type                Incr(ns)  Path(ns)    Netlist Resource(s)
  -------------------------------------------------------------------    -------------------
                         (clock sys_clk rise edge)    0.000     0.000 r  
    H16                                               0.000     0.000 r  clk (IN)
                         net (fo=0)                   0.000     0.000    clk
    H16                  IBUF (Prop_ibuf_I_O)         1.451     1.451 r  clk_IBUF_inst/O
                         net (fo=1, unplaced)         0.800     2.250    clk_IBUF
                         BUFG (Prop_bufg_I_O)         0.101     2.351 r  clk_IBUF_BUFG_inst/O
                         net (fo=2453, unplaced)      0.584     2.935    u_fc/clk_IBUF_BUFG
                         FDRE                                         r  u_fc/logit1_reg[1]/C
  -------------------------------------------------------------------    -------------------
                         FDRE (Prop_fdre_C_Q)         0.478     3.413 r  u_fc/logit1_reg[1]/Q
                         net (fo=3, unplaced)         0.488     3.901    u_fc/logit1_reg[31]_0[1]
                         LUT2 (Prop_lut2_I0_O)        0.295     4.196 r  u_fc/margin_carry_i_3/O
                         net (fo=1, unplaced)         0.000     4.196    u_dec/S[1]
                         CARRY4 (Prop_carry4_S[1]_CO[3])
                                                      0.533     4.729 r  u_dec/margin_carry/CO[3]
                         net (fo=1, unplaced)         0.009     4.738    u_dec/margin_carry_n_0
                         CARRY4 (Prop_carry4_CI_CO[3])
                                                      0.117     4.855 r  u_dec/margin_carry__0/CO[3]
                         net (fo=1, unplaced)         0.000     4.855    u_dec/margin_carry__0_n_0
                         CARRY4 (Prop_carry4_CI_CO[3])
                                                      0.117     4.972 r  u_dec/margin_carry__1/CO[3]
                         net (fo=1, unplaced)         0.000     4.972    u_dec/margin_carry__1_n_0
                         CARRY4 (Prop_carry4_CI_CO[3])
                                                      0.117     5.089 r  u_dec/margin_carry__2/CO[3]
                         net (fo=1, unplaced)         0.000     5.089    u_dec/margin_carry__2_n_0
                         CARRY4 (Prop_carry4_CI_CO[3])
                                                      0.117     5.206 r  u_dec/margin_carry__3/CO[3]
                         net (fo=1, unplaced)         0.000     5.206    u_dec/margin_carry__3_n_0
                         CARRY4 (Prop_carry4_CI_CO[3])
                                                      0.117     5.323 r  u_dec/margin_carry__4/CO[3]
                         net (fo=1, unplaced)         0.000     5.323    u_dec/margin_carry__4_n_0
                         CARRY4 (Prop_carry4_CI_O[2])
                                                      0.256     5.579 r  u_dec/margin_carry__5/O[2]
                         net (fo=3, unplaced)         0.800     6.379    margin_OBUF[26]
                         OBUF (Prop_obuf_I_O)         2.812     9.192 r  margin_OBUF[26]_inst/O
                         net (fo=0)                   0.000     9.192    margin[26]
                                                                      r  margin[26] (OUT)
  -------------------------------------------------------------------    -------------------

Slack:                    inf
  Source:                 u_fc/logit1_reg[1]/C
                            (rising edge-triggered cell FDRE clocked by sys_clk  {rise@0.000ns fall@6.667ns period=13.333ns})
  Destination:            margin[24]
                            (output port)
  Path Group:             (none)
  Path Type:              Max at Slow Process Corner
  Data Path Delay:        6.229ns  (logic 4.932ns (79.183%)  route 1.297ns (20.817%))
  Logic Levels:           9  (CARRY4=7 LUT2=1 OBUF=1)
  Clock Uncertainty:      0.025ns  ((TSJ^2 + TIJ^2)^1/2 + DJ) / 2 + PE
    Total System Jitter     (TSJ):    0.050ns
    Total Input Jitter      (TIJ):    0.000ns
    Discrete Jitter          (DJ):    0.000ns
    Phase Error              (PE):    0.000ns

    Location             Delay type                Incr(ns)  Path(ns)    Netlist Resource(s)
  -------------------------------------------------------------------    -------------------
                         (clock sys_clk rise edge)    0.000     0.000 r  
    H16                                               0.000     0.000 r  clk (IN)
                         net (fo=0)                   0.000     0.000    clk
    H16                  IBUF (Prop_ibuf_I_O)         1.451     1.451 r  clk_IBUF_inst/O
                         net (fo=1, unplaced)         0.800     2.250    clk_IBUF
                         BUFG (Prop_bufg_I_O)         0.101     2.351 r  clk_IBUF_BUFG_inst/O
                         net (fo=2453, unplaced)      0.584     2.935    u_fc/clk_IBUF_BUFG
                         FDRE                                         r  u_fc/logit1_reg[1]/C
  -------------------------------------------------------------------    -------------------
                         FDRE (Prop_fdre_C_Q)         0.478     3.413 r  u_fc/logit1_reg[1]/Q
                         net (fo=3, unplaced)         0.488     3.901    u_fc/logit1_reg[31]_0[1]
                         LUT2 (Prop_lut2_I0_O)        0.295     4.196 r  u_fc/margin_carry_i_3/O
                         net (fo=1, unplaced)         0.000     4.196    u_dec/S[1]
                         CARRY4 (Prop_carry4_S[1]_CO[3])
                                                      0.533     4.729 r  u_dec/margin_carry/CO[3]
                         net (fo=1, unplaced)         0.009     4.738    u_dec/margin_carry_n_0
                         CARRY4 (Prop_carry4_CI_CO[3])
                                                      0.117     4.855 r  u_dec/margin_carry__0/CO[3]
                         net (fo=1, unplaced)         0.000     4.855    u_dec/margin_carry__0_n_0
                         CARRY4 (Prop_carry4_CI_CO[3])
                                                      0.117     4.972 r  u_dec/margin_carry__1/CO[3]
                         net (fo=1, unplaced)         0.000     4.972    u_dec/margin_carry__1_n_0
                         CARRY4 (Prop_carry4_CI_CO[3])
                                                      0.117     5.089 r  u_dec/margin_carry__2/CO[3]
                         net (fo=1, unplaced)         0.000     5.089    u_dec/margin_carry__2_n_0
                         CARRY4 (Prop_carry4_CI_CO[3])
                                                      0.117     5.206 r  u_dec/margin_carry__3/CO[3]
                         net (fo=1, unplaced)         0.000     5.206    u_dec/margin_carry__3_n_0
                         CARRY4 (Prop_carry4_CI_CO[3])
                                                      0.117     5.323 r  u_dec/margin_carry__4/CO[3]
                         net (fo=1, unplaced)         0.000     5.323    u_dec/margin_carry__4_n_0
                         CARRY4 (Prop_carry4_CI_O[0])
                                                      0.232     5.555 r  u_dec/margin_carry__5/O[0]
                         net (fo=3, unplaced)         0.800     6.355    margin_OBUF[24]
                         OBUF (Prop_obuf_I_O)         2.809     9.165 r  margin_OBUF[24]_inst/O
                         net (fo=0)                   0.000     9.165    margin[24]
                                                                      r  margin[24] (OUT)
  -------------------------------------------------------------------    -------------------

Slack:                    inf
  Source:                 u_fc/logit1_reg[1]/C
                            (rising edge-triggered cell FDRE clocked by sys_clk  {rise@0.000ns fall@6.667ns period=13.333ns})
  Destination:            margin[21]
                            (output port)
  Path Group:             (none)
  Path Type:              Max at Slow Process Corner
  Data Path Delay:        6.221ns  (logic 4.924ns (79.156%)  route 1.297ns (20.844%))
  Logic Levels:           8  (CARRY4=6 LUT2=1 OBUF=1)
  Clock Uncertainty:      0.025ns  ((TSJ^2 + TIJ^2)^1/2 + DJ) / 2 + PE
    Total System Jitter     (TSJ):    0.050ns
    Total Input Jitter      (TIJ):    0.000ns
    Discrete Jitter          (DJ):    0.000ns
    Phase Error              (PE):    0.000ns

    Location             Delay type                Incr(ns)  Path(ns)    Netlist Resource(s)
  -------------------------------------------------------------------    -------------------
                         (clock sys_clk rise edge)    0.000     0.000 r  
    H16                                               0.000     0.000 r  clk (IN)
                         net (fo=0)                   0.000     0.000    clk
    H16                  IBUF (Prop_ibuf_I_O)         1.451     1.451 r  clk_IBUF_inst/O
                         net (fo=1, unplaced)         0.800     2.250    clk_IBUF
                         BUFG (Prop_bufg_I_O)         0.101     2.351 r  clk_IBUF_BUFG_inst/O
                         net (fo=2453, unplaced)      0.584     2.935    u_fc/clk_IBUF_BUFG
                         FDRE                                         r  u_fc/logit1_reg[1]/C
  -------------------------------------------------------------------    -------------------
                         FDRE (Prop_fdre_C_Q)         0.478     3.413 r  u_fc/logit1_reg[1]/Q
                         net (fo=3, unplaced)         0.488     3.901    u_fc/logit1_reg[31]_0[1]
                         LUT2 (Prop_lut2_I0_O)        0.295     4.196 r  u_fc/margin_carry_i_3/O
                         net (fo=1, unplaced)         0.000     4.196    u_dec/S[1]
                         CARRY4 (Prop_carry4_S[1]_CO[3])
                                                      0.533     4.729 r  u_dec/margin_carry/CO[3]
                         net (fo=1, unplaced)         0.009     4.738    u_dec/margin_carry_n_0
                         CARRY4 (Prop_carry4_CI_CO[3])
                                                      0.117     4.855 r  u_dec/margin_carry__0/CO[3]
                         net (fo=1, unplaced)         0.000     4.855    u_dec/margin_carry__0_n_0
                         CARRY4 (Prop_carry4_CI_CO[3])
                                                      0.117     4.972 r  u_dec/margin_carry__1/CO[3]
                         net (fo=1, unplaced)         0.000     4.972    u_dec/margin_carry__1_n_0
                         CARRY4 (Prop_carry4_CI_CO[3])
                                                      0.117     5.089 r  u_dec/margin_carry__2/CO[3]
                         net (fo=1, unplaced)         0.000     5.089    u_dec/margin_carry__2_n_0
                         CARRY4 (Prop_carry4_CI_CO[3])
                                                      0.117     5.206 r  u_dec/margin_carry__3/CO[3]
                         net (fo=1, unplaced)         0.000     5.206    u_dec/margin_carry__3_n_0
                         CARRY4 (Prop_carry4_CI_O[1])
                                                      0.337     5.543 r  u_dec/margin_carry__4/O[1]
                         net (fo=3, unplaced)         0.800     6.343    margin_OBUF[21]
                         OBUF (Prop_obuf_I_O)         2.813     9.157 r  margin_OBUF[21]_inst/O
                         net (fo=0)                   0.000     9.157    margin[21]
                                                                      r  margin[21] (OUT)
  -------------------------------------------------------------------    -------------------





Min Delay Paths
--------------------------------------------------------------------------------------
Slack:                    inf
  Source:                 u_fc/logit0_reg[0]/C
                            (rising edge-triggered cell FDRE clocked by sys_clk  {rise@0.000ns fall@6.667ns period=13.333ns})
  Destination:            logit0[0]
                            (output port)
  Path Group:             (none)
  Path Type:              Min at Fast Process Corner
  Data Path Delay:        1.689ns  (logic 1.352ns (80.046%)  route 0.337ns (19.954%))
  Logic Levels:           1  (OBUF=1)
  Clock Uncertainty:      0.025ns  ((TSJ^2 + TIJ^2)^1/2 + DJ) / 2 + PE
    Total System Jitter     (TSJ):    0.050ns
    Total Input Jitter      (TIJ):    0.000ns
    Discrete Jitter          (DJ):    0.000ns
    Phase Error              (PE):    0.000ns

    Location             Delay type                Incr(ns)  Path(ns)    Netlist Resource(s)
  -------------------------------------------------------------------    -------------------
                         (clock sys_clk rise edge)    0.000     0.000 r  
    H16                                               0.000     0.000 r  clk (IN)
                         net (fo=0)                   0.000     0.000    clk
    H16                  IBUF (Prop_ibuf_I_O)         0.219     0.219 r  clk_IBUF_inst/O
                         net (fo=1, unplaced)         0.337     0.556    clk_IBUF
                         BUFG (Prop_bufg_I_O)         0.026     0.582 r  clk_IBUF_BUFG_inst/O
                         net (fo=2453, unplaced)      0.114     0.696    u_fc/clk_IBUF_BUFG
                         FDRE                                         r  u_fc/logit0_reg[0]/C
  -------------------------------------------------------------------    -------------------
                         FDRE (Prop_fdre_C_Q)         0.147     0.843 r  u_fc/logit0_reg[0]/Q
                         net (fo=2, unplaced)         0.337     1.180    logit0_OBUF[0]
                         OBUF (Prop_obuf_I_O)         1.205     2.385 r  logit0_OBUF[0]_inst/O
                         net (fo=0)                   0.000     2.385    logit0[0]
                                                                      r  logit0[0] (OUT)
  -------------------------------------------------------------------    -------------------

Slack:                    inf
  Source:                 u_fc/logit0_reg[10]/C
                            (rising edge-triggered cell FDRE clocked by sys_clk  {rise@0.000ns fall@6.667ns period=13.333ns})
  Destination:            logit0[10]
                            (output port)
  Path Group:             (none)
  Path Type:              Min at Fast Process Corner
  Data Path Delay:        1.689ns  (logic 1.352ns (80.046%)  route 0.337ns (19.954%))
  Logic Levels:           1  (OBUF=1)
  Clock Uncertainty:      0.025ns  ((TSJ^2 + TIJ^2)^1/2 + DJ) / 2 + PE
    Total System Jitter     (TSJ):    0.050ns
    Total Input Jitter      (TIJ):    0.000ns
    Discrete Jitter          (DJ):    0.000ns
    Phase Error              (PE):    0.000ns

    Location             Delay type                Incr(ns)  Path(ns)    Netlist Resource(s)
  -------------------------------------------------------------------    -------------------
                         (clock sys_clk rise edge)    0.000     0.000 r  
    H16                                               0.000     0.000 r  clk (IN)
                         net (fo=0)                   0.000     0.000    clk
    H16                  IBUF (Prop_ibuf_I_O)         0.219     0.219 r  clk_IBUF_inst/O
                         net (fo=1, unplaced)         0.337     0.556    clk_IBUF
                         BUFG (Prop_bufg_I_O)         0.026     0.582 r  clk_IBUF_BUFG_inst/O
                         net (fo=2453, unplaced)      0.114     0.696    u_fc/clk_IBUF_BUFG
                         FDRE                                         r  u_fc/logit0_reg[10]/C
  -------------------------------------------------------------------    -------------------
                         FDRE (Prop_fdre_C_Q)         0.147     0.843 r  u_fc/logit0_reg[10]/Q
                         net (fo=2, unplaced)         0.337     1.180    logit0_OBUF[10]
                         OBUF (Prop_obuf_I_O)         1.205     2.385 r  logit0_OBUF[10]_inst/O
                         net (fo=0)                   0.000     2.385    logit0[10]
                                                                      r  logit0[10] (OUT)
  -------------------------------------------------------------------    -------------------

Slack:                    inf
  Source:                 u_fc/logit0_reg[11]/C
                            (rising edge-triggered cell FDRE clocked by sys_clk  {rise@0.000ns fall@6.667ns period=13.333ns})
  Destination:            logit0[11]
                            (output port)
  Path Group:             (none)
  Path Type:              Min at Fast Process Corner
  Data Path Delay:        1.689ns  (logic 1.352ns (80.046%)  route 0.337ns (19.954%))
  Logic Levels:           1  (OBUF=1)
  Clock Uncertainty:      0.025ns  ((TSJ^2 + TIJ^2)^1/2 + DJ) / 2 + PE
    Total System Jitter     (TSJ):    0.050ns
    Total Input Jitter      (TIJ):    0.000ns
    Discrete Jitter          (DJ):    0.000ns
    Phase Error              (PE):    0.000ns

    Location             Delay type                Incr(ns)  Path(ns)    Netlist Resource(s)
  -------------------------------------------------------------------    -------------------
                         (clock sys_clk rise edge)    0.000     0.000 r  
    H16                                               0.000     0.000 r  clk (IN)
                         net (fo=0)                   0.000     0.000    clk
    H16                  IBUF (Prop_ibuf_I_O)         0.219     0.219 r  clk_IBUF_inst/O
                         net (fo=1, unplaced)         0.337     0.556    clk_IBUF
                         BUFG (Prop_bufg_I_O)         0.026     0.582 r  clk_IBUF_BUFG_inst/O
                         net (fo=2453, unplaced)      0.114     0.696    u_fc/clk_IBUF_BUFG
                         FDRE                                         r  u_fc/logit0_reg[11]/C
  -------------------------------------------------------------------    -------------------
                         FDRE (Prop_fdre_C_Q)         0.147     0.843 r  u_fc/logit0_reg[11]/Q
                         net (fo=2, unplaced)         0.337     1.180    logit0_OBUF[11]
                         OBUF (Prop_obuf_I_O)         1.205     2.385 r  logit0_OBUF[11]_inst/O
                         net (fo=0)                   0.000     2.385    logit0[11]
                                                                      r  logit0[11] (OUT)
  -------------------------------------------------------------------    -------------------

Slack:                    inf
  Source:                 u_fc/logit0_reg[12]/C
                            (rising edge-triggered cell FDRE clocked by sys_clk  {rise@0.000ns fall@6.667ns period=13.333ns})
  Destination:            logit0[12]
                            (output port)
  Path Group:             (none)
  Path Type:              Min at Fast Process Corner
  Data Path Delay:        1.689ns  (logic 1.352ns (80.046%)  route 0.337ns (19.954%))
  Logic Levels:           1  (OBUF=1)
  Clock Uncertainty:      0.025ns  ((TSJ^2 + TIJ^2)^1/2 + DJ) / 2 + PE
    Total System Jitter     (TSJ):    0.050ns
    Total Input Jitter      (TIJ):    0.000ns
    Discrete Jitter          (DJ):    0.000ns
    Phase Error              (PE):    0.000ns

    Location             Delay type                Incr(ns)  Path(ns)    Netlist Resource(s)
  -------------------------------------------------------------------    -------------------
                         (clock sys_clk rise edge)    0.000     0.000 r  
    H16                                               0.000     0.000 r  clk (IN)
                         net (fo=0)                   0.000     0.000    clk
    H16                  IBUF (Prop_ibuf_I_O)         0.219     0.219 r  clk_IBUF_inst/O
                         net (fo=1, unplaced)         0.337     0.556    clk_IBUF
                         BUFG (Prop_bufg_I_O)         0.026     0.582 r  clk_IBUF_BUFG_inst/O
                         net (fo=2453, unplaced)      0.114     0.696    u_fc/clk_IBUF_BUFG
                         FDRE                                         r  u_fc/logit0_reg[12]/C
  -------------------------------------------------------------------    -------------------
                         FDRE (Prop_fdre_C_Q)         0.147     0.843 r  u_fc/logit0_reg[12]/Q
                         net (fo=2, unplaced)         0.337     1.180    logit0_OBUF[12]
                         OBUF (Prop_obuf_I_O)         1.205     2.385 r  logit0_OBUF[12]_inst/O
                         net (fo=0)                   0.000     2.385    logit0[12]
                                                                      r  logit0[12] (OUT)
  -------------------------------------------------------------------    -------------------

Slack:                    inf
  Source:                 u_fc/logit0_reg[13]/C
                            (rising edge-triggered cell FDRE clocked by sys_clk  {rise@0.000ns fall@6.667ns period=13.333ns})
  Destination:            logit0[13]
                            (output port)
  Path Group:             (none)
  Path Type:              Min at Fast Process Corner
  Data Path Delay:        1.689ns  (logic 1.352ns (80.046%)  route 0.337ns (19.954%))
  Logic Levels:           1  (OBUF=1)
  Clock Uncertainty:      0.025ns  ((TSJ^2 + TIJ^2)^1/2 + DJ) / 2 + PE
    Total System Jitter     (TSJ):    0.050ns
    Total Input Jitter      (TIJ):    0.000ns
    Discrete Jitter          (DJ):    0.000ns
    Phase Error              (PE):    0.000ns

    Location             Delay type                Incr(ns)  Path(ns)    Netlist Resource(s)
  -------------------------------------------------------------------    -------------------
                         (clock sys_clk rise edge)    0.000     0.000 r  
    H16                                               0.000     0.000 r  clk (IN)
                         net (fo=0)                   0.000     0.000    clk
    H16                  IBUF (Prop_ibuf_I_O)         0.219     0.219 r  clk_IBUF_inst/O
                         net (fo=1, unplaced)         0.337     0.556    clk_IBUF
                         BUFG (Prop_bufg_I_O)         0.026     0.582 r  clk_IBUF_BUFG_inst/O
                         net (fo=2453, unplaced)      0.114     0.696    u_fc/clk_IBUF_BUFG
                         FDRE                                         r  u_fc/logit0_reg[13]/C
  -------------------------------------------------------------------    -------------------
                         FDRE (Prop_fdre_C_Q)         0.147     0.843 r  u_fc/logit0_reg[13]/Q
                         net (fo=2, unplaced)         0.337     1.180    logit0_OBUF[13]
                         OBUF (Prop_obuf_I_O)         1.205     2.385 r  logit0_OBUF[13]_inst/O
                         net (fo=0)                   0.000     2.385    logit0[13]
                                                                      r  logit0[13] (OUT)
  -------------------------------------------------------------------    -------------------

Slack:                    inf
  Source:                 u_fc/logit0_reg[14]/C
                            (rising edge-triggered cell FDRE clocked by sys_clk  {rise@0.000ns fall@6.667ns period=13.333ns})
  Destination:            logit0[14]
                            (output port)
  Path Group:             (none)
  Path Type:              Min at Fast Process Corner
  Data Path Delay:        1.689ns  (logic 1.352ns (80.046%)  route 0.337ns (19.954%))
  Logic Levels:           1  (OBUF=1)
  Clock Uncertainty:      0.025ns  ((TSJ^2 + TIJ^2)^1/2 + DJ) / 2 + PE
    Total System Jitter     (TSJ):    0.050ns
    Total Input Jitter      (TIJ):    0.000ns
    Discrete Jitter          (DJ):    0.000ns
    Phase Error              (PE):    0.000ns

    Location             Delay type                Incr(ns)  Path(ns)    Netlist Resource(s)
  -------------------------------------------------------------------    -------------------
                         (clock sys_clk rise edge)    0.000     0.000 r  
    H16                                               0.000     0.000 r  clk (IN)
                         net (fo=0)                   0.000     0.000    clk
    H16                  IBUF (Prop_ibuf_I_O)         0.219     0.219 r  clk_IBUF_inst/O
                         net (fo=1, unplaced)         0.337     0.556    clk_IBUF
                         BUFG (Prop_bufg_I_O)         0.026     0.582 r  clk_IBUF_BUFG_inst/O
                         net (fo=2453, unplaced)      0.114     0.696    u_fc/clk_IBUF_BUFG
                         FDRE                                         r  u_fc/logit0_reg[14]/C
  -------------------------------------------------------------------    -------------------
                         FDRE (Prop_fdre_C_Q)         0.147     0.843 r  u_fc/logit0_reg[14]/Q
                         net (fo=2, unplaced)         0.337     1.180    logit0_OBUF[14]
                         OBUF (Prop_obuf_I_O)         1.205     2.385 r  logit0_OBUF[14]_inst/O
                         net (fo=0)                   0.000     2.385    logit0[14]
                                                                      r  logit0[14] (OUT)
  -------------------------------------------------------------------    -------------------

Slack:                    inf
  Source:                 u_fc/logit0_reg[15]/C
                            (rising edge-triggered cell FDRE clocked by sys_clk  {rise@0.000ns fall@6.667ns period=13.333ns})
  Destination:            logit0[15]
                            (output port)
  Path Group:             (none)
  Path Type:              Min at Fast Process Corner
  Data Path Delay:        1.689ns  (logic 1.352ns (80.046%)  route 0.337ns (19.954%))
  Logic Levels:           1  (OBUF=1)
  Clock Uncertainty:      0.025ns  ((TSJ^2 + TIJ^2)^1/2 + DJ) / 2 + PE
    Total System Jitter     (TSJ):    0.050ns
    Total Input Jitter      (TIJ):    0.000ns
    Discrete Jitter          (DJ):    0.000ns
    Phase Error              (PE):    0.000ns

    Location             Delay type                Incr(ns)  Path(ns)    Netlist Resource(s)
  -------------------------------------------------------------------    -------------------
                         (clock sys_clk rise edge)    0.000     0.000 r  
    H16                                               0.000     0.000 r  clk (IN)
                         net (fo=0)                   0.000     0.000    clk
    H16                  IBUF (Prop_ibuf_I_O)         0.219     0.219 r  clk_IBUF_inst/O
                         net (fo=1, unplaced)         0.337     0.556    clk_IBUF
                         BUFG (Prop_bufg_I_O)         0.026     0.582 r  clk_IBUF_BUFG_inst/O
                         net (fo=2453, unplaced)      0.114     0.696    u_fc/clk_IBUF_BUFG
                         FDRE                                         r  u_fc/logit0_reg[15]/C
  -------------------------------------------------------------------    -------------------
                         FDRE (Prop_fdre_C_Q)         0.147     0.843 r  u_fc/logit0_reg[15]/Q
                         net (fo=2, unplaced)         0.337     1.180    logit0_OBUF[15]
                         OBUF (Prop_obuf_I_O)         1.205     2.385 r  logit0_OBUF[15]_inst/O
                         net (fo=0)                   0.000     2.385    logit0[15]
                                                                      r  logit0[15] (OUT)
  -------------------------------------------------------------------    -------------------

Slack:                    inf
  Source:                 u_fc/logit0_reg[16]/C
                            (rising edge-triggered cell FDRE clocked by sys_clk  {rise@0.000ns fall@6.667ns period=13.333ns})
  Destination:            logit0[16]
                            (output port)
  Path Group:             (none)
  Path Type:              Min at Fast Process Corner
  Data Path Delay:        1.689ns  (logic 1.352ns (80.046%)  route 0.337ns (19.954%))
  Logic Levels:           1  (OBUF=1)
  Clock Uncertainty:      0.025ns  ((TSJ^2 + TIJ^2)^1/2 + DJ) / 2 + PE
    Total System Jitter     (TSJ):    0.050ns
    Total Input Jitter      (TIJ):    0.000ns
    Discrete Jitter          (DJ):    0.000ns
    Phase Error              (PE):    0.000ns

    Location             Delay type                Incr(ns)  Path(ns)    Netlist Resource(s)
  -------------------------------------------------------------------    -------------------
                         (clock sys_clk rise edge)    0.000     0.000 r  
    H16                                               0.000     0.000 r  clk (IN)
                         net (fo=0)                   0.000     0.000    clk
    H16                  IBUF (Prop_ibuf_I_O)         0.219     0.219 r  clk_IBUF_inst/O
                         net (fo=1, unplaced)         0.337     0.556    clk_IBUF
                         BUFG (Prop_bufg_I_O)         0.026     0.582 r  clk_IBUF_BUFG_inst/O
                         net (fo=2453, unplaced)      0.114     0.696    u_fc/clk_IBUF_BUFG
                         FDRE                                         r  u_fc/logit0_reg[16]/C
  -------------------------------------------------------------------    -------------------
                         FDRE (Prop_fdre_C_Q)         0.147     0.843 r  u_fc/logit0_reg[16]/Q
                         net (fo=2, unplaced)         0.337     1.180    logit0_OBUF[16]
                         OBUF (Prop_obuf_I_O)         1.205     2.385 r  logit0_OBUF[16]_inst/O
                         net (fo=0)                   0.000     2.385    logit0[16]
                                                                      r  logit0[16] (OUT)
  -------------------------------------------------------------------    -------------------

Slack:                    inf
  Source:                 u_fc/logit0_reg[17]/C
                            (rising edge-triggered cell FDRE clocked by sys_clk  {rise@0.000ns fall@6.667ns period=13.333ns})
  Destination:            logit0[17]
                            (output port)
  Path Group:             (none)
  Path Type:              Min at Fast Process Corner
  Data Path Delay:        1.689ns  (logic 1.352ns (80.046%)  route 0.337ns (19.954%))
  Logic Levels:           1  (OBUF=1)
  Clock Uncertainty:      0.025ns  ((TSJ^2 + TIJ^2)^1/2 + DJ) / 2 + PE
    Total System Jitter     (TSJ):    0.050ns
    Total Input Jitter      (TIJ):    0.000ns
    Discrete Jitter          (DJ):    0.000ns
    Phase Error              (PE):    0.000ns

    Location             Delay type                Incr(ns)  Path(ns)    Netlist Resource(s)
  -------------------------------------------------------------------    -------------------
                         (clock sys_clk rise edge)    0.000     0.000 r  
    H16                                               0.000     0.000 r  clk (IN)
                         net (fo=0)                   0.000     0.000    clk
    H16                  IBUF (Prop_ibuf_I_O)         0.219     0.219 r  clk_IBUF_inst/O
                         net (fo=1, unplaced)         0.337     0.556    clk_IBUF
                         BUFG (Prop_bufg_I_O)         0.026     0.582 r  clk_IBUF_BUFG_inst/O
                         net (fo=2453, unplaced)      0.114     0.696    u_fc/clk_IBUF_BUFG
                         FDRE                                         r  u_fc/logit0_reg[17]/C
  -------------------------------------------------------------------    -------------------
                         FDRE (Prop_fdre_C_Q)         0.147     0.843 r  u_fc/logit0_reg[17]/Q
                         net (fo=2, unplaced)         0.337     1.180    logit0_OBUF[17]
                         OBUF (Prop_obuf_I_O)         1.205     2.385 r  logit0_OBUF[17]_inst/O
                         net (fo=0)                   0.000     2.385    logit0[17]
                                                                      r  logit0[17] (OUT)
  -------------------------------------------------------------------    -------------------

Slack:                    inf
  Source:                 u_fc/logit0_reg[18]/C
                            (rising edge-triggered cell FDRE clocked by sys_clk  {rise@0.000ns fall@6.667ns period=13.333ns})
  Destination:            logit0[18]
                            (output port)
  Path Group:             (none)
  Path Type:              Min at Fast Process Corner
  Data Path Delay:        1.689ns  (logic 1.352ns (80.046%)  route 0.337ns (19.954%))
  Logic Levels:           1  (OBUF=1)
  Clock Uncertainty:      0.025ns  ((TSJ^2 + TIJ^2)^1/2 + DJ) / 2 + PE
    Total System Jitter     (TSJ):    0.050ns
    Total Input Jitter      (TIJ):    0.000ns
    Discrete Jitter          (DJ):    0.000ns
    Phase Error              (PE):    0.000ns

    Location             Delay type                Incr(ns)  Path(ns)    Netlist Resource(s)
  -------------------------------------------------------------------    -------------------
                         (clock sys_clk rise edge)    0.000     0.000 r  
    H16                                               0.000     0.000 r  clk (IN)
                         net (fo=0)                   0.000     0.000    clk
    H16                  IBUF (Prop_ibuf_I_O)         0.219     0.219 r  clk_IBUF_inst/O
                         net (fo=1, unplaced)         0.337     0.556    clk_IBUF
                         BUFG (Prop_bufg_I_O)         0.026     0.582 r  clk_IBUF_BUFG_inst/O
                         net (fo=2453, unplaced)      0.114     0.696    u_fc/clk_IBUF_BUFG
                         FDRE                                         r  u_fc/logit0_reg[18]/C
  -------------------------------------------------------------------    -------------------
                         FDRE (Prop_fdre_C_Q)         0.147     0.843 r  u_fc/logit0_reg[18]/Q
                         net (fo=2, unplaced)         0.337     1.180    logit0_OBUF[18]
                         OBUF (Prop_obuf_I_O)         1.205     2.385 r  logit0_OBUF[18]_inst/O
                         net (fo=0)                   0.000     2.385    logit0[18]
                                                                      r  logit0[18] (OUT)
  -------------------------------------------------------------------    -------------------





--------------------------------------------------------------------------------------
Path Group:  (none)
From Clock:  
  To Clock:  sys_clk

Max Delay          3125 Endpoints
Min Delay          3125 Endpoints
--------------------------------------------------------------------------------------


Max Delay Paths
--------------------------------------------------------------------------------------
Slack:                    inf
  Source:                 rst
                            (input port)
  Destination:            u_gap/gap_out_flat_reg[0]/S
                            (rising edge-triggered cell FDSE clocked by sys_clk  {rise@0.000ns fall@6.667ns period=13.333ns})
  Path Group:             (none)
  Path Type:              Setup (Max at Slow Process Corner)
  Data Path Delay:        3.884ns  (logic 1.711ns (44.061%)  route 2.173ns (55.939%))
  Logic Levels:           3  (IBUF=1 LUT3=1 LUT5=1)
  Clock Path Skew:        2.670ns (DCD - SCD + CPR)
    Destination Clock Delay (DCD):    2.670ns
    Source Clock Delay      (SCD):    0.000ns
    Clock Pessimism Removal (CPR):    0.000ns
  Clock Uncertainty:      0.025ns  ((TSJ^2 + TIJ^2)^1/2 + DJ) / 2 + PE
    Total System Jitter     (TSJ):    0.050ns
    Total Input Jitter      (TIJ):    0.000ns
    Discrete Jitter          (DJ):    0.000ns
    Phase Error              (PE):    0.000ns

    Location             Delay type                Incr(ns)  Path(ns)    Netlist Resource(s)
  -------------------------------------------------------------------    -------------------
    D19                                               0.000     0.000 f  rst (IN)
                         net (fo=0)                   0.000     0.000    rst
    D19                  IBUF (Prop_ibuf_I_O)         1.463     1.463 f  rst_IBUF_inst/O
                         net (fo=185, unplaced)       0.800     2.263    u_gap/rst_IBUF
                         LUT3 (Prop_lut3_I2_O)        0.124     2.387 r  u_gap/gap_out_flat[889]_i_2/O
                         net (fo=576, unplaced)       0.559     2.946    u_gap/gap_out_flat[889]_i_2_n_0
                         LUT5 (Prop_lut5_I4_O)        0.124     3.070 r  u_gap/gap_out_flat[7]_i_1/O
                         net (fo=8, unplaced)         0.814     3.884    u_gap/gap_out_flat[7]_i_1_n_0
                         FDSE                                         r  u_gap/gap_out_flat_reg[0]/S
  -------------------------------------------------------------------    -------------------

                         (clock sys_clk rise edge)    0.000     0.000 r  
    H16                                               0.000     0.000 r  clk (IN)
                         net (fo=0)                   0.000     0.000    clk
    H16                  IBUF (Prop_ibuf_I_O)         1.380     1.380 r  clk_IBUF_inst/O
                         net (fo=1, unplaced)         0.760     2.140    clk_IBUF
                         BUFG (Prop_bufg_I_O)         0.091     2.231 r  clk_IBUF_BUFG_inst/O
                         net (fo=2453, unplaced)      0.439     2.670    u_gap/clk_IBUF_BUFG
                         FDSE                                         r  u_gap/gap_out_flat_reg[0]/C

Slack:                    inf
  Source:                 rst
                            (input port)
  Destination:            u_gap/gap_out_flat_reg[100]/S
                            (rising edge-triggered cell FDSE clocked by sys_clk  {rise@0.000ns fall@6.667ns period=13.333ns})
  Path Group:             (none)
  Path Type:              Setup (Max at Slow Process Corner)
  Data Path Delay:        3.884ns  (logic 1.711ns (44.061%)  route 2.173ns (55.939%))
  Logic Levels:           3  (IBUF=1 LUT3=1 LUT5=1)
  Clock Path Skew:        2.670ns (DCD - SCD + CPR)
    Destination Clock Delay (DCD):    2.670ns
    Source Clock Delay      (SCD):    0.000ns
    Clock Pessimism Removal (CPR):    0.000ns
  Clock Uncertainty:      0.025ns  ((TSJ^2 + TIJ^2)^1/2 + DJ) / 2 + PE
    Total System Jitter     (TSJ):    0.050ns
    Total Input Jitter      (TIJ):    0.000ns
    Discrete Jitter          (DJ):    0.000ns
    Phase Error              (PE):    0.000ns

    Location             Delay type                Incr(ns)  Path(ns)    Netlist Resource(s)
  -------------------------------------------------------------------    -------------------
    D19                                               0.000     0.000 f  rst (IN)
                         net (fo=0)                   0.000     0.000    rst
    D19                  IBUF (Prop_ibuf_I_O)         1.463     1.463 f  rst_IBUF_inst/O
                         net (fo=185, unplaced)       0.800     2.263    u_gap/rst_IBUF
                         LUT3 (Prop_lut3_I2_O)        0.124     2.387 r  u_gap/gap_out_flat[889]_i_2/O
                         net (fo=576, unplaced)       0.559     2.946    u_gap/gap_out_flat[889]_i_2_n_0
                         LUT5 (Prop_lut5_I4_O)        0.124     3.070 r  u_gap/gap_out_flat[105]_i_1/O
                         net (fo=8, unplaced)         0.814     3.884    u_gap/gap_out_flat[105]_i_1_n_0
                         FDSE                                         r  u_gap/gap_out_flat_reg[100]/S
  -------------------------------------------------------------------    -------------------

                         (clock sys_clk rise edge)    0.000     0.000 r  
    H16                                               0.000     0.000 r  clk (IN)
                         net (fo=0)                   0.000     0.000    clk
    H16                  IBUF (Prop_ibuf_I_O)         1.380     1.380 r  clk_IBUF_inst/O
                         net (fo=1, unplaced)         0.760     2.140    clk_IBUF
                         BUFG (Prop_bufg_I_O)         0.091     2.231 r  clk_IBUF_BUFG_inst/O
                         net (fo=2453, unplaced)      0.439     2.670    u_gap/clk_IBUF_BUFG
                         FDSE                                         r  u_gap/gap_out_flat_reg[100]/C

Slack:                    inf
  Source:                 rst
                            (input port)
  Destination:            u_gap/gap_out_flat_reg[101]/S
                            (rising edge-triggered cell FDSE clocked by sys_clk  {rise@0.000ns fall@6.667ns period=13.333ns})
  Path Group:             (none)
  Path Type:              Setup (Max at Slow Process Corner)
  Data Path Delay:        3.884ns  (logic 1.711ns (44.061%)  route 2.173ns (55.939%))
  Logic Levels:           3  (IBUF=1 LUT3=1 LUT5=1)
  Clock Path Skew:        2.670ns (DCD - SCD + CPR)
    Destination Clock Delay (DCD):    2.670ns
    Source Clock Delay      (SCD):    0.000ns
    Clock Pessimism Removal (CPR):    0.000ns
  Clock Uncertainty:      0.025ns  ((TSJ^2 + TIJ^2)^1/2 + DJ) / 2 + PE
    Total System Jitter     (TSJ):    0.050ns
    Total Input Jitter      (TIJ):    0.000ns
    Discrete Jitter          (DJ):    0.000ns
    Phase Error              (PE):    0.000ns

    Location             Delay type                Incr(ns)  Path(ns)    Netlist Resource(s)
  -------------------------------------------------------------------    -------------------
    D19                                               0.000     0.000 f  rst (IN)
                         net (fo=0)                   0.000     0.000    rst
    D19                  IBUF (Prop_ibuf_I_O)         1.463     1.463 f  rst_IBUF_inst/O
                         net (fo=185, unplaced)       0.800     2.263    u_gap/rst_IBUF
                         LUT3 (Prop_lut3_I2_O)        0.124     2.387 r  u_gap/gap_out_flat[889]_i_2/O
                         net (fo=576, unplaced)       0.559     2.946    u_gap/gap_out_flat[889]_i_2_n_0
                         LUT5 (Prop_lut5_I4_O)        0.124     3.070 r  u_gap/gap_out_flat[105]_i_1/O
                         net (fo=8, unplaced)         0.814     3.884    u_gap/gap_out_flat[105]_i_1_n_0
                         FDSE                                         r  u_gap/gap_out_flat_reg[101]/S
  -------------------------------------------------------------------    -------------------

                         (clock sys_clk rise edge)    0.000     0.000 r  
    H16                                               0.000     0.000 r  clk (IN)
                         net (fo=0)                   0.000     0.000    clk
    H16                  IBUF (Prop_ibuf_I_O)         1.380     1.380 r  clk_IBUF_inst/O
                         net (fo=1, unplaced)         0.760     2.140    clk_IBUF
                         BUFG (Prop_bufg_I_O)         0.091     2.231 r  clk_IBUF_BUFG_inst/O
                         net (fo=2453, unplaced)      0.439     2.670    u_gap/clk_IBUF_BUFG
                         FDSE                                         r  u_gap/gap_out_flat_reg[101]/C

Slack:                    inf
  Source:                 rst
                            (input port)
  Destination:            u_gap/gap_out_flat_reg[102]/S
                            (rising edge-triggered cell FDSE clocked by sys_clk  {rise@0.000ns fall@6.667ns period=13.333ns})
  Path Group:             (none)
  Path Type:              Setup (Max at Slow Process Corner)
  Data Path Delay:        3.884ns  (logic 1.711ns (44.061%)  route 2.173ns (55.939%))
  Logic Levels:           3  (IBUF=1 LUT3=1 LUT5=1)
  Clock Path Skew:        2.670ns (DCD - SCD + CPR)
    Destination Clock Delay (DCD):    2.670ns
    Source Clock Delay      (SCD):    0.000ns
    Clock Pessimism Removal (CPR):    0.000ns
  Clock Uncertainty:      0.025ns  ((TSJ^2 + TIJ^2)^1/2 + DJ) / 2 + PE
    Total System Jitter     (TSJ):    0.050ns
    Total Input Jitter      (TIJ):    0.000ns
    Discrete Jitter          (DJ):    0.000ns
    Phase Error              (PE):    0.000ns

    Location             Delay type                Incr(ns)  Path(ns)    Netlist Resource(s)
  -------------------------------------------------------------------    -------------------
    D19                                               0.000     0.000 f  rst (IN)
                         net (fo=0)                   0.000     0.000    rst
    D19                  IBUF (Prop_ibuf_I_O)         1.463     1.463 f  rst_IBUF_inst/O
                         net (fo=185, unplaced)       0.800     2.263    u_gap/rst_IBUF
                         LUT3 (Prop_lut3_I2_O)        0.124     2.387 r  u_gap/gap_out_flat[889]_i_2/O
                         net (fo=576, unplaced)       0.559     2.946    u_gap/gap_out_flat[889]_i_2_n_0
                         LUT5 (Prop_lut5_I4_O)        0.124     3.070 r  u_gap/gap_out_flat[105]_i_1/O
                         net (fo=8, unplaced)         0.814     3.884    u_gap/gap_out_flat[105]_i_1_n_0
                         FDSE                                         r  u_gap/gap_out_flat_reg[102]/S
  -------------------------------------------------------------------    -------------------

                         (clock sys_clk rise edge)    0.000     0.000 r  
    H16                                               0.000     0.000 r  clk (IN)
                         net (fo=0)                   0.000     0.000    clk
    H16                  IBUF (Prop_ibuf_I_O)         1.380     1.380 r  clk_IBUF_inst/O
                         net (fo=1, unplaced)         0.760     2.140    clk_IBUF
                         BUFG (Prop_bufg_I_O)         0.091     2.231 r  clk_IBUF_BUFG_inst/O
                         net (fo=2453, unplaced)      0.439     2.670    u_gap/clk_IBUF_BUFG
                         FDSE                                         r  u_gap/gap_out_flat_reg[102]/C

Slack:                    inf
  Source:                 rst
                            (input port)
  Destination:            u_gap/gap_out_flat_reg[103]/S
                            (rising edge-triggered cell FDSE clocked by sys_clk  {rise@0.000ns fall@6.667ns period=13.333ns})
  Path Group:             (none)
  Path Type:              Setup (Max at Slow Process Corner)
  Data Path Delay:        3.884ns  (logic 1.711ns (44.061%)  route 2.173ns (55.939%))
  Logic Levels:           3  (IBUF=1 LUT3=1 LUT5=1)
  Clock Path Skew:        2.670ns (DCD - SCD + CPR)
    Destination Clock Delay (DCD):    2.670ns
    Source Clock Delay      (SCD):    0.000ns
    Clock Pessimism Removal (CPR):    0.000ns
  Clock Uncertainty:      0.025ns  ((TSJ^2 + TIJ^2)^1/2 + DJ) / 2 + PE
    Total System Jitter     (TSJ):    0.050ns
    Total Input Jitter      (TIJ):    0.000ns
    Discrete Jitter          (DJ):    0.000ns
    Phase Error              (PE):    0.000ns

    Location             Delay type                Incr(ns)  Path(ns)    Netlist Resource(s)
  -------------------------------------------------------------------    -------------------
    D19                                               0.000     0.000 f  rst (IN)
                         net (fo=0)                   0.000     0.000    rst
    D19                  IBUF (Prop_ibuf_I_O)         1.463     1.463 f  rst_IBUF_inst/O
                         net (fo=185, unplaced)       0.800     2.263    u_gap/rst_IBUF
                         LUT3 (Prop_lut3_I2_O)        0.124     2.387 r  u_gap/gap_out_flat[889]_i_2/O
                         net (fo=576, unplaced)       0.559     2.946    u_gap/gap_out_flat[889]_i_2_n_0
                         LUT5 (Prop_lut5_I4_O)        0.124     3.070 r  u_gap/gap_out_flat[105]_i_1/O
                         net (fo=8, unplaced)         0.814     3.884    u_gap/gap_out_flat[105]_i_1_n_0
                         FDSE                                         r  u_gap/gap_out_flat_reg[103]/S
  -------------------------------------------------------------------    -------------------

                         (clock sys_clk rise edge)    0.000     0.000 r  
    H16                                               0.000     0.000 r  clk (IN)
                         net (fo=0)                   0.000     0.000    clk
    H16                  IBUF (Prop_ibuf_I_O)         1.380     1.380 r  clk_IBUF_inst/O
                         net (fo=1, unplaced)         0.760     2.140    clk_IBUF
                         BUFG (Prop_bufg_I_O)         0.091     2.231 r  clk_IBUF_BUFG_inst/O
                         net (fo=2453, unplaced)      0.439     2.670    u_gap/clk_IBUF_BUFG
                         FDSE                                         r  u_gap/gap_out_flat_reg[103]/C

Slack:                    inf
  Source:                 rst
                            (input port)
  Destination:            u_gap/gap_out_flat_reg[104]/S
                            (rising edge-triggered cell FDSE clocked by sys_clk  {rise@0.000ns fall@6.667ns period=13.333ns})
  Path Group:             (none)
  Path Type:              Setup (Max at Slow Process Corner)
  Data Path Delay:        3.884ns  (logic 1.711ns (44.061%)  route 2.173ns (55.939%))
  Logic Levels:           3  (IBUF=1 LUT3=1 LUT5=1)
  Clock Path Skew:        2.670ns (DCD - SCD + CPR)
    Destination Clock Delay (DCD):    2.670ns
    Source Clock Delay      (SCD):    0.000ns
    Clock Pessimism Removal (CPR):    0.000ns
  Clock Uncertainty:      0.025ns  ((TSJ^2 + TIJ^2)^1/2 + DJ) / 2 + PE
    Total System Jitter     (TSJ):    0.050ns
    Total Input Jitter      (TIJ):    0.000ns
    Discrete Jitter          (DJ):    0.000ns
    Phase Error              (PE):    0.000ns

    Location             Delay type                Incr(ns)  Path(ns)    Netlist Resource(s)
  -------------------------------------------------------------------    -------------------
    D19                                               0.000     0.000 f  rst (IN)
                         net (fo=0)                   0.000     0.000    rst
    D19                  IBUF (Prop_ibuf_I_O)         1.463     1.463 f  rst_IBUF_inst/O
                         net (fo=185, unplaced)       0.800     2.263    u_gap/rst_IBUF
                         LUT3 (Prop_lut3_I2_O)        0.124     2.387 r  u_gap/gap_out_flat[889]_i_2/O
                         net (fo=576, unplaced)       0.559     2.946    u_gap/gap_out_flat[889]_i_2_n_0
                         LUT5 (Prop_lut5_I4_O)        0.124     3.070 r  u_gap/gap_out_flat[105]_i_1/O
                         net (fo=8, unplaced)         0.814     3.884    u_gap/gap_out_flat[105]_i_1_n_0
                         FDSE                                         r  u_gap/gap_out_flat_reg[104]/S
  -------------------------------------------------------------------    -------------------

                         (clock sys_clk rise edge)    0.000     0.000 r  
    H16                                               0.000     0.000 r  clk (IN)
                         net (fo=0)                   0.000     0.000    clk
    H16                  IBUF (Prop_ibuf_I_O)         1.380     1.380 r  clk_IBUF_inst/O
                         net (fo=1, unplaced)         0.760     2.140    clk_IBUF
                         BUFG (Prop_bufg_I_O)         0.091     2.231 r  clk_IBUF_BUFG_inst/O
                         net (fo=2453, unplaced)      0.439     2.670    u_gap/clk_IBUF_BUFG
                         FDSE                                         r  u_gap/gap_out_flat_reg[104]/C

Slack:                    inf
  Source:                 rst
                            (input port)
  Destination:            u_gap/gap_out_flat_reg[105]/S
                            (rising edge-triggered cell FDSE clocked by sys_clk  {rise@0.000ns fall@6.667ns period=13.333ns})
  Path Group:             (none)
  Path Type:              Setup (Max at Slow Process Corner)
  Data Path Delay:        3.884ns  (logic 1.711ns (44.061%)  route 2.173ns (55.939%))
  Logic Levels:           3  (IBUF=1 LUT3=1 LUT5=1)
  Clock Path Skew:        2.670ns (DCD - SCD + CPR)
    Destination Clock Delay (DCD):    2.670ns
    Source Clock Delay      (SCD):    0.000ns
    Clock Pessimism Removal (CPR):    0.000ns
  Clock Uncertainty:      0.025ns  ((TSJ^2 + TIJ^2)^1/2 + DJ) / 2 + PE
    Total System Jitter     (TSJ):    0.050ns
    Total Input Jitter      (TIJ):    0.000ns
    Discrete Jitter          (DJ):    0.000ns
    Phase Error              (PE):    0.000ns

    Location             Delay type                Incr(ns)  Path(ns)    Netlist Resource(s)
  -------------------------------------------------------------------    -------------------
    D19                                               0.000     0.000 f  rst (IN)
                         net (fo=0)                   0.000     0.000    rst
    D19                  IBUF (Prop_ibuf_I_O)         1.463     1.463 f  rst_IBUF_inst/O
                         net (fo=185, unplaced)       0.800     2.263    u_gap/rst_IBUF
                         LUT3 (Prop_lut3_I2_O)        0.124     2.387 r  u_gap/gap_out_flat[889]_i_2/O
                         net (fo=576, unplaced)       0.559     2.946    u_gap/gap_out_flat[889]_i_2_n_0
                         LUT5 (Prop_lut5_I4_O)        0.124     3.070 r  u_gap/gap_out_flat[105]_i_1/O
                         net (fo=8, unplaced)         0.814     3.884    u_gap/gap_out_flat[105]_i_1_n_0
                         FDSE                                         r  u_gap/gap_out_flat_reg[105]/S
  -------------------------------------------------------------------    -------------------

                         (clock sys_clk rise edge)    0.000     0.000 r  
    H16                                               0.000     0.000 r  clk (IN)
                         net (fo=0)                   0.000     0.000    clk
    H16                  IBUF (Prop_ibuf_I_O)         1.380     1.380 r  clk_IBUF_inst/O
                         net (fo=1, unplaced)         0.760     2.140    clk_IBUF
                         BUFG (Prop_bufg_I_O)         0.091     2.231 r  clk_IBUF_BUFG_inst/O
                         net (fo=2453, unplaced)      0.439     2.670    u_gap/clk_IBUF_BUFG
                         FDSE                                         r  u_gap/gap_out_flat_reg[105]/C

Slack:                    inf
  Source:                 rst
                            (input port)
  Destination:            u_gap/gap_out_flat_reg[112]/S
                            (rising edge-triggered cell FDSE clocked by sys_clk  {rise@0.000ns fall@6.667ns period=13.333ns})
  Path Group:             (none)
  Path Type:              Setup (Max at Slow Process Corner)
  Data Path Delay:        3.884ns  (logic 1.711ns (44.061%)  route 2.173ns (55.939%))
  Logic Levels:           3  (IBUF=1 LUT3=1 LUT5=1)
  Clock Path Skew:        2.670ns (DCD - SCD + CPR)
    Destination Clock Delay (DCD):    2.670ns
    Source Clock Delay      (SCD):    0.000ns
    Clock Pessimism Removal (CPR):    0.000ns
  Clock Uncertainty:      0.025ns  ((TSJ^2 + TIJ^2)^1/2 + DJ) / 2 + PE
    Total System Jitter     (TSJ):    0.050ns
    Total Input Jitter      (TIJ):    0.000ns
    Discrete Jitter          (DJ):    0.000ns
    Phase Error              (PE):    0.000ns

    Location             Delay type                Incr(ns)  Path(ns)    Netlist Resource(s)
  -------------------------------------------------------------------    -------------------
    D19                                               0.000     0.000 f  rst (IN)
                         net (fo=0)                   0.000     0.000    rst
    D19                  IBUF (Prop_ibuf_I_O)         1.463     1.463 f  rst_IBUF_inst/O
                         net (fo=185, unplaced)       0.800     2.263    u_gap/rst_IBUF
                         LUT3 (Prop_lut3_I2_O)        0.124     2.387 r  u_gap/gap_out_flat[889]_i_2/O
                         net (fo=576, unplaced)       0.559     2.946    u_gap/gap_out_flat[889]_i_2_n_0
                         LUT5 (Prop_lut5_I4_O)        0.124     3.070 r  u_gap/gap_out_flat[119]_i_1/O
                         net (fo=8, unplaced)         0.814     3.884    u_gap/gap_out_flat[119]_i_1_n_0
                         FDSE                                         r  u_gap/gap_out_flat_reg[112]/S
  -------------------------------------------------------------------    -------------------

                         (clock sys_clk rise edge)    0.000     0.000 r  
    H16                                               0.000     0.000 r  clk (IN)
                         net (fo=0)                   0.000     0.000    clk
    H16                  IBUF (Prop_ibuf_I_O)         1.380     1.380 r  clk_IBUF_inst/O
                         net (fo=1, unplaced)         0.760     2.140    clk_IBUF
                         BUFG (Prop_bufg_I_O)         0.091     2.231 r  clk_IBUF_BUFG_inst/O
                         net (fo=2453, unplaced)      0.439     2.670    u_gap/clk_IBUF_BUFG
                         FDSE                                         r  u_gap/gap_out_flat_reg[112]/C

Slack:                    inf
  Source:                 rst
                            (input port)
  Destination:            u_gap/gap_out_flat_reg[113]/S
                            (rising edge-triggered cell FDSE clocked by sys_clk  {rise@0.000ns fall@6.667ns period=13.333ns})
  Path Group:             (none)
  Path Type:              Setup (Max at Slow Process Corner)
  Data Path Delay:        3.884ns  (logic 1.711ns (44.061%)  route 2.173ns (55.939%))
  Logic Levels:           3  (IBUF=1 LUT3=1 LUT5=1)
  Clock Path Skew:        2.670ns (DCD - SCD + CPR)
    Destination Clock Delay (DCD):    2.670ns
    Source Clock Delay      (SCD):    0.000ns
    Clock Pessimism Removal (CPR):    0.000ns
  Clock Uncertainty:      0.025ns  ((TSJ^2 + TIJ^2)^1/2 + DJ) / 2 + PE
    Total System Jitter     (TSJ):    0.050ns
    Total Input Jitter      (TIJ):    0.000ns
    Discrete Jitter          (DJ):    0.000ns
    Phase Error              (PE):    0.000ns

    Location             Delay type                Incr(ns)  Path(ns)    Netlist Resource(s)
  -------------------------------------------------------------------    -------------------
    D19                                               0.000     0.000 f  rst (IN)
                         net (fo=0)                   0.000     0.000    rst
    D19                  IBUF (Prop_ibuf_I_O)         1.463     1.463 f  rst_IBUF_inst/O
                         net (fo=185, unplaced)       0.800     2.263    u_gap/rst_IBUF
                         LUT3 (Prop_lut3_I2_O)        0.124     2.387 r  u_gap/gap_out_flat[889]_i_2/O
                         net (fo=576, unplaced)       0.559     2.946    u_gap/gap_out_flat[889]_i_2_n_0
                         LUT5 (Prop_lut5_I4_O)        0.124     3.070 r  u_gap/gap_out_flat[119]_i_1/O
                         net (fo=8, unplaced)         0.814     3.884    u_gap/gap_out_flat[119]_i_1_n_0
                         FDSE                                         r  u_gap/gap_out_flat_reg[113]/S
  -------------------------------------------------------------------    -------------------

                         (clock sys_clk rise edge)    0.000     0.000 r  
    H16                                               0.000     0.000 r  clk (IN)
                         net (fo=0)                   0.000     0.000    clk
    H16                  IBUF (Prop_ibuf_I_O)         1.380     1.380 r  clk_IBUF_inst/O
                         net (fo=1, unplaced)         0.760     2.140    clk_IBUF
                         BUFG (Prop_bufg_I_O)         0.091     2.231 r  clk_IBUF_BUFG_inst/O
                         net (fo=2453, unplaced)      0.439     2.670    u_gap/clk_IBUF_BUFG
                         FDSE                                         r  u_gap/gap_out_flat_reg[113]/C

Slack:                    inf
  Source:                 rst
                            (input port)
  Destination:            u_gap/gap_out_flat_reg[114]/S
                            (rising edge-triggered cell FDSE clocked by sys_clk  {rise@0.000ns fall@6.667ns period=13.333ns})
  Path Group:             (none)
  Path Type:              Setup (Max at Slow Process Corner)
  Data Path Delay:        3.884ns  (logic 1.711ns (44.061%)  route 2.173ns (55.939%))
  Logic Levels:           3  (IBUF=1 LUT3=1 LUT5=1)
  Clock Path Skew:        2.670ns (DCD - SCD + CPR)
    Destination Clock Delay (DCD):    2.670ns
    Source Clock Delay      (SCD):    0.000ns
    Clock Pessimism Removal (CPR):    0.000ns
  Clock Uncertainty:      0.025ns  ((TSJ^2 + TIJ^2)^1/2 + DJ) / 2 + PE
    Total System Jitter     (TSJ):    0.050ns
    Total Input Jitter      (TIJ):    0.000ns
    Discrete Jitter          (DJ):    0.000ns
    Phase Error              (PE):    0.000ns

    Location             Delay type                Incr(ns)  Path(ns)    Netlist Resource(s)
  -------------------------------------------------------------------    -------------------
    D19                                               0.000     0.000 f  rst (IN)
                         net (fo=0)                   0.000     0.000    rst
    D19                  IBUF (Prop_ibuf_I_O)         1.463     1.463 f  rst_IBUF_inst/O
                         net (fo=185, unplaced)       0.800     2.263    u_gap/rst_IBUF
                         LUT3 (Prop_lut3_I2_O)        0.124     2.387 r  u_gap/gap_out_flat[889]_i_2/O
                         net (fo=576, unplaced)       0.559     2.946    u_gap/gap_out_flat[889]_i_2_n_0
                         LUT5 (Prop_lut5_I4_O)        0.124     3.070 r  u_gap/gap_out_flat[119]_i_1/O
                         net (fo=8, unplaced)         0.814     3.884    u_gap/gap_out_flat[119]_i_1_n_0
                         FDSE                                         r  u_gap/gap_out_flat_reg[114]/S
  -------------------------------------------------------------------    -------------------

                         (clock sys_clk rise edge)    0.000     0.000 r  
    H16                                               0.000     0.000 r  clk (IN)
                         net (fo=0)                   0.000     0.000    clk
    H16                  IBUF (Prop_ibuf_I_O)         1.380     1.380 r  clk_IBUF_inst/O
                         net (fo=1, unplaced)         0.760     2.140    clk_IBUF
                         BUFG (Prop_bufg_I_O)         0.091     2.231 r  clk_IBUF_BUFG_inst/O
                         net (fo=2453, unplaced)      0.439     2.670    u_gap/clk_IBUF_BUFG
                         FDSE                                         r  u_gap/gap_out_flat_reg[114]/C





Min Delay Paths
--------------------------------------------------------------------------------------
Slack:                    inf
  Source:                 pixel_valid
                            (input port)
  Destination:            pixel_addr_reg[0]/CE
                            (rising edge-triggered cell FDRE clocked by sys_clk  {rise@0.000ns fall@6.667ns period=13.333ns})
  Path Group:             (none)
  Path Type:              Hold (Min at Fast Process Corner)
  Data Path Delay:        0.538ns  (logic 0.200ns (37.290%)  route 0.337ns (62.710%))
  Logic Levels:           1  (IBUF=1)
  Clock Path Skew:        1.049ns (DCD - SCD - CPR)
    Destination Clock Delay (DCD):    1.049ns
    Source Clock Delay      (SCD):    0.000ns
    Clock Pessimism Removal (CPR):    -0.000ns

    Location             Delay type                Incr(ns)  Path(ns)    Netlist Resource(s)
  -------------------------------------------------------------------    -------------------
                                                      0.000     0.000 r  pixel_valid (IN)
                         net (fo=0)                   0.000     0.000    pixel_valid
                         IBUF (Prop_ibuf_I_O)         0.200     0.200 r  pixel_valid_IBUF_inst/O
                         net (fo=56, unplaced)        0.337     0.538    pixel_valid_IBUF
                         FDRE                                         r  pixel_addr_reg[0]/CE
  -------------------------------------------------------------------    -------------------

                         (clock sys_clk rise edge)    0.000     0.000 r  
    H16                                               0.000     0.000 r  clk (IN)
                         net (fo=0)                   0.000     0.000    clk
    H16                  IBUF (Prop_ibuf_I_O)         0.406     0.406 r  clk_IBUF_inst/O
                         net (fo=1, unplaced)         0.355     0.761    clk_IBUF
                         BUFG (Prop_bufg_I_O)         0.029     0.790 r  clk_IBUF_BUFG_inst/O
                         net (fo=2453, unplaced)      0.259     1.049    clk_IBUF_BUFG
                         FDRE                                         r  pixel_addr_reg[0]/C

Slack:                    inf
  Source:                 pixel_valid
                            (input port)
  Destination:            pixel_addr_reg[10]/CE
                            (rising edge-triggered cell FDRE clocked by sys_clk  {rise@0.000ns fall@6.667ns period=13.333ns})
  Path Group:             (none)
  Path Type:              Hold (Min at Fast Process Corner)
  Data Path Delay:        0.538ns  (logic 0.200ns (37.290%)  route 0.337ns (62.710%))
  Logic Levels:           1  (IBUF=1)
  Clock Path Skew:        1.049ns (DCD - SCD - CPR)
    Destination Clock Delay (DCD):    1.049ns
    Source Clock Delay      (SCD):    0.000ns
    Clock Pessimism Removal (CPR):    -0.000ns

    Location             Delay type                Incr(ns)  Path(ns)    Netlist Resource(s)
  -------------------------------------------------------------------    -------------------
                                                      0.000     0.000 r  pixel_valid (IN)
                         net (fo=0)                   0.000     0.000    pixel_valid
                         IBUF (Prop_ibuf_I_O)         0.200     0.200 r  pixel_valid_IBUF_inst/O
                         net (fo=56, unplaced)        0.337     0.538    pixel_valid_IBUF
                         FDRE                                         r  pixel_addr_reg[10]/CE
  -------------------------------------------------------------------    -------------------

                         (clock sys_clk rise edge)    0.000     0.000 r  
    H16                                               0.000     0.000 r  clk (IN)
                         net (fo=0)                   0.000     0.000    clk
    H16                  IBUF (Prop_ibuf_I_O)         0.406     0.406 r  clk_IBUF_inst/O
                         net (fo=1, unplaced)         0.355     0.761    clk_IBUF
                         BUFG (Prop_bufg_I_O)         0.029     0.790 r  clk_IBUF_BUFG_inst/O
                         net (fo=2453, unplaced)      0.259     1.049    clk_IBUF_BUFG
                         FDRE                                         r  pixel_addr_reg[10]/C

Slack:                    inf
  Source:                 pixel_valid
                            (input port)
  Destination:            pixel_addr_reg[11]/CE
                            (rising edge-triggered cell FDRE clocked by sys_clk  {rise@0.000ns fall@6.667ns period=13.333ns})
  Path Group:             (none)
  Path Type:              Hold (Min at Fast Process Corner)
  Data Path Delay:        0.538ns  (logic 0.200ns (37.290%)  route 0.337ns (62.710%))
  Logic Levels:           1  (IBUF=1)
  Clock Path Skew:        1.049ns (DCD - SCD - CPR)
    Destination Clock Delay (DCD):    1.049ns
    Source Clock Delay      (SCD):    0.000ns
    Clock Pessimism Removal (CPR):    -0.000ns

    Location             Delay type                Incr(ns)  Path(ns)    Netlist Resource(s)
  -------------------------------------------------------------------    -------------------
                                                      0.000     0.000 r  pixel_valid (IN)
                         net (fo=0)                   0.000     0.000    pixel_valid
                         IBUF (Prop_ibuf_I_O)         0.200     0.200 r  pixel_valid_IBUF_inst/O
                         net (fo=56, unplaced)        0.337     0.538    pixel_valid_IBUF
                         FDRE                                         r  pixel_addr_reg[11]/CE
  -------------------------------------------------------------------    -------------------

                         (clock sys_clk rise edge)    0.000     0.000 r  
    H16                                               0.000     0.000 r  clk (IN)
                         net (fo=0)                   0.000     0.000    clk
    H16                  IBUF (Prop_ibuf_I_O)         0.406     0.406 r  clk_IBUF_inst/O
                         net (fo=1, unplaced)         0.355     0.761    clk_IBUF
                         BUFG (Prop_bufg_I_O)         0.029     0.790 r  clk_IBUF_BUFG_inst/O
                         net (fo=2453, unplaced)      0.259     1.049    clk_IBUF_BUFG
                         FDRE                                         r  pixel_addr_reg[11]/C

Slack:                    inf
  Source:                 pixel_valid
                            (input port)
  Destination:            pixel_addr_reg[12]/CE
                            (rising edge-triggered cell FDRE clocked by sys_clk  {rise@0.000ns fall@6.667ns period=13.333ns})
  Path Group:             (none)
  Path Type:              Hold (Min at Fast Process Corner)
  Data Path Delay:        0.538ns  (logic 0.200ns (37.290%)  route 0.337ns (62.710%))
  Logic Levels:           1  (IBUF=1)
  Clock Path Skew:        1.049ns (DCD - SCD - CPR)
    Destination Clock Delay (DCD):    1.049ns
    Source Clock Delay      (SCD):    0.000ns
    Clock Pessimism Removal (CPR):    -0.000ns

    Location             Delay type                Incr(ns)  Path(ns)    Netlist Resource(s)
  -------------------------------------------------------------------    -------------------
                                                      0.000     0.000 r  pixel_valid (IN)
                         net (fo=0)                   0.000     0.000    pixel_valid
                         IBUF (Prop_ibuf_I_O)         0.200     0.200 r  pixel_valid_IBUF_inst/O
                         net (fo=56, unplaced)        0.337     0.538    pixel_valid_IBUF
                         FDRE                                         r  pixel_addr_reg[12]/CE
  -------------------------------------------------------------------    -------------------

                         (clock sys_clk rise edge)    0.000     0.000 r  
    H16                                               0.000     0.000 r  clk (IN)
                         net (fo=0)                   0.000     0.000    clk
    H16                  IBUF (Prop_ibuf_I_O)         0.406     0.406 r  clk_IBUF_inst/O
                         net (fo=1, unplaced)         0.355     0.761    clk_IBUF
                         BUFG (Prop_bufg_I_O)         0.029     0.790 r  clk_IBUF_BUFG_inst/O
                         net (fo=2453, unplaced)      0.259     1.049    clk_IBUF_BUFG
                         FDRE                                         r  pixel_addr_reg[12]/C

Slack:                    inf
  Source:                 pixel_valid
                            (input port)
  Destination:            pixel_addr_reg[13]/CE
                            (rising edge-triggered cell FDRE clocked by sys_clk  {rise@0.000ns fall@6.667ns period=13.333ns})
  Path Group:             (none)
  Path Type:              Hold (Min at Fast Process Corner)
  Data Path Delay:        0.538ns  (logic 0.200ns (37.290%)  route 0.337ns (62.710%))
  Logic Levels:           1  (IBUF=1)
  Clock Path Skew:        1.049ns (DCD - SCD - CPR)
    Destination Clock Delay (DCD):    1.049ns
    Source Clock Delay      (SCD):    0.000ns
    Clock Pessimism Removal (CPR):    -0.000ns

    Location             Delay type                Incr(ns)  Path(ns)    Netlist Resource(s)
  -------------------------------------------------------------------    -------------------
                                                      0.000     0.000 r  pixel_valid (IN)
                         net (fo=0)                   0.000     0.000    pixel_valid
                         IBUF (Prop_ibuf_I_O)         0.200     0.200 r  pixel_valid_IBUF_inst/O
                         net (fo=56, unplaced)        0.337     0.538    pixel_valid_IBUF
                         FDRE                                         r  pixel_addr_reg[13]/CE
  -------------------------------------------------------------------    -------------------

                         (clock sys_clk rise edge)    0.000     0.000 r  
    H16                                               0.000     0.000 r  clk (IN)
                         net (fo=0)                   0.000     0.000    clk
    H16                  IBUF (Prop_ibuf_I_O)         0.406     0.406 r  clk_IBUF_inst/O
                         net (fo=1, unplaced)         0.355     0.761    clk_IBUF
                         BUFG (Prop_bufg_I_O)         0.029     0.790 r  clk_IBUF_BUFG_inst/O
                         net (fo=2453, unplaced)      0.259     1.049    clk_IBUF_BUFG
                         FDRE                                         r  pixel_addr_reg[13]/C

Slack:                    inf
  Source:                 pixel_valid
                            (input port)
  Destination:            pixel_addr_reg[14]/CE
                            (rising edge-triggered cell FDRE clocked by sys_clk  {rise@0.000ns fall@6.667ns period=13.333ns})
  Path Group:             (none)
  Path Type:              Hold (Min at Fast Process Corner)
  Data Path Delay:        0.538ns  (logic 0.200ns (37.290%)  route 0.337ns (62.710%))
  Logic Levels:           1  (IBUF=1)
  Clock Path Skew:        1.049ns (DCD - SCD - CPR)
    Destination Clock Delay (DCD):    1.049ns
    Source Clock Delay      (SCD):    0.000ns
    Clock Pessimism Removal (CPR):    -0.000ns

    Location             Delay type                Incr(ns)  Path(ns)    Netlist Resource(s)
  -------------------------------------------------------------------    -------------------
                                                      0.000     0.000 r  pixel_valid (IN)
                         net (fo=0)                   0.000     0.000    pixel_valid
                         IBUF (Prop_ibuf_I_O)         0.200     0.200 r  pixel_valid_IBUF_inst/O
                         net (fo=56, unplaced)        0.337     0.538    pixel_valid_IBUF
                         FDRE                                         r  pixel_addr_reg[14]/CE
  -------------------------------------------------------------------    -------------------

                         (clock sys_clk rise edge)    0.000     0.000 r  
    H16                                               0.000     0.000 r  clk (IN)
                         net (fo=0)                   0.000     0.000    clk
    H16                  IBUF (Prop_ibuf_I_O)         0.406     0.406 r  clk_IBUF_inst/O
                         net (fo=1, unplaced)         0.355     0.761    clk_IBUF
                         BUFG (Prop_bufg_I_O)         0.029     0.790 r  clk_IBUF_BUFG_inst/O
                         net (fo=2453, unplaced)      0.259     1.049    clk_IBUF_BUFG
                         FDRE                                         r  pixel_addr_reg[14]/C

Slack:                    inf
  Source:                 pixel_valid
                            (input port)
  Destination:            pixel_addr_reg[15]/CE
                            (rising edge-triggered cell FDRE clocked by sys_clk  {rise@0.000ns fall@6.667ns period=13.333ns})
  Path Group:             (none)
  Path Type:              Hold (Min at Fast Process Corner)
  Data Path Delay:        0.538ns  (logic 0.200ns (37.290%)  route 0.337ns (62.710%))
  Logic Levels:           1  (IBUF=1)
  Clock Path Skew:        1.049ns (DCD - SCD - CPR)
    Destination Clock Delay (DCD):    1.049ns
    Source Clock Delay      (SCD):    0.000ns
    Clock Pessimism Removal (CPR):    -0.000ns

    Location             Delay type                Incr(ns)  Path(ns)    Netlist Resource(s)
  -------------------------------------------------------------------    -------------------
                                                      0.000     0.000 r  pixel_valid (IN)
                         net (fo=0)                   0.000     0.000    pixel_valid
                         IBUF (Prop_ibuf_I_O)         0.200     0.200 r  pixel_valid_IBUF_inst/O
                         net (fo=56, unplaced)        0.337     0.538    pixel_valid_IBUF
                         FDRE                                         r  pixel_addr_reg[15]/CE
  -------------------------------------------------------------------    -------------------

                         (clock sys_clk rise edge)    0.000     0.000 r  
    H16                                               0.000     0.000 r  clk (IN)
                         net (fo=0)                   0.000     0.000    clk
    H16                  IBUF (Prop_ibuf_I_O)         0.406     0.406 r  clk_IBUF_inst/O
                         net (fo=1, unplaced)         0.355     0.761    clk_IBUF
                         BUFG (Prop_bufg_I_O)         0.029     0.790 r  clk_IBUF_BUFG_inst/O
                         net (fo=2453, unplaced)      0.259     1.049    clk_IBUF_BUFG
                         FDRE                                         r  pixel_addr_reg[15]/C

Slack:                    inf
  Source:                 pixel_valid
                            (input port)
  Destination:            pixel_addr_reg[1]/CE
                            (rising edge-triggered cell FDRE clocked by sys_clk  {rise@0.000ns fall@6.667ns period=13.333ns})
  Path Group:             (none)
  Path Type:              Hold (Min at Fast Process Corner)
  Data Path Delay:        0.538ns  (logic 0.200ns (37.290%)  route 0.337ns (62.710%))
  Logic Levels:           1  (IBUF=1)
  Clock Path Skew:        1.049ns (DCD - SCD - CPR)
    Destination Clock Delay (DCD):    1.049ns
    Source Clock Delay      (SCD):    0.000ns
    Clock Pessimism Removal (CPR):    -0.000ns

    Location             Delay type                Incr(ns)  Path(ns)    Netlist Resource(s)
  -------------------------------------------------------------------    -------------------
                                                      0.000     0.000 r  pixel_valid (IN)
                         net (fo=0)                   0.000     0.000    pixel_valid
                         IBUF (Prop_ibuf_I_O)         0.200     0.200 r  pixel_valid_IBUF_inst/O
                         net (fo=56, unplaced)        0.337     0.538    pixel_valid_IBUF
                         FDRE                                         r  pixel_addr_reg[1]/CE
  -------------------------------------------------------------------    -------------------

                         (clock sys_clk rise edge)    0.000     0.000 r  
    H16                                               0.000     0.000 r  clk (IN)
                         net (fo=0)                   0.000     0.000    clk
    H16                  IBUF (Prop_ibuf_I_O)         0.406     0.406 r  clk_IBUF_inst/O
                         net (fo=1, unplaced)         0.355     0.761    clk_IBUF
                         BUFG (Prop_bufg_I_O)         0.029     0.790 r  clk_IBUF_BUFG_inst/O
                         net (fo=2453, unplaced)      0.259     1.049    clk_IBUF_BUFG
                         FDRE                                         r  pixel_addr_reg[1]/C

Slack:                    inf
  Source:                 pixel_valid
                            (input port)
  Destination:            pixel_addr_reg[2]/CE
                            (rising edge-triggered cell FDRE clocked by sys_clk  {rise@0.000ns fall@6.667ns period=13.333ns})
  Path Group:             (none)
  Path Type:              Hold (Min at Fast Process Corner)
  Data Path Delay:        0.538ns  (logic 0.200ns (37.290%)  route 0.337ns (62.710%))
  Logic Levels:           1  (IBUF=1)
  Clock Path Skew:        1.049ns (DCD - SCD - CPR)
    Destination Clock Delay (DCD):    1.049ns
    Source Clock Delay      (SCD):    0.000ns
    Clock Pessimism Removal (CPR):    -0.000ns

    Location             Delay type                Incr(ns)  Path(ns)    Netlist Resource(s)
  -------------------------------------------------------------------    -------------------
                                                      0.000     0.000 r  pixel_valid (IN)
                         net (fo=0)                   0.000     0.000    pixel_valid
                         IBUF (Prop_ibuf_I_O)         0.200     0.200 r  pixel_valid_IBUF_inst/O
                         net (fo=56, unplaced)        0.337     0.538    pixel_valid_IBUF
                         FDRE                                         r  pixel_addr_reg[2]/CE
  -------------------------------------------------------------------    -------------------

                         (clock sys_clk rise edge)    0.000     0.000 r  
    H16                                               0.000     0.000 r  clk (IN)
                         net (fo=0)                   0.000     0.000    clk
    H16                  IBUF (Prop_ibuf_I_O)         0.406     0.406 r  clk_IBUF_inst/O
                         net (fo=1, unplaced)         0.355     0.761    clk_IBUF
                         BUFG (Prop_bufg_I_O)         0.029     0.790 r  clk_IBUF_BUFG_inst/O
                         net (fo=2453, unplaced)      0.259     1.049    clk_IBUF_BUFG
                         FDRE                                         r  pixel_addr_reg[2]/C

Slack:                    inf
  Source:                 pixel_valid
                            (input port)
  Destination:            pixel_addr_reg[3]/CE
                            (rising edge-triggered cell FDRE clocked by sys_clk  {rise@0.000ns fall@6.667ns period=13.333ns})
  Path Group:             (none)
  Path Type:              Hold (Min at Fast Process Corner)
  Data Path Delay:        0.538ns  (logic 0.200ns (37.290%)  route 0.337ns (62.710%))
  Logic Levels:           1  (IBUF=1)
  Clock Path Skew:        1.049ns (DCD - SCD - CPR)
    Destination Clock Delay (DCD):    1.049ns
    Source Clock Delay      (SCD):    0.000ns
    Clock Pessimism Removal (CPR):    -0.000ns

    Location             Delay type                Incr(ns)  Path(ns)    Netlist Resource(s)
  -------------------------------------------------------------------    -------------------
                                                      0.000     0.000 r  pixel_valid (IN)
                         net (fo=0)                   0.000     0.000    pixel_valid
                         IBUF (Prop_ibuf_I_O)         0.200     0.200 r  pixel_valid_IBUF_inst/O
                         net (fo=56, unplaced)        0.337     0.538    pixel_valid_IBUF
                         FDRE                                         r  pixel_addr_reg[3]/CE
  -------------------------------------------------------------------    -------------------

                         (clock sys_clk rise edge)    0.000     0.000 r  
    H16                                               0.000     0.000 r  clk (IN)
                         net (fo=0)                   0.000     0.000    clk
    H16                  IBUF (Prop_ibuf_I_O)         0.406     0.406 r  clk_IBUF_inst/O
                         net (fo=1, unplaced)         0.355     0.761    clk_IBUF
                         BUFG (Prop_bufg_I_O)         0.029     0.790 r  clk_IBUF_BUFG_inst/O
                         net (fo=2453, unplaced)      0.259     1.049    clk_IBUF_BUFG
                         FDRE                                         r  pixel_addr_reg[3]/C





