Copyright 1986-2022 Xilinx, Inc. All Rights Reserved.
-----------------------------------------------------------------------------------------------------------------------------------------
| Tool Version : Vivado v.2022.2 (win64) Build 3671981 Fri Oct 14 05:00:03 MDT 2022
| Date         : Wed Oct  7 21:57:02 2026
| Host         : Karthik running 64-bit major release  (build 9200)
| Command      : report_timing_summary -max_paths 10 -file C:/KarDRIVE/Projects/ProjectFlash/verilog/synth_v1_2/V1_synth_timing_v1_2.rpt
| Design       : top_v1
| Device       : 7z020-clg400
| Speed File   : -1  PRODUCTION 1.12 2019-11-22
-----------------------------------------------------------------------------------------------------------------------------------------

Timing Summary Report

------------------------------------------------------------------------------------------------
| Timer Settings
| --------------
------------------------------------------------------------------------------------------------

  Enable Multi Corner Analysis               :  Yes
  Enable Pessimism Removal                   :  Yes
  Pessimism Removal Resolution               :  Nearest Common Node
  Enable Input Delay Default Clock           :  No
  Enable Preset / Clear Arcs                 :  No
  Disable Flight Delays                      :  No
  Ignore I/O Paths                           :  No
  Timing Early Launch at Borrowing Latches   :  No
  Borrow Time for Max Delay Exceptions       :  Yes
  Merge Timing Exceptions                    :  Yes

  Corner  Analyze    Analyze    
  Name    Max Paths  Min Paths  
  ------  ---------  ---------  
  Slow    Yes        Yes        
  Fast    Yes        Yes        


------------------------------------------------------------------------------------------------
| Report Methodology
| ------------------
------------------------------------------------------------------------------------------------

No report available as report_methodology has not been run prior. Run report_methodology on the current design for the summary of methodology violations.



check_timing report

Table of Contents
-----------------
1. checking no_clock (0)
2. checking constant_clock (0)
3. checking pulse_width_clock (0)
4. checking unconstrained_internal_endpoints (0)
5. checking no_input_delay (44)
6. checking no_output_delay (98)
7. checking multiple_clock (0)
8. checking generated_clocks (0)
9. checking loops (0)
10. checking partial_input_delay (0)
11. checking partial_output_delay (0)
12. checking latch_loops (0)

1. checking no_clock (0)
------------------------
 There are 0 register/latch pins with no clock.


2. checking constant_clock (0)
------------------------------
 There are 0 register/latch pins with constant_clock.


3. checking pulse_width_clock (0)
---------------------------------
 There are 0 register/latch pins which need pulse_width check


4. checking unconstrained_internal_endpoints (0)
------------------------------------------------
 There are 0 pins that are not constrained for maximum delay.

 There are 0 pins that are not constrained for maximum delay due to constant clock.


5. checking no_input_delay (44)
-------------------------------
 There are 44 input ports with no input delay specified. (HIGH)

 There are 0 input ports with no input delay but user has a false path constraint.


6. checking no_output_delay (98)
--------------------------------
 There are 98 ports with no output delay specified. (HIGH)

 There are 0 ports with no output delay but user has a false path constraint

 There are 0 ports with no output delay but with a timing clock defined on it or propagating through it


7. checking multiple_clock (0)
------------------------------
 There are 0 register/latch pins with multiple clocks.


8. checking generated_clocks (0)
--------------------------------
 There are 0 generated clocks that are not connected to a clock source.


9. checking loops (0)
---------------------
 There are 0 combinational loops in the design.


10. checking partial_input_delay (0)
------------------------------------
 There are 0 input ports with partial input delay specified.


11. checking partial_output_delay (0)
-------------------------------------
 There are 0 ports with partial output delay specified.


12. checking latch_loops (0)
----------------------------
 There are 0 combinational latch loops in the design through latch input



------------------------------------------------------------------------------------------------
| Design Timing Summary
| ---------------------
------------------------------------------------------------------------------------------------

    WNS(ns)      TNS(ns)  TNS Failing Endpoints  TNS Total Endpoints      WHS(ns)      THS(ns)  THS Failing Endpoints  THS Total Endpoints     WPWS(ns)     TPWS(ns)  TPWS Failing Endpoints  TPWS Total Endpoints  
    -------      -------  ---------------------  -------------------      -------      -------  ---------------------  -------------------     --------     --------  ----------------------  --------------------  
      0.085        0.000                      0                 9477        0.079        0.000                      0                 9477        5.687        0.000                       0                  3037  


All user specified timing constraints are met.


------------------------------------------------------------------------------------------------
| Clock Summary
| -------------
------------------------------------------------------------------------------------------------

Clock    Waveform(ns)       Period(ns)      Frequency(MHz)
-----    ------------       ----------      --------------
sys_clk  {0.000 6.667}      13.333          75.002          


------------------------------------------------------------------------------------------------
| Intra Clock Table
| -----------------
------------------------------------------------------------------------------------------------

Clock             WNS(ns)      TNS(ns)  TNS Failing Endpoints  TNS Total Endpoints      WHS(ns)      THS(ns)  THS Failing Endpoints  THS Total Endpoints     WPWS(ns)     TPWS(ns)  TPWS Failing Endpoints  TPWS Total Endpoints  
-----             -------      -------  ---------------------  -------------------      -------      -------  ---------------------  -------------------     --------     --------  ----------------------  --------------------  
sys_clk             0.085        0.000                      0                 9477        0.079        0.000                      0                 9477        5.687        0.000                       0                  3037  


------------------------------------------------------------------------------------------------
| Inter Clock Table
| -----------------
------------------------------------------------------------------------------------------------

From Clock    To Clock          WNS(ns)      TNS(ns)  TNS Failing Endpoints  TNS Total Endpoints      WHS(ns)      THS(ns)  THS Failing Endpoints  THS Total Endpoints  
----------    --------          -------      -------  ---------------------  -------------------      -------      -------  ---------------------  -------------------  


------------------------------------------------------------------------------------------------
| Other Path Groups Table
| -----------------------
------------------------------------------------------------------------------------------------

Path Group    From Clock    To Clock          WNS(ns)      TNS(ns)  TNS Failing Endpoints  TNS Total Endpoints      WHS(ns)      THS(ns)  THS Failing Endpoints  THS Total Endpoints  
----------    ----------    --------          -------      -------  ---------------------  -------------------      -------      -------  ---------------------  -------------------  


------------------------------------------------------------------------------------------------
| Timing Details
| --------------
------------------------------------------------------------------------------------------------


---------------------------------------------------------------------------------------------------
From Clock:  sys_clk
  To Clock:  sys_clk

Setup :            0  Failing Endpoints,  Worst Slack        0.085ns,  Total Violation        0.000ns
Hold  :            0  Failing Endpoints,  Worst Slack        0.079ns,  Total Violation        0.000ns
PW    :            0  Failing Endpoints,  Worst Slack        5.687ns,  Total Violation        0.000ns
---------------------------------------------------------------------------------------------------


Max Delay Paths
--------------------------------------------------------------------------------------
Slack (MET) :             0.085ns  (required time - arrival time)
  Source:                 u_conv/y_reg[1]/C
                            (rising edge-triggered cell FDRE clocked by sys_clk  {rise@0.000ns fall@6.667ns period=13.333ns})
  Destination:            u_ram_a/mem_reg_0_0/ADDRBWRADDR[0]
                            (rising edge-triggered cell RAMB36E1 clocked by sys_clk  {rise@0.000ns fall@6.667ns period=13.333ns})
  Path Group:             sys_clk
  Path Type:              Setup (Max at Slow Process Corner)
  Requirement:            13.333ns  (sys_clk rise@13.333ns - sys_clk rise@0.000ns)
  Data Path Delay:        12.502ns  (logic 7.985ns (63.869%)  route 4.517ns (36.131%))
  Logic Levels:           11  (CARRY4=7 DSP48E1=1 LUT2=1 LUT4=1 LUT5=1)
  Clock Path Skew:        -0.145ns (DCD - SCD + CPR)
    Destination Clock Delay (DCD):    2.670ns = ( 16.003 - 13.333 ) 
    Source Clock Delay      (SCD):    2.935ns
    Clock Pessimism Removal (CPR):    0.120ns
  Clock Uncertainty:      0.035ns  ((TSJ^2 + TIJ^2)^1/2 + DJ) / 2 + PE
    Total System Jitter     (TSJ):    0.071ns
    Total Input Jitter      (TIJ):    0.000ns
    Discrete Jitter          (DJ):    0.000ns
    Phase Error              (PE):    0.000ns

    Location             Delay type                Incr(ns)  Path(ns)    Netlist Resource(s)
  -------------------------------------------------------------------    -------------------
                         (clock sys_clk rise edge)    0.000     0.000 r  
    H16                                               0.000     0.000 r  clk (IN)
                         net (fo=0)                   0.000     0.000    clk
    H16                  IBUF (Prop_ibuf_I_O)         1.451     1.451 r  clk_IBUF_inst/O
                         net (fo=1, unplaced)         0.800     2.250    clk_IBUF
                         BUFG (Prop_bufg_I_O)         0.101     2.351 r  clk_IBUF_BUFG_inst/O
                         net (fo=3040, unplaced)      0.584     2.935    u_conv/clk_IBUF_BUFG
                         FDRE                                         r  u_conv/y_reg[1]/C
  -------------------------------------------------------------------    -------------------
                         FDRE (Prop_fdre_C_Q)         0.478     3.413 r  u_conv/y_reg[1]/Q
                         net (fo=7, unplaced)         0.776     4.189    u_conv/y_reg[1]
                         LUT4 (Prop_lut4_I1_O)        0.295     4.484 r  u_conv/tag0_is_pad5_carry_i_6/O
                         net (fo=1, unplaced)         0.000     4.484    u_conv/tag0_is_pad5_carry_i_6_n_0
                         CARRY4 (Prop_carry4_S[1]_CO[3])
                                                      0.533     5.017 r  u_conv/tag0_is_pad5_carry/CO[3]
                         net (fo=1, unplaced)         0.009     5.026    u_conv/tag0_is_pad5_carry_n_0
                         CARRY4 (Prop_carry4_CI_O[1])
                                                      0.337     5.363 r  u_conv/tag0_is_pad5_carry__0/O[1]
                         net (fo=1, unplaced)         0.715     6.078    u_conv/tag0_is_pad5_carry__0_n_6
                         CARRY4 (Prop_carry4_S[1]_CO[3])
                                                      0.839     6.917 r  u_conv/fm_rd_addr0__0_i_23/CO[3]
                         net (fo=1, unplaced)         0.000     6.917    u_conv/fm_rd_addr0__0_i_23_n_0
                         CARRY4 (Prop_carry4_CI_O[3])
                                                      0.331     7.248 r  u_conv/fm_rd_addr0__0_i_22/O[3]
                         net (fo=1, unplaced)         0.618     7.866    u_conv/PCOUT[11]
                         LUT2 (Prop_lut2_I1_O)        0.307     8.173 r  u_conv/fm_rd_addr0__0_i_9/O
                         net (fo=1, unplaced)         0.000     8.173    u_conv/fm_rd_addr0__0_i_9_n_0
                         CARRY4 (Prop_carry4_S[3]_CO[3])
                                                      0.376     8.549 r  u_conv/fm_rd_addr0__0_i_3/CO[3]
                         net (fo=1, unplaced)         0.000     8.549    u_conv/fm_rd_addr0__0_i_3_n_0
                         CARRY4 (Prop_carry4_CI_CO[3])
                                                      0.117     8.666 r  u_conv/fm_rd_addr0__0_i_2/CO[3]
                         net (fo=1, unplaced)         0.000     8.666    u_conv/fm_rd_addr0__0_i_2_n_0
                         CARRY4 (Prop_carry4_CI_O[0])
                                                      0.232     8.898 r  u_conv/fm_rd_addr0__0_i_1/O[0]
                         net (fo=3, unplaced)         0.800     9.698    u_conv/fm_rd_addr0__0_i_1_n_7
                         DSP48E1 (Prop_dsp48e1_A[16]_P[0])
                                                      4.016    13.714 r  u_conv/fm_rd_addr0__0/P[0]
                         net (fo=4, unplaced)         0.800    14.514    u_seq/mem_reg_0_0[0]
                         LUT5 (Prop_lut5_I3_O)        0.124    14.638 r  u_seq/mem_reg_0_0_i_34/O
                         net (fo=16, unplaced)        0.800    15.438    u_ram_a/ADDRBWRADDR[0]
                         RAMB36E1                                     r  u_ram_a/mem_reg_0_0/ADDRBWRADDR[0]
  -------------------------------------------------------------------    -------------------

                         (clock sys_clk rise edge)   13.333    13.333 r  
    H16                                               0.000    13.333 r  clk (IN)
                         net (fo=0)                   0.000    13.333    clk
    H16                  IBUF (Prop_ibuf_I_O)         1.380    14.713 r  clk_IBUF_inst/O
                         net (fo=1, unplaced)         0.760    15.473    clk_IBUF
                         BUFG (Prop_bufg_I_O)         0.091    15.564 r  clk_IBUF_BUFG_inst/O
                         net (fo=3040, unplaced)      0.439    16.003    u_ram_a/clk_IBUF_BUFG
                         RAMB36E1                                     r  u_ram_a/mem_reg_0_0/CLKBWRCLK
                         clock pessimism              0.120    16.123    
                         clock uncertainty           -0.035    16.088    
                         RAMB36E1 (Setup_ramb36e1_CLKBWRCLK_ADDRBWRADDR[0])
                                                     -0.566    15.522    u_ram_a/mem_reg_0_0
  -------------------------------------------------------------------
                         required time                         15.522    
                         arrival time                         -15.438    
  -------------------------------------------------------------------
                         slack                                  0.085    

Slack (MET) :             0.085ns  (required time - arrival time)
  Source:                 u_conv/y_reg[1]/C
                            (rising edge-triggered cell FDRE clocked by sys_clk  {rise@0.000ns fall@6.667ns period=13.333ns})
  Destination:            u_ram_a/mem_reg_0_0/ADDRBWRADDR[10]
                            (rising edge-triggered cell RAMB36E1 clocked by sys_clk  {rise@0.000ns fall@6.667ns period=13.333ns})
  Path Group:             sys_clk
  Path Type:              Setup (Max at Slow Process Corner)
  Requirement:            13.333ns  (sys_clk rise@13.333ns - sys_clk rise@0.000ns)
  Data Path Delay:        12.502ns  (logic 7.985ns (63.869%)  route 4.517ns (36.131%))
  Logic Levels:           11  (CARRY4=7 DSP48E1=1 LUT2=1 LUT4=1 LUT5=1)
  Clock Path Skew:        -0.145ns (DCD - SCD + CPR)
    Destination Clock Delay (DCD):    2.670ns = ( 16.003 - 13.333 ) 
    Source Clock Delay      (SCD):    2.935ns
    Clock Pessimism Removal (CPR):    0.120ns
  Clock Uncertainty:      0.035ns  ((TSJ^2 + TIJ^2)^1/2 + DJ) / 2 + PE
    Total System Jitter     (TSJ):    0.071ns
    Total Input Jitter      (TIJ):    0.000ns
    Discrete Jitter          (DJ):    0.000ns
    Phase Error              (PE):    0.000ns

    Location             Delay type                Incr(ns)  Path(ns)    Netlist Resource(s)
  -------------------------------------------------------------------    -------------------
                         (clock sys_clk rise edge)    0.000     0.000 r  
    H16                                               0.000     0.000 r  clk (IN)
                         net (fo=0)                   0.000     0.000    clk
    H16                  IBUF (Prop_ibuf_I_O)         1.451     1.451 r  clk_IBUF_inst/O
                         net (fo=1, unplaced)         0.800     2.250    clk_IBUF
                         BUFG (Prop_bufg_I_O)         0.101     2.351 r  clk_IBUF_BUFG_inst/O
                         net (fo=3040, unplaced)      0.584     2.935    u_conv/clk_IBUF_BUFG
                         FDRE                                         r  u_conv/y_reg[1]/C
  -------------------------------------------------------------------    -------------------
                         FDRE (Prop_fdre_C_Q)         0.478     3.413 r  u_conv/y_reg[1]/Q
                         net (fo=7, unplaced)         0.776     4.189    u_conv/y_reg[1]
                         LUT4 (Prop_lut4_I1_O)        0.295     4.484 r  u_conv/tag0_is_pad5_carry_i_6/O
                         net (fo=1, unplaced)         0.000     4.484    u_conv/tag0_is_pad5_carry_i_6_n_0
                         CARRY4 (Prop_carry4_S[1]_CO[3])
                                                      0.533     5.017 r  u_conv/tag0_is_pad5_carry/CO[3]
                         net (fo=1, unplaced)         0.009     5.026    u_conv/tag0_is_pad5_carry_n_0
                         CARRY4 (Prop_carry4_CI_O[1])
                                                      0.337     5.363 r  u_conv/tag0_is_pad5_carry__0/O[1]
                         net (fo=1, unplaced)         0.715     6.078    u_conv/tag0_is_pad5_carry__0_n_6
                         CARRY4 (Prop_carry4_S[1]_CO[3])
                                                      0.839     6.917 r  u_conv/fm_rd_addr0__0_i_23/CO[3]
                         net (fo=1, unplaced)         0.000     6.917    u_conv/fm_rd_addr0__0_i_23_n_0
                         CARRY4 (Prop_carry4_CI_O[3])
                                                      0.331     7.248 r  u_conv/fm_rd_addr0__0_i_22/O[3]
                         net (fo=1, unplaced)         0.618     7.866    u_conv/PCOUT[11]
                         LUT2 (Prop_lut2_I1_O)        0.307     8.173 r  u_conv/fm_rd_addr0__0_i_9/O
                         net (fo=1, unplaced)         0.000     8.173    u_conv/fm_rd_addr0__0_i_9_n_0
                         CARRY4 (Prop_carry4_S[3]_CO[3])
                                                      0.376     8.549 r  u_conv/fm_rd_addr0__0_i_3/CO[3]
                         net (fo=1, unplaced)         0.000     8.549    u_conv/fm_rd_addr0__0_i_3_n_0
                         CARRY4 (Prop_carry4_CI_CO[3])
                                                      0.117     8.666 r  u_conv/fm_rd_addr0__0_i_2/CO[3]
                         net (fo=1, unplaced)         0.000     8.666    u_conv/fm_rd_addr0__0_i_2_n_0
                         CARRY4 (Prop_carry4_CI_O[0])
                                                      0.232     8.898 r  u_conv/fm_rd_addr0__0_i_1/O[0]
                         net (fo=3, unplaced)         0.800     9.698    u_conv/fm_rd_addr0__0_i_1_n_7
                         DSP48E1 (Prop_dsp48e1_A[16]_P[10])
                                                      4.016    13.714 r  u_conv/fm_rd_addr0__0/P[10]
                         net (fo=4, unplaced)         0.800    14.514    u_seq/mem_reg_0_0[10]
                         LUT5 (Prop_lut5_I3_O)        0.124    14.638 r  u_seq/mem_reg_0_0_i_24/O
                         net (fo=16, unplaced)        0.800    15.438    u_ram_a/ADDRBWRADDR[10]
                         RAMB36E1                                     r  u_ram_a/mem_reg_0_0/ADDRBWRADDR[10]
  -------------------------------------------------------------------    -------------------

                         (clock sys_clk rise edge)   13.333    13.333 r  
    H16                                               0.000    13.333 r  clk (IN)
                         net (fo=0)                   0.000    13.333    clk
    H16                  IBUF (Prop_ibuf_I_O)         1.380    14.713 r  clk_IBUF_inst/O
                         net (fo=1, unplaced)         0.760    15.473    clk_IBUF
                         BUFG (Prop_bufg_I_O)         0.091    15.564 r  clk_IBUF_BUFG_inst/O
                         net (fo=3040, unplaced)      0.439    16.003    u_ram_a/clk_IBUF_BUFG
                         RAMB36E1                                     r  u_ram_a/mem_reg_0_0/CLKBWRCLK
                         clock pessimism              0.120    16.123    
                         clock uncertainty           -0.035    16.088    
                         RAMB36E1 (Setup_ramb36e1_CLKBWRCLK_ADDRBWRADDR[10])
                                                     -0.566    15.522    u_ram_a/mem_reg_0_0
  -------------------------------------------------------------------
                         required time                         15.522    
                         arrival time                         -15.438    
  -------------------------------------------------------------------
                         slack                                  0.085    

Slack (MET) :             0.085ns  (required time - arrival time)
  Source:                 u_conv/y_reg[1]/C
                            (rising edge-triggered cell FDRE clocked by sys_clk  {rise@0.000ns fall@6.667ns period=13.333ns})
  Destination:            u_ram_a/mem_reg_0_0/ADDRBWRADDR[11]
                            (rising edge-triggered cell RAMB36E1 clocked by sys_clk  {rise@0.000ns fall@6.667ns period=13.333ns})
  Path Group:             sys_clk
  Path Type:              Setup (Max at Slow Process Corner)
  Requirement:            13.333ns  (sys_clk rise@13.333ns - sys_clk rise@0.000ns)
  Data Path Delay:        12.502ns  (logic 7.985ns (63.869%)  route 4.517ns (36.131%))
  Logic Levels:           11  (CARRY4=7 DSP48E1=1 LUT2=1 LUT4=1 LUT5=1)
  Clock Path Skew:        -0.145ns (DCD - SCD + CPR)
    Destination Clock Delay (DCD):    2.670ns = ( 16.003 - 13.333 ) 
    Source Clock Delay      (SCD):    2.935ns
    Clock Pessimism Removal (CPR):    0.120ns
  Clock Uncertainty:      0.035ns  ((TSJ^2 + TIJ^2)^1/2 + DJ) / 2 + PE
    Total System Jitter     (TSJ):    0.071ns
    Total Input Jitter      (TIJ):    0.000ns
    Discrete Jitter          (DJ):    0.000ns
    Phase Error              (PE):    0.000ns

    Location             Delay type                Incr(ns)  Path(ns)    Netlist Resource(s)
  -------------------------------------------------------------------    -------------------
                         (clock sys_clk rise edge)    0.000     0.000 r  
    H16                                               0.000     0.000 r  clk (IN)
                         net (fo=0)                   0.000     0.000    clk
    H16                  IBUF (Prop_ibuf_I_O)         1.451     1.451 r  clk_IBUF_inst/O
                         net (fo=1, unplaced)         0.800     2.250    clk_IBUF
                         BUFG (Prop_bufg_I_O)         0.101     2.351 r  clk_IBUF_BUFG_inst/O
                         net (fo=3040, unplaced)      0.584     2.935    u_conv/clk_IBUF_BUFG
                         FDRE                                         r  u_conv/y_reg[1]/C
  -------------------------------------------------------------------    -------------------
                         FDRE (Prop_fdre_C_Q)         0.478     3.413 r  u_conv/y_reg[1]/Q
                         net (fo=7, unplaced)         0.776     4.189    u_conv/y_reg[1]
                         LUT4 (Prop_lut4_I1_O)        0.295     4.484 r  u_conv/tag0_is_pad5_carry_i_6/O
                         net (fo=1, unplaced)         0.000     4.484    u_conv/tag0_is_pad5_carry_i_6_n_0
                         CARRY4 (Prop_carry4_S[1]_CO[3])
                                                      0.533     5.017 r  u_conv/tag0_is_pad5_carry/CO[3]
                         net (fo=1, unplaced)         0.009     5.026    u_conv/tag0_is_pad5_carry_n_0
                         CARRY4 (Prop_carry4_CI_O[1])
                                                      0.337     5.363 r  u_conv/tag0_is_pad5_carry__0/O[1]
                         net (fo=1, unplaced)         0.715     6.078    u_conv/tag0_is_pad5_carry__0_n_6
                         CARRY4 (Prop_carry4_S[1]_CO[3])
                                                      0.839     6.917 r  u_conv/fm_rd_addr0__0_i_23/CO[3]
                         net (fo=1, unplaced)         0.000     6.917    u_conv/fm_rd_addr0__0_i_23_n_0
                         CARRY4 (Prop_carry4_CI_O[3])
                                                      0.331     7.248 r  u_conv/fm_rd_addr0__0_i_22/O[3]
                         net (fo=1, unplaced)         0.618     7.866    u_conv/PCOUT[11]
                         LUT2 (Prop_lut2_I1_O)        0.307     8.173 r  u_conv/fm_rd_addr0__0_i_9/O
                         net (fo=1, unplaced)         0.000     8.173    u_conv/fm_rd_addr0__0_i_9_n_0
                         CARRY4 (Prop_carry4_S[3]_CO[3])
                                                      0.376     8.549 r  u_conv/fm_rd_addr0__0_i_3/CO[3]
                         net (fo=1, unplaced)         0.000     8.549    u_conv/fm_rd_addr0__0_i_3_n_0
                         CARRY4 (Prop_carry4_CI_CO[3])
                                                      0.117     8.666 r  u_conv/fm_rd_addr0__0_i_2/CO[3]
                         net (fo=1, unplaced)         0.000     8.666    u_conv/fm_rd_addr0__0_i_2_n_0
                         CARRY4 (Prop_carry4_CI_O[0])
                                                      0.232     8.898 r  u_conv/fm_rd_addr0__0_i_1/O[0]
                         net (fo=3, unplaced)         0.800     9.698    u_conv/fm_rd_addr0__0_i_1_n_7
                         DSP48E1 (Prop_dsp48e1_A[16]_P[11])
                                                      4.016    13.714 r  u_conv/fm_rd_addr0__0/P[11]
                         net (fo=4, unplaced)         0.800    14.514    u_seq/mem_reg_0_0[11]
                         LUT5 (Prop_lut5_I3_O)        0.124    14.638 r  u_seq/mem_reg_0_0_i_23/O
                         net (fo=16, unplaced)        0.800    15.438    u_ram_a/ADDRBWRADDR[11]
                         RAMB36E1                                     r  u_ram_a/mem_reg_0_0/ADDRBWRADDR[11]
  -------------------------------------------------------------------    -------------------

                         (clock sys_clk rise edge)   13.333    13.333 r  
    H16                                               0.000    13.333 r  clk (IN)
                         net (fo=0)                   0.000    13.333    clk
    H16                  IBUF (Prop_ibuf_I_O)         1.380    14.713 r  clk_IBUF_inst/O
                         net (fo=1, unplaced)         0.760    15.473    clk_IBUF
                         BUFG (Prop_bufg_I_O)         0.091    15.564 r  clk_IBUF_BUFG_inst/O
                         net (fo=3040, unplaced)      0.439    16.003    u_ram_a/clk_IBUF_BUFG
                         RAMB36E1                                     r  u_ram_a/mem_reg_0_0/CLKBWRCLK
                         clock pessimism              0.120    16.123    
                         clock uncertainty           -0.035    16.088    
                         RAMB36E1 (Setup_ramb36e1_CLKBWRCLK_ADDRBWRADDR[11])
                                                     -0.566    15.522    u_ram_a/mem_reg_0_0
  -------------------------------------------------------------------
                         required time                         15.522    
                         arrival time                         -15.438    
  -------------------------------------------------------------------
                         slack                                  0.085    

Slack (MET) :             0.085ns  (required time - arrival time)
  Source:                 u_conv/y_reg[1]/C
                            (rising edge-triggered cell FDRE clocked by sys_clk  {rise@0.000ns fall@6.667ns period=13.333ns})
  Destination:            u_ram_a/mem_reg_0_0/ADDRBWRADDR[12]
                            (rising edge-triggered cell RAMB36E1 clocked by sys_clk  {rise@0.000ns fall@6.667ns period=13.333ns})
  Path Group:             sys_clk
  Path Type:              Setup (Max at Slow Process Corner)
  Requirement:            13.333ns  (sys_clk rise@13.333ns - sys_clk rise@0.000ns)
  Data Path Delay:        12.502ns  (logic 7.985ns (63.869%)  route 4.517ns (36.131%))
  Logic Levels:           11  (CARRY4=7 DSP48E1=1 LUT2=1 LUT4=1 LUT5=1)
  Clock Path Skew:        -0.145ns (DCD - SCD + CPR)
    Destination Clock Delay (DCD):    2.670ns = ( 16.003 - 13.333 ) 
    Source Clock Delay      (SCD):    2.935ns
    Clock Pessimism Removal (CPR):    0.120ns
  Clock Uncertainty:      0.035ns  ((TSJ^2 + TIJ^2)^1/2 + DJ) / 2 + PE
    Total System Jitter     (TSJ):    0.071ns
    Total Input Jitter      (TIJ):    0.000ns
    Discrete Jitter          (DJ):    0.000ns
    Phase Error              (PE):    0.000ns

    Location             Delay type                Incr(ns)  Path(ns)    Netlist Resource(s)
  -------------------------------------------------------------------    -------------------
                         (clock sys_clk rise edge)    0.000     0.000 r  
    H16                                               0.000     0.000 r  clk (IN)
                         net (fo=0)                   0.000     0.000    clk
    H16                  IBUF (Prop_ibuf_I_O)         1.451     1.451 r  clk_IBUF_inst/O
                         net (fo=1, unplaced)         0.800     2.250    clk_IBUF
                         BUFG (Prop_bufg_I_O)         0.101     2.351 r  clk_IBUF_BUFG_inst/O
                         net (fo=3040, unplaced)      0.584     2.935    u_conv/clk_IBUF_BUFG
                         FDRE                                         r  u_conv/y_reg[1]/C
  -------------------------------------------------------------------    -------------------
                         FDRE (Prop_fdre_C_Q)         0.478     3.413 r  u_conv/y_reg[1]/Q
                         net (fo=7, unplaced)         0.776     4.189    u_conv/y_reg[1]
                         LUT4 (Prop_lut4_I1_O)        0.295     4.484 r  u_conv/tag0_is_pad5_carry_i_6/O
                         net (fo=1, unplaced)         0.000     4.484    u_conv/tag0_is_pad5_carry_i_6_n_0
                         CARRY4 (Prop_carry4_S[1]_CO[3])
                                                      0.533     5.017 r  u_conv/tag0_is_pad5_carry/CO[3]
                         net (fo=1, unplaced)         0.009     5.026    u_conv/tag0_is_pad5_carry_n_0
                         CARRY4 (Prop_carry4_CI_O[1])
                                                      0.337     5.363 r  u_conv/tag0_is_pad5_carry__0/O[1]
                         net (fo=1, unplaced)         0.715     6.078    u_conv/tag0_is_pad5_carry__0_n_6
                         CARRY4 (Prop_carry4_S[1]_CO[3])
                                                      0.839     6.917 r  u_conv/fm_rd_addr0__0_i_23/CO[3]
                         net (fo=1, unplaced)         0.000     6.917    u_conv/fm_rd_addr0__0_i_23_n_0
                         CARRY4 (Prop_carry4_CI_O[3])
                                                      0.331     7.248 r  u_conv/fm_rd_addr0__0_i_22/O[3]
                         net (fo=1, unplaced)         0.618     7.866    u_conv/PCOUT[11]
                         LUT2 (Prop_lut2_I1_O)        0.307     8.173 r  u_conv/fm_rd_addr0__0_i_9/O
                         net (fo=1, unplaced)         0.000     8.173    u_conv/fm_rd_addr0__0_i_9_n_0
                         CARRY4 (Prop_carry4_S[3]_CO[3])
                                                      0.376     8.549 r  u_conv/fm_rd_addr0__0_i_3/CO[3]
                         net (fo=1, unplaced)         0.000     8.549    u_conv/fm_rd_addr0__0_i_3_n_0
                         CARRY4 (Prop_carry4_CI_CO[3])
                                                      0.117     8.666 r  u_conv/fm_rd_addr0__0_i_2/CO[3]
                         net (fo=1, unplaced)         0.000     8.666    u_conv/fm_rd_addr0__0_i_2_n_0
                         CARRY4 (Prop_carry4_CI_O[0])
                                                      0.232     8.898 r  u_conv/fm_rd_addr0__0_i_1/O[0]
                         net (fo=3, unplaced)         0.800     9.698    u_conv/fm_rd_addr0__0_i_1_n_7
                         DSP48E1 (Prop_dsp48e1_A[16]_P[12])
                                                      4.016    13.714 r  u_conv/fm_rd_addr0__0/P[12]
                         net (fo=4, unplaced)         0.800    14.514    u_seq/mem_reg_0_0[12]
                         LUT5 (Prop_lut5_I3_O)        0.124    14.638 r  u_seq/mem_reg_0_0_i_22/O
                         net (fo=16, unplaced)        0.800    15.438    u_ram_a/ADDRBWRADDR[12]
                         RAMB36E1                                     r  u_ram_a/mem_reg_0_0/ADDRBWRADDR[12]
  -------------------------------------------------------------------    -------------------

                         (clock sys_clk rise edge)   13.333    13.333 r  
    H16                                               0.000    13.333 r  clk (IN)
                         net (fo=0)                   0.000    13.333    clk
    H16                  IBUF (Prop_ibuf_I_O)         1.380    14.713 r  clk_IBUF_inst/O
                         net (fo=1, unplaced)         0.760    15.473    clk_IBUF
                         BUFG (Prop_bufg_I_O)         0.091    15.564 r  clk_IBUF_BUFG_inst/O
                         net (fo=3040, unplaced)      0.439    16.003    u_ram_a/clk_IBUF_BUFG
                         RAMB36E1                                     r  u_ram_a/mem_reg_0_0/CLKBWRCLK
                         clock pessimism              0.120    16.123    
                         clock uncertainty           -0.035    16.088    
                         RAMB36E1 (Setup_ramb36e1_CLKBWRCLK_ADDRBWRADDR[12])
                                                     -0.566    15.522    u_ram_a/mem_reg_0_0
  -------------------------------------------------------------------
                         required time                         15.522    
                         arrival time                         -15.438    
  -------------------------------------------------------------------
                         slack                                  0.085    

Slack (MET) :             0.085ns  (required time - arrival time)
  Source:                 u_conv/y_reg[1]/C
                            (rising edge-triggered cell FDRE clocked by sys_clk  {rise@0.000ns fall@6.667ns period=13.333ns})
  Destination:            u_ram_a/mem_reg_0_0/ADDRBWRADDR[13]
                            (rising edge-triggered cell RAMB36E1 clocked by sys_clk  {rise@0.000ns fall@6.667ns period=13.333ns})
  Path Group:             sys_clk
  Path Type:              Setup (Max at Slow Process Corner)
  Requirement:            13.333ns  (sys_clk rise@13.333ns - sys_clk rise@0.000ns)
  Data Path Delay:        12.502ns  (logic 7.985ns (63.869%)  route 4.517ns (36.131%))
  Logic Levels:           11  (CARRY4=7 DSP48E1=1 LUT2=1 LUT4=1 LUT5=1)
  Clock Path Skew:        -0.145ns (DCD - SCD + CPR)
    Destination Clock Delay (DCD):    2.670ns = ( 16.003 - 13.333 ) 
    Source Clock Delay      (SCD):    2.935ns
    Clock Pessimism Removal (CPR):    0.120ns
  Clock Uncertainty:      0.035ns  ((TSJ^2 + TIJ^2)^1/2 + DJ) / 2 + PE
    Total System Jitter     (TSJ):    0.071ns
    Total Input Jitter      (TIJ):    0.000ns
    Discrete Jitter          (DJ):    0.000ns
    Phase Error              (PE):    0.000ns

    Location             Delay type                Incr(ns)  Path(ns)    Netlist Resource(s)
  -------------------------------------------------------------------    -------------------
                         (clock sys_clk rise edge)    0.000     0.000 r  
    H16                                               0.000     0.000 r  clk (IN)
                         net (fo=0)                   0.000     0.000    clk
    H16                  IBUF (Prop_ibuf_I_O)         1.451     1.451 r  clk_IBUF_inst/O
                         net (fo=1, unplaced)         0.800     2.250    clk_IBUF
                         BUFG (Prop_bufg_I_O)         0.101     2.351 r  clk_IBUF_BUFG_inst/O
                         net (fo=3040, unplaced)      0.584     2.935    u_conv/clk_IBUF_BUFG
                         FDRE                                         r  u_conv/y_reg[1]/C
  -------------------------------------------------------------------    -------------------
                         FDRE (Prop_fdre_C_Q)         0.478     3.413 r  u_conv/y_reg[1]/Q
                         net (fo=7, unplaced)         0.776     4.189    u_conv/y_reg[1]
                         LUT4 (Prop_lut4_I1_O)        0.295     4.484 r  u_conv/tag0_is_pad5_carry_i_6/O
                         net (fo=1, unplaced)         0.000     4.484    u_conv/tag0_is_pad5_carry_i_6_n_0
                         CARRY4 (Prop_carry4_S[1]_CO[3])
                                                      0.533     5.017 r  u_conv/tag0_is_pad5_carry/CO[3]
                         net (fo=1, unplaced)         0.009     5.026    u_conv/tag0_is_pad5_carry_n_0
                         CARRY4 (Prop_carry4_CI_O[1])
                                                      0.337     5.363 r  u_conv/tag0_is_pad5_carry__0/O[1]
                         net (fo=1, unplaced)         0.715     6.078    u_conv/tag0_is_pad5_carry__0_n_6
                         CARRY4 (Prop_carry4_S[1]_CO[3])
                                                      0.839     6.917 r  u_conv/fm_rd_addr0__0_i_23/CO[3]
                         net (fo=1, unplaced)         0.000     6.917    u_conv/fm_rd_addr0__0_i_23_n_0
                         CARRY4 (Prop_carry4_CI_O[3])
                                                      0.331     7.248 r  u_conv/fm_rd_addr0__0_i_22/O[3]
                         net (fo=1, unplaced)         0.618     7.866    u_conv/PCOUT[11]
                         LUT2 (Prop_lut2_I1_O)        0.307     8.173 r  u_conv/fm_rd_addr0__0_i_9/O
                         net (fo=1, unplaced)         0.000     8.173    u_conv/fm_rd_addr0__0_i_9_n_0
                         CARRY4 (Prop_carry4_S[3]_CO[3])
                                                      0.376     8.549 r  u_conv/fm_rd_addr0__0_i_3/CO[3]
                         net (fo=1, unplaced)         0.000     8.549    u_conv/fm_rd_addr0__0_i_3_n_0
                         CARRY4 (Prop_carry4_CI_CO[3])
                                                      0.117     8.666 r  u_conv/fm_rd_addr0__0_i_2/CO[3]
                         net (fo=1, unplaced)         0.000     8.666    u_conv/fm_rd_addr0__0_i_2_n_0
                         CARRY4 (Prop_carry4_CI_O[0])
                                                      0.232     8.898 r  u_conv/fm_rd_addr0__0_i_1/O[0]
                         net (fo=3, unplaced)         0.800     9.698    u_conv/fm_rd_addr0__0_i_1_n_7
                         DSP48E1 (Prop_dsp48e1_A[16]_P[13])
                                                      4.016    13.714 r  u_conv/fm_rd_addr0__0/P[13]
                         net (fo=4, unplaced)         0.800    14.514    u_seq/mem_reg_0_0[13]
                         LUT5 (Prop_lut5_I3_O)        0.124    14.638 r  u_seq/mem_reg_0_0_i_21/O
                         net (fo=16, unplaced)        0.800    15.438    u_ram_a/ADDRBWRADDR[13]
                         RAMB36E1                                     r  u_ram_a/mem_reg_0_0/ADDRBWRADDR[13]
  -------------------------------------------------------------------    -------------------

                         (clock sys_clk rise edge)   13.333    13.333 r  
    H16                                               0.000    13.333 r  clk (IN)
                         net (fo=0)                   0.000    13.333    clk
    H16                  IBUF (Prop_ibuf_I_O)         1.380    14.713 r  clk_IBUF_inst/O
                         net (fo=1, unplaced)         0.760    15.473    clk_IBUF
                         BUFG (Prop_bufg_I_O)         0.091    15.564 r  clk_IBUF_BUFG_inst/O
                         net (fo=3040, unplaced)      0.439    16.003    u_ram_a/clk_IBUF_BUFG
                         RAMB36E1                                     r  u_ram_a/mem_reg_0_0/CLKBWRCLK
                         clock pessimism              0.120    16.123    
                         clock uncertainty           -0.035    16.088    
                         RAMB36E1 (Setup_ramb36e1_CLKBWRCLK_ADDRBWRADDR[13])
                                                     -0.566    15.522    u_ram_a/mem_reg_0_0
  -------------------------------------------------------------------
                         required time                         15.522    
                         arrival time                         -15.438    
  -------------------------------------------------------------------
                         slack                                  0.085    

Slack (MET) :             0.085ns  (required time - arrival time)
  Source:                 u_conv/y_reg[1]/C
                            (rising edge-triggered cell FDRE clocked by sys_clk  {rise@0.000ns fall@6.667ns period=13.333ns})
  Destination:            u_ram_a/mem_reg_0_0/ADDRBWRADDR[14]
                            (rising edge-triggered cell RAMB36E1 clocked by sys_clk  {rise@0.000ns fall@6.667ns period=13.333ns})
  Path Group:             sys_clk
  Path Type:              Setup (Max at Slow Process Corner)
  Requirement:            13.333ns  (sys_clk rise@13.333ns - sys_clk rise@0.000ns)
  Data Path Delay:        12.502ns  (logic 7.985ns (63.869%)  route 4.517ns (36.131%))
  Logic Levels:           11  (CARRY4=7 DSP48E1=1 LUT2=1 LUT4=1 LUT5=1)
  Clock Path Skew:        -0.145ns (DCD - SCD + CPR)
    Destination Clock Delay (DCD):    2.670ns = ( 16.003 - 13.333 ) 
    Source Clock Delay      (SCD):    2.935ns
    Clock Pessimism Removal (CPR):    0.120ns
  Clock Uncertainty:      0.035ns  ((TSJ^2 + TIJ^2)^1/2 + DJ) / 2 + PE
    Total System Jitter     (TSJ):    0.071ns
    Total Input Jitter      (TIJ):    0.000ns
    Discrete Jitter          (DJ):    0.000ns
    Phase Error              (PE):    0.000ns

    Location             Delay type                Incr(ns)  Path(ns)    Netlist Resource(s)
  -------------------------------------------------------------------    -------------------
                         (clock sys_clk rise edge)    0.000     0.000 r  
    H16                                               0.000     0.000 r  clk (IN)
                         net (fo=0)                   0.000     0.000    clk
    H16                  IBUF (Prop_ibuf_I_O)         1.451     1.451 r  clk_IBUF_inst/O
                         net (fo=1, unplaced)         0.800     2.250    clk_IBUF
                         BUFG (Prop_bufg_I_O)         0.101     2.351 r  clk_IBUF_BUFG_inst/O
                         net (fo=3040, unplaced)      0.584     2.935    u_conv/clk_IBUF_BUFG
                         FDRE                                         r  u_conv/y_reg[1]/C
  -------------------------------------------------------------------    -------------------
                         FDRE (Prop_fdre_C_Q)         0.478     3.413 r  u_conv/y_reg[1]/Q
                         net (fo=7, unplaced)         0.776     4.189    u_conv/y_reg[1]
                         LUT4 (Prop_lut4_I1_O)        0.295     4.484 r  u_conv/tag0_is_pad5_carry_i_6/O
                         net (fo=1, unplaced)         0.000     4.484    u_conv/tag0_is_pad5_carry_i_6_n_0
                         CARRY4 (Prop_carry4_S[1]_CO[3])
                                                      0.533     5.017 r  u_conv/tag0_is_pad5_carry/CO[3]
                         net (fo=1, unplaced)         0.009     5.026    u_conv/tag0_is_pad5_carry_n_0
                         CARRY4 (Prop_carry4_CI_O[1])
                                                      0.337     5.363 r  u_conv/tag0_is_pad5_carry__0/O[1]
                         net (fo=1, unplaced)         0.715     6.078    u_conv/tag0_is_pad5_carry__0_n_6
                         CARRY4 (Prop_carry4_S[1]_CO[3])
                                                      0.839     6.917 r  u_conv/fm_rd_addr0__0_i_23/CO[3]
                         net (fo=1, unplaced)         0.000     6.917    u_conv/fm_rd_addr0__0_i_23_n_0
                         CARRY4 (Prop_carry4_CI_O[3])
                                                      0.331     7.248 r  u_conv/fm_rd_addr0__0_i_22/O[3]
                         net (fo=1, unplaced)         0.618     7.866    u_conv/PCOUT[11]
                         LUT2 (Prop_lut2_I1_O)        0.307     8.173 r  u_conv/fm_rd_addr0__0_i_9/O
                         net (fo=1, unplaced)         0.000     8.173    u_conv/fm_rd_addr0__0_i_9_n_0
                         CARRY4 (Prop_carry4_S[3]_CO[3])
                                                      0.376     8.549 r  u_conv/fm_rd_addr0__0_i_3/CO[3]
                         net (fo=1, unplaced)         0.000     8.549    u_conv/fm_rd_addr0__0_i_3_n_0
                         CARRY4 (Prop_carry4_CI_CO[3])
                                                      0.117     8.666 r  u_conv/fm_rd_addr0__0_i_2/CO[3]
                         net (fo=1, unplaced)         0.000     8.666    u_conv/fm_rd_addr0__0_i_2_n_0
                         CARRY4 (Prop_carry4_CI_O[0])
                                                      0.232     8.898 r  u_conv/fm_rd_addr0__0_i_1/O[0]
                         net (fo=3, unplaced)         0.800     9.698    u_conv/fm_rd_addr0__0_i_1_n_7
                         DSP48E1 (Prop_dsp48e1_A[16]_P[14])
                                                      4.016    13.714 r  u_conv/fm_rd_addr0__0/P[14]
                         net (fo=4, unplaced)         0.800    14.514    u_seq/mem_reg_0_0[14]
                         LUT5 (Prop_lut5_I3_O)        0.124    14.638 r  u_seq/mem_reg_0_0_i_20/O
                         net (fo=16, unplaced)        0.800    15.438    u_ram_a/ADDRBWRADDR[14]
                         RAMB36E1                                     r  u_ram_a/mem_reg_0_0/ADDRBWRADDR[14]
  -------------------------------------------------------------------    -------------------

                         (clock sys_clk rise edge)   13.333    13.333 r  
    H16                                               0.000    13.333 r  clk (IN)
                         net (fo=0)                   0.000    13.333    clk
    H16                  IBUF (Prop_ibuf_I_O)         1.380    14.713 r  clk_IBUF_inst/O
                         net (fo=1, unplaced)         0.760    15.473    clk_IBUF
                         BUFG (Prop_bufg_I_O)         0.091    15.564 r  clk_IBUF_BUFG_inst/O
                         net (fo=3040, unplaced)      0.439    16.003    u_ram_a/clk_IBUF_BUFG
                         RAMB36E1                                     r  u_ram_a/mem_reg_0_0/CLKBWRCLK
                         clock pessimism              0.120    16.123    
                         clock uncertainty           -0.035    16.088    
                         RAMB36E1 (Setup_ramb36e1_CLKBWRCLK_ADDRBWRADDR[14])
                                                     -0.566    15.522    u_ram_a/mem_reg_0_0
  -------------------------------------------------------------------
                         required time                         15.522    
                         arrival time                         -15.438    
  -------------------------------------------------------------------
                         slack                                  0.085    

Slack (MET) :             0.085ns  (required time - arrival time)
  Source:                 u_conv/y_reg[1]/C
                            (rising edge-triggered cell FDRE clocked by sys_clk  {rise@0.000ns fall@6.667ns period=13.333ns})
  Destination:            u_ram_a/mem_reg_0_0/ADDRBWRADDR[1]
                            (rising edge-triggered cell RAMB36E1 clocked by sys_clk  {rise@0.000ns fall@6.667ns period=13.333ns})
  Path Group:             sys_clk
  Path Type:              Setup (Max at Slow Process Corner)
  Requirement:            13.333ns  (sys_clk rise@13.333ns - sys_clk rise@0.000ns)
  Data Path Delay:        12.502ns  (logic 7.985ns (63.869%)  route 4.517ns (36.131%))
  Logic Levels:           11  (CARRY4=7 DSP48E1=1 LUT2=1 LUT4=1 LUT5=1)
  Clock Path Skew:        -0.145ns (DCD - SCD + CPR)
    Destination Clock Delay (DCD):    2.670ns = ( 16.003 - 13.333 ) 
    Source Clock Delay      (SCD):    2.935ns
    Clock Pessimism Removal (CPR):    0.120ns
  Clock Uncertainty:      0.035ns  ((TSJ^2 + TIJ^2)^1/2 + DJ) / 2 + PE
    Total System Jitter     (TSJ):    0.071ns
    Total Input Jitter      (TIJ):    0.000ns
    Discrete Jitter          (DJ):    0.000ns
    Phase Error              (PE):    0.000ns

    Location             Delay type                Incr(ns)  Path(ns)    Netlist Resource(s)
  -------------------------------------------------------------------    -------------------
                         (clock sys_clk rise edge)    0.000     0.000 r  
    H16                                               0.000     0.000 r  clk (IN)
                         net (fo=0)                   0.000     0.000    clk
    H16                  IBUF (Prop_ibuf_I_O)         1.451     1.451 r  clk_IBUF_inst/O
                         net (fo=1, unplaced)         0.800     2.250    clk_IBUF
                         BUFG (Prop_bufg_I_O)         0.101     2.351 r  clk_IBUF_BUFG_inst/O
                         net (fo=3040, unplaced)      0.584     2.935    u_conv/clk_IBUF_BUFG
                         FDRE                                         r  u_conv/y_reg[1]/C
  -------------------------------------------------------------------    -------------------
                         FDRE (Prop_fdre_C_Q)         0.478     3.413 r  u_conv/y_reg[1]/Q
                         net (fo=7, unplaced)         0.776     4.189    u_conv/y_reg[1]
                         LUT4 (Prop_lut4_I1_O)        0.295     4.484 r  u_conv/tag0_is_pad5_carry_i_6/O
                         net (fo=1, unplaced)         0.000     4.484    u_conv/tag0_is_pad5_carry_i_6_n_0
                         CARRY4 (Prop_carry4_S[1]_CO[3])
                                                      0.533     5.017 r  u_conv/tag0_is_pad5_carry/CO[3]
                         net (fo=1, unplaced)         0.009     5.026    u_conv/tag0_is_pad5_carry_n_0
                         CARRY4 (Prop_carry4_CI_O[1])
                                                      0.337     5.363 r  u_conv/tag0_is_pad5_carry__0/O[1]
                         net (fo=1, unplaced)         0.715     6.078    u_conv/tag0_is_pad5_carry__0_n_6
                         CARRY4 (Prop_carry4_S[1]_CO[3])
                                                      0.839     6.917 r  u_conv/fm_rd_addr0__0_i_23/CO[3]
                         net (fo=1, unplaced)         0.000     6.917    u_conv/fm_rd_addr0__0_i_23_n_0
                         CARRY4 (Prop_carry4_CI_O[3])
                                                      0.331     7.248 r  u_conv/fm_rd_addr0__0_i_22/O[3]
                         net (fo=1, unplaced)         0.618     7.866    u_conv/PCOUT[11]
                         LUT2 (Prop_lut2_I1_O)        0.307     8.173 r  u_conv/fm_rd_addr0__0_i_9/O
                         net (fo=1, unplaced)         0.000     8.173    u_conv/fm_rd_addr0__0_i_9_n_0
                         CARRY4 (Prop_carry4_S[3]_CO[3])
                                                      0.376     8.549 r  u_conv/fm_rd_addr0__0_i_3/CO[3]
                         net (fo=1, unplaced)         0.000     8.549    u_conv/fm_rd_addr0__0_i_3_n_0
                         CARRY4 (Prop_carry4_CI_CO[3])
                                                      0.117     8.666 r  u_conv/fm_rd_addr0__0_i_2/CO[3]
                         net (fo=1, unplaced)         0.000     8.666    u_conv/fm_rd_addr0__0_i_2_n_0
                         CARRY4 (Prop_carry4_CI_O[0])
                                                      0.232     8.898 r  u_conv/fm_rd_addr0__0_i_1/O[0]
                         net (fo=3, unplaced)         0.800     9.698    u_conv/fm_rd_addr0__0_i_1_n_7
                         DSP48E1 (Prop_dsp48e1_A[16]_P[1])
                                                      4.016    13.714 r  u_conv/fm_rd_addr0__0/P[1]
                         net (fo=4, unplaced)         0.800    14.514    u_seq/mem_reg_0_0[1]
                         LUT5 (Prop_lut5_I3_O)        0.124    14.638 r  u_seq/mem_reg_0_0_i_33/O
                         net (fo=16, unplaced)        0.800    15.438    u_ram_a/ADDRBWRADDR[1]
                         RAMB36E1                                     r  u_ram_a/mem_reg_0_0/ADDRBWRADDR[1]
  -------------------------------------------------------------------    -------------------

                         (clock sys_clk rise edge)   13.333    13.333 r  
    H16                                               0.000    13.333 r  clk (IN)
                         net (fo=0)                   0.000    13.333    clk
    H16                  IBUF (Prop_ibuf_I_O)         1.380    14.713 r  clk_IBUF_inst/O
                         net (fo=1, unplaced)         0.760    15.473    clk_IBUF
                         BUFG (Prop_bufg_I_O)         0.091    15.564 r  clk_IBUF_BUFG_inst/O
                         net (fo=3040, unplaced)      0.439    16.003    u_ram_a/clk_IBUF_BUFG
                         RAMB36E1                                     r  u_ram_a/mem_reg_0_0/CLKBWRCLK
                         clock pessimism              0.120    16.123    
                         clock uncertainty           -0.035    16.088    
                         RAMB36E1 (Setup_ramb36e1_CLKBWRCLK_ADDRBWRADDR[1])
                                                     -0.566    15.522    u_ram_a/mem_reg_0_0
  -------------------------------------------------------------------
                         required time                         15.522    
                         arrival time                         -15.438    
  -------------------------------------------------------------------
                         slack                                  0.085    

Slack (MET) :             0.085ns  (required time - arrival time)
  Source:                 u_conv/y_reg[1]/C
                            (rising edge-triggered cell FDRE clocked by sys_clk  {rise@0.000ns fall@6.667ns period=13.333ns})
  Destination:            u_ram_a/mem_reg_0_0/ADDRBWRADDR[2]
                            (rising edge-triggered cell RAMB36E1 clocked by sys_clk  {rise@0.000ns fall@6.667ns period=13.333ns})
  Path Group:             sys_clk
  Path Type:              Setup (Max at Slow Process Corner)
  Requirement:            13.333ns  (sys_clk rise@13.333ns - sys_clk rise@0.000ns)
  Data Path Delay:        12.502ns  (logic 7.985ns (63.869%)  route 4.517ns (36.131%))
  Logic Levels:           11  (CARRY4=7 DSP48E1=1 LUT2=1 LUT4=1 LUT5=1)
  Clock Path Skew:        -0.145ns (DCD - SCD + CPR)
    Destination Clock Delay (DCD):    2.670ns = ( 16.003 - 13.333 ) 
    Source Clock Delay      (SCD):    2.935ns
    Clock Pessimism Removal (CPR):    0.120ns
  Clock Uncertainty:      0.035ns  ((TSJ^2 + TIJ^2)^1/2 + DJ) / 2 + PE
    Total System Jitter     (TSJ):    0.071ns
    Total Input Jitter      (TIJ):    0.000ns
    Discrete Jitter          (DJ):    0.000ns
    Phase Error              (PE):    0.000ns

    Location             Delay type                Incr(ns)  Path(ns)    Netlist Resource(s)
  -------------------------------------------------------------------    -------------------
                         (clock sys_clk rise edge)    0.000     0.000 r  
    H16                                               0.000     0.000 r  clk (IN)
                         net (fo=0)                   0.000     0.000    clk
    H16                  IBUF (Prop_ibuf_I_O)         1.451     1.451 r  clk_IBUF_inst/O
                         net (fo=1, unplaced)         0.800     2.250    clk_IBUF
                         BUFG (Prop_bufg_I_O)         0.101     2.351 r  clk_IBUF_BUFG_inst/O
                         net (fo=3040, unplaced)      0.584     2.935    u_conv/clk_IBUF_BUFG
                         FDRE                                         r  u_conv/y_reg[1]/C
  -------------------------------------------------------------------    -------------------
                         FDRE (Prop_fdre_C_Q)         0.478     3.413 r  u_conv/y_reg[1]/Q
                         net (fo=7, unplaced)         0.776     4.189    u_conv/y_reg[1]
                         LUT4 (Prop_lut4_I1_O)        0.295     4.484 r  u_conv/tag0_is_pad5_carry_i_6/O
                         net (fo=1, unplaced)         0.000     4.484    u_conv/tag0_is_pad5_carry_i_6_n_0
                         CARRY4 (Prop_carry4_S[1]_CO[3])
                                                      0.533     5.017 r  u_conv/tag0_is_pad5_carry/CO[3]
                         net (fo=1, unplaced)         0.009     5.026    u_conv/tag0_is_pad5_carry_n_0
                         CARRY4 (Prop_carry4_CI_O[1])
                                                      0.337     5.363 r  u_conv/tag0_is_pad5_carry__0/O[1]
                         net (fo=1, unplaced)         0.715     6.078    u_conv/tag0_is_pad5_carry__0_n_6
                         CARRY4 (Prop_carry4_S[1]_CO[3])
                                                      0.839     6.917 r  u_conv/fm_rd_addr0__0_i_23/CO[3]
                         net (fo=1, unplaced)         0.000     6.917    u_conv/fm_rd_addr0__0_i_23_n_0
                         CARRY4 (Prop_carry4_CI_O[3])
                                                      0.331     7.248 r  u_conv/fm_rd_addr0__0_i_22/O[3]
                         net (fo=1, unplaced)         0.618     7.866    u_conv/PCOUT[11]
                         LUT2 (Prop_lut2_I1_O)        0.307     8.173 r  u_conv/fm_rd_addr0__0_i_9/O
                         net (fo=1, unplaced)         0.000     8.173    u_conv/fm_rd_addr0__0_i_9_n_0
                         CARRY4 (Prop_carry4_S[3]_CO[3])
                                                      0.376     8.549 r  u_conv/fm_rd_addr0__0_i_3/CO[3]
                         net (fo=1, unplaced)         0.000     8.549    u_conv/fm_rd_addr0__0_i_3_n_0
                         CARRY4 (Prop_carry4_CI_CO[3])
                                                      0.117     8.666 r  u_conv/fm_rd_addr0__0_i_2/CO[3]
                         net (fo=1, unplaced)         0.000     8.666    u_conv/fm_rd_addr0__0_i_2_n_0
                         CARRY4 (Prop_carry4_CI_O[0])
                                                      0.232     8.898 r  u_conv/fm_rd_addr0__0_i_1/O[0]
                         net (fo=3, unplaced)         0.800     9.698    u_conv/fm_rd_addr0__0_i_1_n_7
                         DSP48E1 (Prop_dsp48e1_A[16]_P[2])
                                                      4.016    13.714 r  u_conv/fm_rd_addr0__0/P[2]
                         net (fo=4, unplaced)         0.800    14.514    u_seq/mem_reg_0_0[2]
                         LUT5 (Prop_lut5_I3_O)        0.124    14.638 r  u_seq/mem_reg_0_0_i_32/O
                         net (fo=16, unplaced)        0.800    15.438    u_ram_a/ADDRBWRADDR[2]
                         RAMB36E1                                     r  u_ram_a/mem_reg_0_0/ADDRBWRADDR[2]
  -------------------------------------------------------------------    -------------------

                         (clock sys_clk rise edge)   13.333    13.333 r  
    H16                                               0.000    13.333 r  clk (IN)
                         net (fo=0)                   0.000    13.333    clk
    H16                  IBUF (Prop_ibuf_I_O)         1.380    14.713 r  clk_IBUF_inst/O
                         net (fo=1, unplaced)         0.760    15.473    clk_IBUF
                         BUFG (Prop_bufg_I_O)         0.091    15.564 r  clk_IBUF_BUFG_inst/O
                         net (fo=3040, unplaced)      0.439    16.003    u_ram_a/clk_IBUF_BUFG
                         RAMB36E1                                     r  u_ram_a/mem_reg_0_0/CLKBWRCLK
                         clock pessimism              0.120    16.123    
                         clock uncertainty           -0.035    16.088    
                         RAMB36E1 (Setup_ramb36e1_CLKBWRCLK_ADDRBWRADDR[2])
                                                     -0.566    15.522    u_ram_a/mem_reg_0_0
  -------------------------------------------------------------------
                         required time                         15.522    
                         arrival time                         -15.438    
  -------------------------------------------------------------------
                         slack                                  0.085    

Slack (MET) :             0.085ns  (required time - arrival time)
  Source:                 u_conv/y_reg[1]/C
                            (rising edge-triggered cell FDRE clocked by sys_clk  {rise@0.000ns fall@6.667ns period=13.333ns})
  Destination:            u_ram_a/mem_reg_0_0/ADDRBWRADDR[3]
                            (rising edge-triggered cell RAMB36E1 clocked by sys_clk  {rise@0.000ns fall@6.667ns period=13.333ns})
  Path Group:             sys_clk
  Path Type:              Setup (Max at Slow Process Corner)
  Requirement:            13.333ns  (sys_clk rise@13.333ns - sys_clk rise@0.000ns)
  Data Path Delay:        12.502ns  (logic 7.985ns (63.869%)  route 4.517ns (36.131%))
  Logic Levels:           11  (CARRY4=7 DSP48E1=1 LUT2=1 LUT4=1 LUT5=1)
  Clock Path Skew:        -0.145ns (DCD - SCD + CPR)
    Destination Clock Delay (DCD):    2.670ns = ( 16.003 - 13.333 ) 
    Source Clock Delay      (SCD):    2.935ns
    Clock Pessimism Removal (CPR):    0.120ns
  Clock Uncertainty:      0.035ns  ((TSJ^2 + TIJ^2)^1/2 + DJ) / 2 + PE
    Total System Jitter     (TSJ):    0.071ns
    Total Input Jitter      (TIJ):    0.000ns
    Discrete Jitter          (DJ):    0.000ns
    Phase Error              (PE):    0.000ns

    Location             Delay type                Incr(ns)  Path(ns)    Netlist Resource(s)
  -------------------------------------------------------------------    -------------------
                         (clock sys_clk rise edge)    0.000     0.000 r  
    H16                                               0.000     0.000 r  clk (IN)
                         net (fo=0)                   0.000     0.000    clk
    H16                  IBUF (Prop_ibuf_I_O)         1.451     1.451 r  clk_IBUF_inst/O
                         net (fo=1, unplaced)         0.800     2.250    clk_IBUF
                         BUFG (Prop_bufg_I_O)         0.101     2.351 r  clk_IBUF_BUFG_inst/O
                         net (fo=3040, unplaced)      0.584     2.935    u_conv/clk_IBUF_BUFG
                         FDRE                                         r  u_conv/y_reg[1]/C
  -------------------------------------------------------------------    -------------------
                         FDRE (Prop_fdre_C_Q)         0.478     3.413 r  u_conv/y_reg[1]/Q
                         net (fo=7, unplaced)         0.776     4.189    u_conv/y_reg[1]
                         LUT4 (Prop_lut4_I1_O)        0.295     4.484 r  u_conv/tag0_is_pad5_carry_i_6/O
                         net (fo=1, unplaced)         0.000     4.484    u_conv/tag0_is_pad5_carry_i_6_n_0
                         CARRY4 (Prop_carry4_S[1]_CO[3])
                                                      0.533     5.017 r  u_conv/tag0_is_pad5_carry/CO[3]
                         net (fo=1, unplaced)         0.009     5.026    u_conv/tag0_is_pad5_carry_n_0
                         CARRY4 (Prop_carry4_CI_O[1])
                                                      0.337     5.363 r  u_conv/tag0_is_pad5_carry__0/O[1]
                         net (fo=1, unplaced)         0.715     6.078    u_conv/tag0_is_pad5_carry__0_n_6
                         CARRY4 (Prop_carry4_S[1]_CO[3])
                                                      0.839     6.917 r  u_conv/fm_rd_addr0__0_i_23/CO[3]
                         net (fo=1, unplaced)         0.000     6.917    u_conv/fm_rd_addr0__0_i_23_n_0
                         CARRY4 (Prop_carry4_CI_O[3])
                                                      0.331     7.248 r  u_conv/fm_rd_addr0__0_i_22/O[3]
                         net (fo=1, unplaced)         0.618     7.866    u_conv/PCOUT[11]
                         LUT2 (Prop_lut2_I1_O)        0.307     8.173 r  u_conv/fm_rd_addr0__0_i_9/O
                         net (fo=1, unplaced)         0.000     8.173    u_conv/fm_rd_addr0__0_i_9_n_0
                         CARRY4 (Prop_carry4_S[3]_CO[3])
                                                      0.376     8.549 r  u_conv/fm_rd_addr0__0_i_3/CO[3]
                         net (fo=1, unplaced)         0.000     8.549    u_conv/fm_rd_addr0__0_i_3_n_0
                         CARRY4 (Prop_carry4_CI_CO[3])
                                                      0.117     8.666 r  u_conv/fm_rd_addr0__0_i_2/CO[3]
                         net (fo=1, unplaced)         0.000     8.666    u_conv/fm_rd_addr0__0_i_2_n_0
                         CARRY4 (Prop_carry4_CI_O[0])
                                                      0.232     8.898 r  u_conv/fm_rd_addr0__0_i_1/O[0]
                         net (fo=3, unplaced)         0.800     9.698    u_conv/fm_rd_addr0__0_i_1_n_7
                         DSP48E1 (Prop_dsp48e1_A[16]_P[3])
                                                      4.016    13.714 r  u_conv/fm_rd_addr0__0/P[3]
                         net (fo=4, unplaced)         0.800    14.514    u_seq/mem_reg_0_0[3]
                         LUT5 (Prop_lut5_I3_O)        0.124    14.638 r  u_seq/mem_reg_0_0_i_31/O
                         net (fo=16, unplaced)        0.800    15.438    u_ram_a/ADDRBWRADDR[3]
                         RAMB36E1                                     r  u_ram_a/mem_reg_0_0/ADDRBWRADDR[3]
  -------------------------------------------------------------------    -------------------

                         (clock sys_clk rise edge)   13.333    13.333 r  
    H16                                               0.000    13.333 r  clk (IN)
                         net (fo=0)                   0.000    13.333    clk
    H16                  IBUF (Prop_ibuf_I_O)         1.380    14.713 r  clk_IBUF_inst/O
                         net (fo=1, unplaced)         0.760    15.473    clk_IBUF
                         BUFG (Prop_bufg_I_O)         0.091    15.564 r  clk_IBUF_BUFG_inst/O
                         net (fo=3040, unplaced)      0.439    16.003    u_ram_a/clk_IBUF_BUFG
                         RAMB36E1                                     r  u_ram_a/mem_reg_0_0/CLKBWRCLK
                         clock pessimism              0.120    16.123    
                         clock uncertainty           -0.035    16.088    
                         RAMB36E1 (Setup_ramb36e1_CLKBWRCLK_ADDRBWRADDR[3])
                                                     -0.566    15.522    u_ram_a/mem_reg_0_0
  -------------------------------------------------------------------
                         required time                         15.522    
                         arrival time                         -15.438    
  -------------------------------------------------------------------
                         slack                                  0.085    

Slack (MET) :             0.085ns  (required time - arrival time)
  Source:                 u_conv/y_reg[1]/C
                            (rising edge-triggered cell FDRE clocked by sys_clk  {rise@0.000ns fall@6.667ns period=13.333ns})
  Destination:            u_ram_a/mem_reg_0_0/ADDRBWRADDR[4]
                            (rising edge-triggered cell RAMB36E1 clocked by sys_clk  {rise@0.000ns fall@6.667ns period=13.333ns})
  Path Group:             sys_clk
  Path Type:              Setup (Max at Slow Process Corner)
  Requirement:            13.333ns  (sys_clk rise@13.333ns - sys_clk rise@0.000ns)
  Data Path Delay:        12.502ns  (logic 7.985ns (63.869%)  route 4.517ns (36.131%))
  Logic Levels:           11  (CARRY4=7 DSP48E1=1 LUT2=1 LUT4=1 LUT5=1)
  Clock Path Skew:        -0.145ns (DCD - SCD + CPR)
    Destination Clock Delay (DCD):    2.670ns = ( 16.003 - 13.333 ) 
    Source Clock Delay      (SCD):    2.935ns
    Clock Pessimism Removal (CPR):    0.120ns
  Clock Uncertainty:      0.035ns  ((TSJ^2 + TIJ^2)^1/2 + DJ) / 2 + PE
    Total System Jitter     (TSJ):    0.071ns
    Total Input Jitter      (TIJ):    0.000ns
    Discrete Jitter          (DJ):    0.000ns
    Phase Error              (PE):    0.000ns

    Location             Delay type                Incr(ns)  Path(ns)    Netlist Resource(s)
  -------------------------------------------------------------------    -------------------
                         (clock sys_clk rise edge)    0.000     0.000 r  
    H16                                               0.000     0.000 r  clk (IN)
                         net (fo=0)                   0.000     0.000    clk
    H16                  IBUF (Prop_ibuf_I_O)         1.451     1.451 r  clk_IBUF_inst/O
                         net (fo=1, unplaced)         0.800     2.250    clk_IBUF
                         BUFG (Prop_bufg_I_O)         0.101     2.351 r  clk_IBUF_BUFG_inst/O
                         net (fo=3040, unplaced)      0.584     2.935    u_conv/clk_IBUF_BUFG
                         FDRE                                         r  u_conv/y_reg[1]/C
  -------------------------------------------------------------------    -------------------
                         FDRE (Prop_fdre_C_Q)         0.478     3.413 r  u_conv/y_reg[1]/Q
                         net (fo=7, unplaced)         0.776     4.189    u_conv/y_reg[1]
                         LUT4 (Prop_lut4_I1_O)        0.295     4.484 r  u_conv/tag0_is_pad5_carry_i_6/O
                         net (fo=1, unplaced)         0.000     4.484    u_conv/tag0_is_pad5_carry_i_6_n_0
                         CARRY4 (Prop_carry4_S[1]_CO[3])
                                                      0.533     5.017 r  u_conv/tag0_is_pad5_carry/CO[3]
                         net (fo=1, unplaced)         0.009     5.026    u_conv/tag0_is_pad5_carry_n_0
                         CARRY4 (Prop_carry4_CI_O[1])
                                                      0.337     5.363 r  u_conv/tag0_is_pad5_carry__0/O[1]
                         net (fo=1, unplaced)         0.715     6.078    u_conv/tag0_is_pad5_carry__0_n_6
                         CARRY4 (Prop_carry4_S[1]_CO[3])
                                                      0.839     6.917 r  u_conv/fm_rd_addr0__0_i_23/CO[3]
                         net (fo=1, unplaced)         0.000     6.917    u_conv/fm_rd_addr0__0_i_23_n_0
                         CARRY4 (Prop_carry4_CI_O[3])
                                                      0.331     7.248 r  u_conv/fm_rd_addr0__0_i_22/O[3]
                         net (fo=1, unplaced)         0.618     7.866    u_conv/PCOUT[11]
                         LUT2 (Prop_lut2_I1_O)        0.307     8.173 r  u_conv/fm_rd_addr0__0_i_9/O
                         net (fo=1, unplaced)         0.000     8.173    u_conv/fm_rd_addr0__0_i_9_n_0
                         CARRY4 (Prop_carry4_S[3]_CO[3])
                                                      0.376     8.549 r  u_conv/fm_rd_addr0__0_i_3/CO[3]
                         net (fo=1, unplaced)         0.000     8.549    u_conv/fm_rd_addr0__0_i_3_n_0
                         CARRY4 (Prop_carry4_CI_CO[3])
                                                      0.117     8.666 r  u_conv/fm_rd_addr0__0_i_2/CO[3]
                         net (fo=1, unplaced)         0.000     8.666    u_conv/fm_rd_addr0__0_i_2_n_0
                         CARRY4 (Prop_carry4_CI_O[0])
                                                      0.232     8.898 r  u_conv/fm_rd_addr0__0_i_1/O[0]
                         net (fo=3, unplaced)         0.800     9.698    u_conv/fm_rd_addr0__0_i_1_n_7
                         DSP48E1 (Prop_dsp48e1_A[16]_P[4])
                                                      4.016    13.714 r  u_conv/fm_rd_addr0__0/P[4]
                         net (fo=4, unplaced)         0.800    14.514    u_seq/mem_reg_0_0[4]
                         LUT5 (Prop_lut5_I3_O)        0.124    14.638 r  u_seq/mem_reg_0_0_i_30/O
                         net (fo=16, unplaced)        0.800    15.438    u_ram_a/ADDRBWRADDR[4]
                         RAMB36E1                                     r  u_ram_a/mem_reg_0_0/ADDRBWRADDR[4]
  -------------------------------------------------------------------    -------------------

                         (clock sys_clk rise edge)   13.333    13.333 r  
    H16                                               0.000    13.333 r  clk (IN)
                         net (fo=0)                   0.000    13.333    clk
    H16                  IBUF (Prop_ibuf_I_O)         1.380    14.713 r  clk_IBUF_inst/O
                         net (fo=1, unplaced)         0.760    15.473    clk_IBUF
                         BUFG (Prop_bufg_I_O)         0.091    15.564 r  clk_IBUF_BUFG_inst/O
                         net (fo=3040, unplaced)      0.439    16.003    u_ram_a/clk_IBUF_BUFG
                         RAMB36E1                                     r  u_ram_a/mem_reg_0_0/CLKBWRCLK
                         clock pessimism              0.120    16.123    
                         clock uncertainty           -0.035    16.088    
                         RAMB36E1 (Setup_ramb36e1_CLKBWRCLK_ADDRBWRADDR[4])
                                                     -0.566    15.522    u_ram_a/mem_reg_0_0
  -------------------------------------------------------------------
                         required time                         15.522    
                         arrival time                         -15.438    
  -------------------------------------------------------------------
                         slack                                  0.085    





Min Delay Paths
--------------------------------------------------------------------------------------
Slack (MET) :             0.079ns  (arrival time - required time)
  Source:                 u_conv/tag_out_idx_reg[1][16]__0/C
                            (rising edge-triggered cell FDRE clocked by sys_clk  {rise@0.000ns fall@6.667ns period=13.333ns})
  Destination:            u_conv/tag_out_idx_reg[4][16]_srl3/D
                            (rising edge-triggered cell SRL16E clocked by sys_clk  {rise@0.000ns fall@6.667ns period=13.333ns})
  Path Group:             sys_clk
  Path Type:              Hold (Min at Fast Process Corner)
  Requirement:            0.000ns  (sys_clk rise@0.000ns - sys_clk rise@0.000ns)
  Data Path Delay:        0.288ns  (logic 0.147ns (51.079%)  route 0.141ns (48.921%))
  Logic Levels:           0  
  Clock Path Skew:        0.145ns (DCD - SCD - CPR)
    Destination Clock Delay (DCD):    1.049ns
    Source Clock Delay      (SCD):    0.696ns
    Clock Pessimism Removal (CPR):    0.208ns

    Location             Delay type                Incr(ns)  Path(ns)    Netlist Resource(s)
  -------------------------------------------------------------------    -------------------
                         (clock sys_clk rise edge)    0.000     0.000 r  
    H16                                               0.000     0.000 r  clk (IN)
                         net (fo=0)                   0.000     0.000    clk
    H16                  IBUF (Prop_ibuf_I_O)         0.219     0.219 r  clk_IBUF_inst/O
                         net (fo=1, unplaced)         0.337     0.556    clk_IBUF
                         BUFG (Prop_bufg_I_O)         0.026     0.582 r  clk_IBUF_BUFG_inst/O
                         net (fo=3040, unplaced)      0.114     0.696    u_conv/clk_IBUF_BUFG
                         FDRE                                         r  u_conv/tag_out_idx_reg[1][16]__0/C
  -------------------------------------------------------------------    -------------------
                         FDRE (Prop_fdre_C_Q)         0.147     0.843 r  u_conv/tag_out_idx_reg[1][16]__0/Q
                         net (fo=1, unplaced)         0.141     0.984    u_conv/tag_out_idx_reg[1][16]__0_n_0
                         SRL16E                                       r  u_conv/tag_out_idx_reg[4][16]_srl3/D
  -------------------------------------------------------------------    -------------------

                         (clock sys_clk rise edge)    0.000     0.000 r  
    H16                                               0.000     0.000 r  clk (IN)
                         net (fo=0)                   0.000     0.000    clk
    H16                  IBUF (Prop_ibuf_I_O)         0.406     0.406 r  clk_IBUF_inst/O
                         net (fo=1, unplaced)         0.355     0.761    clk_IBUF
                         BUFG (Prop_bufg_I_O)         0.029     0.790 r  clk_IBUF_BUFG_inst/O
                         net (fo=3040, unplaced)      0.259     1.049    u_conv/clk_IBUF_BUFG
                         SRL16E                                       r  u_conv/tag_out_idx_reg[4][16]_srl3/CLK
                         clock pessimism             -0.208     0.841    
                         SRL16E (Hold_srl16e_CLK_D)
                                                      0.064     0.905    u_conv/tag_out_idx_reg[4][16]_srl3
  -------------------------------------------------------------------
                         required time                         -0.905    
                         arrival time                           0.984    
  -------------------------------------------------------------------
                         slack                                  0.079    

Slack (MET) :             0.089ns  (arrival time - required time)
  Source:                 u_fc/n_idx_reg[10]/C
                            (rising edge-triggered cell FDRE clocked by sys_clk  {rise@0.000ns fall@6.667ns period=13.333ns})
  Destination:            u_fc/tag_n_reg[3][10]_srl3/D
                            (rising edge-triggered cell SRL16E clocked by sys_clk  {rise@0.000ns fall@6.667ns period=13.333ns})
  Path Group:             sys_clk
  Path Type:              Hold (Min at Fast Process Corner)
  Requirement:            0.000ns  (sys_clk rise@0.000ns - sys_clk rise@0.000ns)
  Data Path Delay:        0.298ns  (logic 0.147ns (49.345%)  route 0.151ns (50.655%))
  Logic Levels:           0  
  Clock Path Skew:        0.145ns (DCD - SCD - CPR)
    Destination Clock Delay (DCD):    1.049ns
    Source Clock Delay      (SCD):    0.696ns
    Clock Pessimism Removal (CPR):    0.208ns

    Location             Delay type                Incr(ns)  Path(ns)    Netlist Resource(s)
  -------------------------------------------------------------------    -------------------
                         (clock sys_clk rise edge)    0.000     0.000 r  
    H16                                               0.000     0.000 r  clk (IN)
                         net (fo=0)                   0.000     0.000    clk
    H16                  IBUF (Prop_ibuf_I_O)         0.219     0.219 r  clk_IBUF_inst/O
                         net (fo=1, unplaced)         0.337     0.556    clk_IBUF
                         BUFG (Prop_bufg_I_O)         0.026     0.582 r  clk_IBUF_BUFG_inst/O
                         net (fo=3040, unplaced)      0.114     0.696    u_fc/clk_IBUF_BUFG
                         FDRE                                         r  u_fc/n_idx_reg[10]/C
  -------------------------------------------------------------------    -------------------
                         FDRE (Prop_fdre_C_Q)         0.147     0.843 r  u_fc/n_idx_reg[10]/Q
                         net (fo=4, unplaced)         0.151     0.994    u_fc/n_idx_reg[10]
                         SRL16E                                       r  u_fc/tag_n_reg[3][10]_srl3/D
  -------------------------------------------------------------------    -------------------

                         (clock sys_clk rise edge)    0.000     0.000 r  
    H16                                               0.000     0.000 r  clk (IN)
                         net (fo=0)                   0.000     0.000    clk
    H16                  IBUF (Prop_ibuf_I_O)         0.406     0.406 r  clk_IBUF_inst/O
                         net (fo=1, unplaced)         0.355     0.761    clk_IBUF
                         BUFG (Prop_bufg_I_O)         0.029     0.790 r  clk_IBUF_BUFG_inst/O
                         net (fo=3040, unplaced)      0.259     1.049    u_fc/clk_IBUF_BUFG
                         SRL16E                                       r  u_fc/tag_n_reg[3][10]_srl3/CLK
                         clock pessimism             -0.208     0.841    
                         SRL16E (Hold_srl16e_CLK_D)
                                                      0.064     0.905    u_fc/tag_n_reg[3][10]_srl3
  -------------------------------------------------------------------
                         required time                         -0.905    
                         arrival time                           0.994    
  -------------------------------------------------------------------
                         slack                                  0.089    

Slack (MET) :             0.089ns  (arrival time - required time)
  Source:                 u_fc/n_idx_reg[11]/C
                            (rising edge-triggered cell FDRE clocked by sys_clk  {rise@0.000ns fall@6.667ns period=13.333ns})
  Destination:            u_fc/tag_n_reg[3][11]_srl3/D
                            (rising edge-triggered cell SRL16E clocked by sys_clk  {rise@0.000ns fall@6.667ns period=13.333ns})
  Path Group:             sys_clk
  Path Type:              Hold (Min at Fast Process Corner)
  Requirement:            0.000ns  (sys_clk rise@0.000ns - sys_clk rise@0.000ns)
  Data Path Delay:        0.298ns  (logic 0.147ns (49.345%)  route 0.151ns (50.655%))
  Logic Levels:           0  
  Clock Path Skew:        0.145ns (DCD - SCD - CPR)
    Destination Clock Delay (DCD):    1.049ns
    Source Clock Delay      (SCD):    0.696ns
    Clock Pessimism Removal (CPR):    0.208ns

    Location             Delay type                Incr(ns)  Path(ns)    Netlist Resource(s)
  -------------------------------------------------------------------    -------------------
                         (clock sys_clk rise edge)    0.000     0.000 r  
    H16                                               0.000     0.000 r  clk (IN)
                         net (fo=0)                   0.000     0.000    clk
    H16                  IBUF (Prop_ibuf_I_O)         0.219     0.219 r  clk_IBUF_inst/O
                         net (fo=1, unplaced)         0.337     0.556    clk_IBUF
                         BUFG (Prop_bufg_I_O)         0.026     0.582 r  clk_IBUF_BUFG_inst/O
                         net (fo=3040, unplaced)      0.114     0.696    u_fc/clk_IBUF_BUFG
                         FDRE                                         r  u_fc/n_idx_reg[11]/C
  -------------------------------------------------------------------    -------------------
                         FDRE (Prop_fdre_C_Q)         0.147     0.843 r  u_fc/n_idx_reg[11]/Q
                         net (fo=4, unplaced)         0.151     0.994    u_fc/n_idx_reg[11]
                         SRL16E                                       r  u_fc/tag_n_reg[3][11]_srl3/D
  -------------------------------------------------------------------    -------------------

                         (clock sys_clk rise edge)    0.000     0.000 r  
    H16                                               0.000     0.000 r  clk (IN)
                         net (fo=0)                   0.000     0.000    clk
    H16                  IBUF (Prop_ibuf_I_O)         0.406     0.406 r  clk_IBUF_inst/O
                         net (fo=1, unplaced)         0.355     0.761    clk_IBUF
                         BUFG (Prop_bufg_I_O)         0.029     0.790 r  clk_IBUF_BUFG_inst/O
                         net (fo=3040, unplaced)      0.259     1.049    u_fc/clk_IBUF_BUFG
                         SRL16E                                       r  u_fc/tag_n_reg[3][11]_srl3/CLK
                         clock pessimism             -0.208     0.841    
                         SRL16E (Hold_srl16e_CLK_D)
                                                      0.064     0.905    u_fc/tag_n_reg[3][11]_srl3
  -------------------------------------------------------------------
                         required time                         -0.905    
                         arrival time                           0.994    
  -------------------------------------------------------------------
                         slack                                  0.089    

Slack (MET) :             0.089ns  (arrival time - required time)
  Source:                 u_fc/n_idx_reg[8]/C
                            (rising edge-triggered cell FDRE clocked by sys_clk  {rise@0.000ns fall@6.667ns period=13.333ns})
  Destination:            u_fc/tag_n_reg[3][8]_srl3/D
                            (rising edge-triggered cell SRL16E clocked by sys_clk  {rise@0.000ns fall@6.667ns period=13.333ns})
  Path Group:             sys_clk
  Path Type:              Hold (Min at Fast Process Corner)
  Requirement:            0.000ns  (sys_clk rise@0.000ns - sys_clk rise@0.000ns)
  Data Path Delay:        0.298ns  (logic 0.147ns (49.345%)  route 0.151ns (50.655%))
  Logic Levels:           0  
  Clock Path Skew:        0.145ns (DCD - SCD - CPR)
    Destination Clock Delay (DCD):    1.049ns
    Source Clock Delay      (SCD):    0.696ns
    Clock Pessimism Removal (CPR):    0.208ns

    Location             Delay type                Incr(ns)  Path(ns)    Netlist Resource(s)
  -------------------------------------------------------------------    -------------------
                         (clock sys_clk rise edge)    0.000     0.000 r  
    H16                                               0.000     0.000 r  clk (IN)
                         net (fo=0)                   0.000     0.000    clk
    H16                  IBUF (Prop_ibuf_I_O)         0.219     0.219 r  clk_IBUF_inst/O
                         net (fo=1, unplaced)         0.337     0.556    clk_IBUF
                         BUFG (Prop_bufg_I_O)         0.026     0.582 r  clk_IBUF_BUFG_inst/O
                         net (fo=3040, unplaced)      0.114     0.696    u_fc/clk_IBUF_BUFG
                         FDRE                                         r  u_fc/n_idx_reg[8]/C
  -------------------------------------------------------------------    -------------------
                         FDRE (Prop_fdre_C_Q)         0.147     0.843 r  u_fc/n_idx_reg[8]/Q
                         net (fo=4, unplaced)         0.151     0.994    u_fc/n_idx_reg[8]
                         SRL16E                                       r  u_fc/tag_n_reg[3][8]_srl3/D
  -------------------------------------------------------------------    -------------------

                         (clock sys_clk rise edge)    0.000     0.000 r  
    H16                                               0.000     0.000 r  clk (IN)
                         net (fo=0)                   0.000     0.000    clk
    H16                  IBUF (Prop_ibuf_I_O)         0.406     0.406 r  clk_IBUF_inst/O
                         net (fo=1, unplaced)         0.355     0.761    clk_IBUF
                         BUFG (Prop_bufg_I_O)         0.029     0.790 r  clk_IBUF_BUFG_inst/O
                         net (fo=3040, unplaced)      0.259     1.049    u_fc/clk_IBUF_BUFG
                         SRL16E                                       r  u_fc/tag_n_reg[3][8]_srl3/CLK
                         clock pessimism             -0.208     0.841    
                         SRL16E (Hold_srl16e_CLK_D)
                                                      0.064     0.905    u_fc/tag_n_reg[3][8]_srl3
  -------------------------------------------------------------------
                         required time                         -0.905    
                         arrival time                           0.994    
  -------------------------------------------------------------------
                         slack                                  0.089    

Slack (MET) :             0.089ns  (arrival time - required time)
  Source:                 u_fc/n_idx_reg[9]/C
                            (rising edge-triggered cell FDRE clocked by sys_clk  {rise@0.000ns fall@6.667ns period=13.333ns})
  Destination:            u_fc/tag_n_reg[3][9]_srl3/D
                            (rising edge-triggered cell SRL16E clocked by sys_clk  {rise@0.000ns fall@6.667ns period=13.333ns})
  Path Group:             sys_clk
  Path Type:              Hold (Min at Fast Process Corner)
  Requirement:            0.000ns  (sys_clk rise@0.000ns - sys_clk rise@0.000ns)
  Data Path Delay:        0.298ns  (logic 0.147ns (49.345%)  route 0.151ns (50.655%))
  Logic Levels:           0  
  Clock Path Skew:        0.145ns (DCD - SCD - CPR)
    Destination Clock Delay (DCD):    1.049ns
    Source Clock Delay      (SCD):    0.696ns
    Clock Pessimism Removal (CPR):    0.208ns

    Location             Delay type                Incr(ns)  Path(ns)    Netlist Resource(s)
  -------------------------------------------------------------------    -------------------
                         (clock sys_clk rise edge)    0.000     0.000 r  
    H16                                               0.000     0.000 r  clk (IN)
                         net (fo=0)                   0.000     0.000    clk
    H16                  IBUF (Prop_ibuf_I_O)         0.219     0.219 r  clk_IBUF_inst/O
                         net (fo=1, unplaced)         0.337     0.556    clk_IBUF
                         BUFG (Prop_bufg_I_O)         0.026     0.582 r  clk_IBUF_BUFG_inst/O
                         net (fo=3040, unplaced)      0.114     0.696    u_fc/clk_IBUF_BUFG
                         FDRE                                         r  u_fc/n_idx_reg[9]/C
  -------------------------------------------------------------------    -------------------
                         FDRE (Prop_fdre_C_Q)         0.147     0.843 r  u_fc/n_idx_reg[9]/Q
                         net (fo=4, unplaced)         0.151     0.994    u_fc/n_idx_reg[9]
                         SRL16E                                       r  u_fc/tag_n_reg[3][9]_srl3/D
  -------------------------------------------------------------------    -------------------

                         (clock sys_clk rise edge)    0.000     0.000 r  
    H16                                               0.000     0.000 r  clk (IN)
                         net (fo=0)                   0.000     0.000    clk
    H16                  IBUF (Prop_ibuf_I_O)         0.406     0.406 r  clk_IBUF_inst/O
                         net (fo=1, unplaced)         0.355     0.761    clk_IBUF
                         BUFG (Prop_bufg_I_O)         0.029     0.790 r  clk_IBUF_BUFG_inst/O
                         net (fo=3040, unplaced)      0.259     1.049    u_fc/clk_IBUF_BUFG
                         SRL16E                                       r  u_fc/tag_n_reg[3][9]_srl3/CLK
                         clock pessimism             -0.208     0.841    
                         SRL16E (Hold_srl16e_CLK_D)
                                                      0.064     0.905    u_fc/tag_n_reg[3][9]_srl3
  -------------------------------------------------------------------
                         required time                         -0.905    
                         arrival time                           0.994    
  -------------------------------------------------------------------
                         slack                                  0.089    

Slack (MET) :             0.091ns  (arrival time - required time)
  Source:                 u_fc/n_idx_reg[1]/C
                            (rising edge-triggered cell FDRE clocked by sys_clk  {rise@0.000ns fall@6.667ns period=13.333ns})
  Destination:            u_fc/tag_n_reg[3][1]_srl3/D
                            (rising edge-triggered cell SRL16E clocked by sys_clk  {rise@0.000ns fall@6.667ns period=13.333ns})
  Path Group:             sys_clk
  Path Type:              Hold (Min at Fast Process Corner)
  Requirement:            0.000ns  (sys_clk rise@0.000ns - sys_clk rise@0.000ns)
  Data Path Delay:        0.300ns  (logic 0.147ns (49.067%)  route 0.153ns (50.933%))
  Logic Levels:           0  
  Clock Path Skew:        0.145ns (DCD - SCD - CPR)
    Destination Clock Delay (DCD):    1.049ns
    Source Clock Delay      (SCD):    0.696ns
    Clock Pessimism Removal (CPR):    0.208ns

    Location             Delay type                Incr(ns)  Path(ns)    Netlist Resource(s)
  -------------------------------------------------------------------    -------------------
                         (clock sys_clk rise edge)    0.000     0.000 r  
    H16                                               0.000     0.000 r  clk (IN)
                         net (fo=0)                   0.000     0.000    clk
    H16                  IBUF (Prop_ibuf_I_O)         0.219     0.219 r  clk_IBUF_inst/O
                         net (fo=1, unplaced)         0.337     0.556    clk_IBUF
                         BUFG (Prop_bufg_I_O)         0.026     0.582 r  clk_IBUF_BUFG_inst/O
                         net (fo=3040, unplaced)      0.114     0.696    u_fc/clk_IBUF_BUFG
                         FDRE                                         r  u_fc/n_idx_reg[1]/C
  -------------------------------------------------------------------    -------------------
                         FDRE (Prop_fdre_C_Q)         0.147     0.843 r  u_fc/n_idx_reg[1]/Q
                         net (fo=5, unplaced)         0.153     0.995    u_fc/fc_b_addr[1]
                         SRL16E                                       r  u_fc/tag_n_reg[3][1]_srl3/D
  -------------------------------------------------------------------    -------------------

                         (clock sys_clk rise edge)    0.000     0.000 r  
    H16                                               0.000     0.000 r  clk (IN)
                         net (fo=0)                   0.000     0.000    clk
    H16                  IBUF (Prop_ibuf_I_O)         0.406     0.406 r  clk_IBUF_inst/O
                         net (fo=1, unplaced)         0.355     0.761    clk_IBUF
                         BUFG (Prop_bufg_I_O)         0.029     0.790 r  clk_IBUF_BUFG_inst/O
                         net (fo=3040, unplaced)      0.259     1.049    u_fc/clk_IBUF_BUFG
                         SRL16E                                       r  u_fc/tag_n_reg[3][1]_srl3/CLK
                         clock pessimism             -0.208     0.841    
                         SRL16E (Hold_srl16e_CLK_D)
                                                      0.064     0.905    u_fc/tag_n_reg[3][1]_srl3
  -------------------------------------------------------------------
                         required time                         -0.905    
                         arrival time                           0.995    
  -------------------------------------------------------------------
                         slack                                  0.091    

Slack (MET) :             0.091ns  (arrival time - required time)
  Source:                 u_fc/n_idx_reg[2]/C
                            (rising edge-triggered cell FDRE clocked by sys_clk  {rise@0.000ns fall@6.667ns period=13.333ns})
  Destination:            u_fc/tag_n_reg[3][2]_srl3/D
                            (rising edge-triggered cell SRL16E clocked by sys_clk  {rise@0.000ns fall@6.667ns period=13.333ns})
  Path Group:             sys_clk
  Path Type:              Hold (Min at Fast Process Corner)
  Requirement:            0.000ns  (sys_clk rise@0.000ns - sys_clk rise@0.000ns)
  Data Path Delay:        0.300ns  (logic 0.147ns (49.067%)  route 0.153ns (50.933%))
  Logic Levels:           0  
  Clock Path Skew:        0.145ns (DCD - SCD - CPR)
    Destination Clock Delay (DCD):    1.049ns
    Source Clock Delay      (SCD):    0.696ns
    Clock Pessimism Removal (CPR):    0.208ns

    Location             Delay type                Incr(ns)  Path(ns)    Netlist Resource(s)
  -------------------------------------------------------------------    -------------------
                         (clock sys_clk rise edge)    0.000     0.000 r  
    H16                                               0.000     0.000 r  clk (IN)
                         net (fo=0)                   0.000     0.000    clk
    H16                  IBUF (Prop_ibuf_I_O)         0.219     0.219 r  clk_IBUF_inst/O
                         net (fo=1, unplaced)         0.337     0.556    clk_IBUF
                         BUFG (Prop_bufg_I_O)         0.026     0.582 r  clk_IBUF_BUFG_inst/O
                         net (fo=3040, unplaced)      0.114     0.696    u_fc/clk_IBUF_BUFG
                         FDRE                                         r  u_fc/n_idx_reg[2]/C
  -------------------------------------------------------------------    -------------------
                         FDRE (Prop_fdre_C_Q)         0.147     0.843 r  u_fc/n_idx_reg[2]/Q
                         net (fo=5, unplaced)         0.153     0.995    u_fc/fc_b_addr[2]
                         SRL16E                                       r  u_fc/tag_n_reg[3][2]_srl3/D
  -------------------------------------------------------------------    -------------------

                         (clock sys_clk rise edge)    0.000     0.000 r  
    H16                                               0.000     0.000 r  clk (IN)
                         net (fo=0)                   0.000     0.000    clk
    H16                  IBUF (Prop_ibuf_I_O)         0.406     0.406 r  clk_IBUF_inst/O
                         net (fo=1, unplaced)         0.355     0.761    clk_IBUF
                         BUFG (Prop_bufg_I_O)         0.029     0.790 r  clk_IBUF_BUFG_inst/O
                         net (fo=3040, unplaced)      0.259     1.049    u_fc/clk_IBUF_BUFG
                         SRL16E                                       r  u_fc/tag_n_reg[3][2]_srl3/CLK
                         clock pessimism             -0.208     0.841    
                         SRL16E (Hold_srl16e_CLK_D)
                                                      0.064     0.905    u_fc/tag_n_reg[3][2]_srl3
  -------------------------------------------------------------------
                         required time                         -0.905    
                         arrival time                           0.995    
  -------------------------------------------------------------------
                         slack                                  0.091    

Slack (MET) :             0.091ns  (arrival time - required time)
  Source:                 u_fc/n_idx_reg[3]/C
                            (rising edge-triggered cell FDRE clocked by sys_clk  {rise@0.000ns fall@6.667ns period=13.333ns})
  Destination:            u_fc/tag_n_reg[3][3]_srl3/D
                            (rising edge-triggered cell SRL16E clocked by sys_clk  {rise@0.000ns fall@6.667ns period=13.333ns})
  Path Group:             sys_clk
  Path Type:              Hold (Min at Fast Process Corner)
  Requirement:            0.000ns  (sys_clk rise@0.000ns - sys_clk rise@0.000ns)
  Data Path Delay:        0.300ns  (logic 0.147ns (49.067%)  route 0.153ns (50.933%))
  Logic Levels:           0  
  Clock Path Skew:        0.145ns (DCD - SCD - CPR)
    Destination Clock Delay (DCD):    1.049ns
    Source Clock Delay      (SCD):    0.696ns
    Clock Pessimism Removal (CPR):    0.208ns

    Location             Delay type                Incr(ns)  Path(ns)    Netlist Resource(s)
  -------------------------------------------------------------------    -------------------
                         (clock sys_clk rise edge)    0.000     0.000 r  
    H16                                               0.000     0.000 r  clk (IN)
                         net (fo=0)                   0.000     0.000    clk
    H16                  IBUF (Prop_ibuf_I_O)         0.219     0.219 r  clk_IBUF_inst/O
                         net (fo=1, unplaced)         0.337     0.556    clk_IBUF
                         BUFG (Prop_bufg_I_O)         0.026     0.582 r  clk_IBUF_BUFG_inst/O
                         net (fo=3040, unplaced)      0.114     0.696    u_fc/clk_IBUF_BUFG
                         FDRE                                         r  u_fc/n_idx_reg[3]/C
  -------------------------------------------------------------------    -------------------
                         FDRE (Prop_fdre_C_Q)         0.147     0.843 r  u_fc/n_idx_reg[3]/Q
                         net (fo=5, unplaced)         0.153     0.995    u_fc/n_idx_reg[3]
                         SRL16E                                       r  u_fc/tag_n_reg[3][3]_srl3/D
  -------------------------------------------------------------------    -------------------

                         (clock sys_clk rise edge)    0.000     0.000 r  
    H16                                               0.000     0.000 r  clk (IN)
                         net (fo=0)                   0.000     0.000    clk
    H16                  IBUF (Prop_ibuf_I_O)         0.406     0.406 r  clk_IBUF_inst/O
                         net (fo=1, unplaced)         0.355     0.761    clk_IBUF
                         BUFG (Prop_bufg_I_O)         0.029     0.790 r  clk_IBUF_BUFG_inst/O
                         net (fo=3040, unplaced)      0.259     1.049    u_fc/clk_IBUF_BUFG
                         SRL16E                                       r  u_fc/tag_n_reg[3][3]_srl3/CLK
                         clock pessimism             -0.208     0.841    
                         SRL16E (Hold_srl16e_CLK_D)
                                                      0.064     0.905    u_fc/tag_n_reg[3][3]_srl3
  -------------------------------------------------------------------
                         required time                         -0.905    
                         arrival time                           0.995    
  -------------------------------------------------------------------
                         slack                                  0.091    

Slack (MET) :             0.091ns  (arrival time - required time)
  Source:                 u_fc/n_idx_reg[4]/C
                            (rising edge-triggered cell FDRE clocked by sys_clk  {rise@0.000ns fall@6.667ns period=13.333ns})
  Destination:            u_fc/tag_n_reg[3][4]_srl3/D
                            (rising edge-triggered cell SRL16E clocked by sys_clk  {rise@0.000ns fall@6.667ns period=13.333ns})
  Path Group:             sys_clk
  Path Type:              Hold (Min at Fast Process Corner)
  Requirement:            0.000ns  (sys_clk rise@0.000ns - sys_clk rise@0.000ns)
  Data Path Delay:        0.300ns  (logic 0.147ns (49.067%)  route 0.153ns (50.933%))
  Logic Levels:           0  
  Clock Path Skew:        0.145ns (DCD - SCD - CPR)
    Destination Clock Delay (DCD):    1.049ns
    Source Clock Delay      (SCD):    0.696ns
    Clock Pessimism Removal (CPR):    0.208ns

    Location             Delay type                Incr(ns)  Path(ns)    Netlist Resource(s)
  -------------------------------------------------------------------    -------------------
                         (clock sys_clk rise edge)    0.000     0.000 r  
    H16                                               0.000     0.000 r  clk (IN)
                         net (fo=0)                   0.000     0.000    clk
    H16                  IBUF (Prop_ibuf_I_O)         0.219     0.219 r  clk_IBUF_inst/O
                         net (fo=1, unplaced)         0.337     0.556    clk_IBUF
                         BUFG (Prop_bufg_I_O)         0.026     0.582 r  clk_IBUF_BUFG_inst/O
                         net (fo=3040, unplaced)      0.114     0.696    u_fc/clk_IBUF_BUFG
                         FDRE                                         r  u_fc/n_idx_reg[4]/C
  -------------------------------------------------------------------    -------------------
                         FDRE (Prop_fdre_C_Q)         0.147     0.843 r  u_fc/n_idx_reg[4]/Q
                         net (fo=5, unplaced)         0.153     0.995    u_fc/n_idx_reg[4]
                         SRL16E                                       r  u_fc/tag_n_reg[3][4]_srl3/D
  -------------------------------------------------------------------    -------------------

                         (clock sys_clk rise edge)    0.000     0.000 r  
    H16                                               0.000     0.000 r  clk (IN)
                         net (fo=0)                   0.000     0.000    clk
    H16                  IBUF (Prop_ibuf_I_O)         0.406     0.406 r  clk_IBUF_inst/O
                         net (fo=1, unplaced)         0.355     0.761    clk_IBUF
                         BUFG (Prop_bufg_I_O)         0.029     0.790 r  clk_IBUF_BUFG_inst/O
                         net (fo=3040, unplaced)      0.259     1.049    u_fc/clk_IBUF_BUFG
                         SRL16E                                       r  u_fc/tag_n_reg[3][4]_srl3/CLK
                         clock pessimism             -0.208     0.841    
                         SRL16E (Hold_srl16e_CLK_D)
                                                      0.064     0.905    u_fc/tag_n_reg[3][4]_srl3
  -------------------------------------------------------------------
                         required time                         -0.905    
                         arrival time                           0.995    
  -------------------------------------------------------------------
                         slack                                  0.091    

Slack (MET) :             0.091ns  (arrival time - required time)
  Source:                 u_fc/n_idx_reg[5]/C
                            (rising edge-triggered cell FDRE clocked by sys_clk  {rise@0.000ns fall@6.667ns period=13.333ns})
  Destination:            u_fc/tag_n_reg[3][5]_srl3/D
                            (rising edge-triggered cell SRL16E clocked by sys_clk  {rise@0.000ns fall@6.667ns period=13.333ns})
  Path Group:             sys_clk
  Path Type:              Hold (Min at Fast Process Corner)
  Requirement:            0.000ns  (sys_clk rise@0.000ns - sys_clk rise@0.000ns)
  Data Path Delay:        0.300ns  (logic 0.147ns (49.067%)  route 0.153ns (50.933%))
  Logic Levels:           0  
  Clock Path Skew:        0.145ns (DCD - SCD - CPR)
    Destination Clock Delay (DCD):    1.049ns
    Source Clock Delay      (SCD):    0.696ns
    Clock Pessimism Removal (CPR):    0.208ns

    Location             Delay type                Incr(ns)  Path(ns)    Netlist Resource(s)
  -------------------------------------------------------------------    -------------------
                         (clock sys_clk rise edge)    0.000     0.000 r  
    H16                                               0.000     0.000 r  clk (IN)
                         net (fo=0)                   0.000     0.000    clk
    H16                  IBUF (Prop_ibuf_I_O)         0.219     0.219 r  clk_IBUF_inst/O
                         net (fo=1, unplaced)         0.337     0.556    clk_IBUF
                         BUFG (Prop_bufg_I_O)         0.026     0.582 r  clk_IBUF_BUFG_inst/O
                         net (fo=3040, unplaced)      0.114     0.696    u_fc/clk_IBUF_BUFG
                         FDRE                                         r  u_fc/n_idx_reg[5]/C
  -------------------------------------------------------------------    -------------------
                         FDRE (Prop_fdre_C_Q)         0.147     0.843 r  u_fc/n_idx_reg[5]/Q
                         net (fo=5, unplaced)         0.153     0.995    u_fc/n_idx_reg[5]
                         SRL16E                                       r  u_fc/tag_n_reg[3][5]_srl3/D
  -------------------------------------------------------------------    -------------------

                         (clock sys_clk rise edge)    0.000     0.000 r  
    H16                                               0.000     0.000 r  clk (IN)
                         net (fo=0)                   0.000     0.000    clk
    H16                  IBUF (Prop_ibuf_I_O)         0.406     0.406 r  clk_IBUF_inst/O
                         net (fo=1, unplaced)         0.355     0.761    clk_IBUF
                         BUFG (Prop_bufg_I_O)         0.029     0.790 r  clk_IBUF_BUFG_inst/O
                         net (fo=3040, unplaced)      0.259     1.049    u_fc/clk_IBUF_BUFG
                         SRL16E                                       r  u_fc/tag_n_reg[3][5]_srl3/CLK
                         clock pessimism             -0.208     0.841    
                         SRL16E (Hold_srl16e_CLK_D)
                                                      0.064     0.905    u_fc/tag_n_reg[3][5]_srl3
  -------------------------------------------------------------------
                         required time                         -0.905    
                         arrival time                           0.995    
  -------------------------------------------------------------------
                         slack                                  0.091    





Pulse Width Checks
--------------------------------------------------------------------------------------
Clock Name:         sys_clk
Waveform(ns):       { 0.000 6.667 }
Period(ns):         13.333
Sources:            { clk }

Check Type        Corner  Lib Pin             Reference Pin  Required(ns)  Actual(ns)  Slack(ns)  Location  Pin
Min Period        n/a     RAMB36E1/CLKARDCLK  n/a            3.363         13.333      9.970                u_ram_a/mem_reg_0_0/CLKARDCLK
Min Period        n/a     RAMB36E1/CLKARDCLK  n/a            3.363         13.333      9.970                u_ram_a/mem_reg_0_1/CLKARDCLK
Min Period        n/a     RAMB36E1/CLKARDCLK  n/a            3.363         13.333      9.970                u_ram_a/mem_reg_0_2/CLKARDCLK
Min Period        n/a     RAMB36E1/CLKARDCLK  n/a            3.363         13.333      9.970                u_ram_a/mem_reg_0_3/CLKARDCLK
Min Period        n/a     RAMB36E1/CLKARDCLK  n/a            3.363         13.333      9.970                u_ram_a/mem_reg_0_4/CLKARDCLK
Min Period        n/a     RAMB36E1/CLKARDCLK  n/a            3.363         13.333      9.970                u_ram_a/mem_reg_0_5/CLKARDCLK
Min Period        n/a     RAMB36E1/CLKARDCLK  n/a            3.363         13.333      9.970                u_ram_a/mem_reg_0_6/CLKARDCLK
Min Period        n/a     RAMB36E1/CLKARDCLK  n/a            3.363         13.333      9.970                u_ram_a/mem_reg_0_7/CLKARDCLK
Min Period        n/a     RAMB36E1/CLKARDCLK  n/a            3.363         13.333      9.970                u_ram_a/mem_reg_1_0/CLKARDCLK
Min Period        n/a     RAMB36E1/CLKARDCLK  n/a            3.363         13.333      9.970                u_ram_a/mem_reg_1_1/CLKARDCLK
Low Pulse Width   Slow    SRL16E/CLK          n/a            0.980         6.667       5.687                u_conv/tag_is_first_reg[3]_srl3/CLK
Low Pulse Width   Fast    SRL16E/CLK          n/a            0.980         6.667       5.687                u_conv/tag_is_first_reg[3]_srl3/CLK
Low Pulse Width   Slow    SRL16E/CLK          n/a            0.980         6.667       5.687                u_conv/tag_is_last_reg[3]_srl3/CLK
Low Pulse Width   Fast    SRL16E/CLK          n/a            0.980         6.667       5.687                u_conv/tag_is_last_reg[3]_srl3/CLK
Low Pulse Width   Slow    SRL16E/CLK          n/a            0.980         6.667       5.687                u_conv/tag_out_idx_reg[4][0]_srl3/CLK
Low Pulse Width   Fast    SRL16E/CLK          n/a            0.980         6.667       5.687                u_conv/tag_out_idx_reg[4][0]_srl3/CLK
Low Pulse Width   Slow    SRL16E/CLK          n/a            0.980         6.667       5.687                u_conv/tag_out_idx_reg[4][10]_srl3/CLK
Low Pulse Width   Fast    SRL16E/CLK          n/a            0.980         6.667       5.687                u_conv/tag_out_idx_reg[4][10]_srl3/CLK
Low Pulse Width   Slow    SRL16E/CLK          n/a            0.980         6.667       5.687                u_conv/tag_out_idx_reg[4][11]_srl3/CLK
Low Pulse Width   Fast    SRL16E/CLK          n/a            0.980         6.667       5.687                u_conv/tag_out_idx_reg[4][11]_srl3/CLK
High Pulse Width  Slow    SRL16E/CLK          n/a            0.980         6.667       5.687                u_conv/tag_is_first_reg[3]_srl3/CLK
High Pulse Width  Fast    SRL16E/CLK          n/a            0.980         6.667       5.687                u_conv/tag_is_first_reg[3]_srl3/CLK
High Pulse Width  Slow    SRL16E/CLK          n/a            0.980         6.667       5.687                u_conv/tag_is_last_reg[3]_srl3/CLK
High Pulse Width  Fast    SRL16E/CLK          n/a            0.980         6.667       5.687                u_conv/tag_is_last_reg[3]_srl3/CLK
High Pulse Width  Slow    SRL16E/CLK          n/a            0.980         6.667       5.687                u_conv/tag_out_idx_reg[4][0]_srl3/CLK
High Pulse Width  Fast    SRL16E/CLK          n/a            0.980         6.667       5.687                u_conv/tag_out_idx_reg[4][0]_srl3/CLK
High Pulse Width  Slow    SRL16E/CLK          n/a            0.980         6.667       5.687                u_conv/tag_out_idx_reg[4][10]_srl3/CLK
High Pulse Width  Fast    SRL16E/CLK          n/a            0.980         6.667       5.687                u_conv/tag_out_idx_reg[4][10]_srl3/CLK
High Pulse Width  Slow    SRL16E/CLK          n/a            0.980         6.667       5.687                u_conv/tag_out_idx_reg[4][11]_srl3/CLK
High Pulse Width  Fast    SRL16E/CLK          n/a            0.980         6.667       5.687                u_conv/tag_out_idx_reg[4][11]_srl3/CLK



