Copyright 1986-2022 Xilinx, Inc. All Rights Reserved.
-----------------------------------------------------------------------------------------------------------------------------------
| Tool Version : Vivado v.2022.2 (win64) Build 3671981 Fri Oct 14 05:00:03 MDT 2022
| Date         : Fri Oct  9 16:31:54 2026
| Host         : Karthik running 64-bit major release  (build 9200)
| Command      : report_timing_summary -max_paths 10 -file C:/KarDRIVE/Projects/ProjectFlash/docs/V1_impl_timing_v1_2_hp64_led.rpt
| Design       : flash_bd_wrapper
| Device       : 7z020-clg400
| Speed File   : -1  PRODUCTION 1.12 2019-11-22
-----------------------------------------------------------------------------------------------------------------------------------

Timing Summary Report

------------------------------------------------------------------------------------------------
| Timer Settings
| --------------
------------------------------------------------------------------------------------------------

  Enable Multi Corner Analysis               :  Yes
  Enable Pessimism Removal                   :  Yes
  Pessimism Removal Resolution               :  Nearest Common Node
  Enable Input Delay Default Clock           :  No
  Enable Preset / Clear Arcs                 :  No
  Disable Flight Delays                      :  No
  Ignore I/O Paths                           :  No
  Timing Early Launch at Borrowing Latches   :  No
  Borrow Time for Max Delay Exceptions       :  Yes
  Merge Timing Exceptions                    :  Yes

  Corner  Analyze    Analyze    
  Name    Max Paths  Min Paths  
  ------  ---------  ---------  
  Slow    Yes        Yes        
  Fast    Yes        Yes        


------------------------------------------------------------------------------------------------
| Report Methodology
| ------------------
------------------------------------------------------------------------------------------------

No report available as report_methodology has not been run prior. Run report_methodology on the current design for the summary of methodology violations.



check_timing report

Table of Contents
-----------------
1. checking no_clock (0)
2. checking constant_clock (0)
3. checking pulse_width_clock (0)
4. checking unconstrained_internal_endpoints (0)
5. checking no_input_delay (10)
6. checking no_output_delay (10)
7. checking multiple_clock (0)
8. checking generated_clocks (0)
9. checking loops (0)
10. checking partial_input_delay (0)
11. checking partial_output_delay (0)
12. checking latch_loops (0)

1. checking no_clock (0)
------------------------
 There are 0 register/latch pins with no clock.


2. checking constant_clock (0)
------------------------------
 There are 0 register/latch pins with constant_clock.


3. checking pulse_width_clock (0)
---------------------------------
 There are 0 register/latch pins which need pulse_width check


4. checking unconstrained_internal_endpoints (0)
------------------------------------------------
 There are 0 pins that are not constrained for maximum delay.

 There are 0 pins that are not constrained for maximum delay due to constant clock.


5. checking no_input_delay (10)
-------------------------------
 There are 10 input ports with no input delay specified. (HIGH)

 There are 0 input ports with no input delay but user has a false path constraint.


6. checking no_output_delay (10)
--------------------------------
 There are 10 ports with no output delay specified. (HIGH)

 There are 0 ports with no output delay but user has a false path constraint

 There are 0 ports with no output delay but with a timing clock defined on it or propagating through it


7. checking multiple_clock (0)
------------------------------
 There are 0 register/latch pins with multiple clocks.


8. checking generated_clocks (0)
--------------------------------
 There are 0 generated clocks that are not connected to a clock source.


9. checking loops (0)
---------------------
 There are 0 combinational loops in the design.


10. checking partial_input_delay (0)
------------------------------------
 There are 0 input ports with partial input delay specified.


11. checking partial_output_delay (0)
-------------------------------------
 There are 0 ports with partial output delay specified.


12. checking latch_loops (0)
----------------------------
 There are 0 combinational latch loops in the design through latch input



------------------------------------------------------------------------------------------------
| Design Timing Summary
| ---------------------
------------------------------------------------------------------------------------------------

    WNS(ns)      TNS(ns)  TNS Failing Endpoints  TNS Total Endpoints      WHS(ns)      THS(ns)  THS Failing Endpoints  THS Total Endpoints     WPWS(ns)     TPWS(ns)  TPWS Failing Endpoints  TPWS Total Endpoints  
    -------      -------  ---------------------  -------------------      -------      -------  ---------------------  -------------------     --------     --------  ----------------------  --------------------  
      0.344        0.000                      0                15704        0.025        0.000                      0                15704        6.249        0.000                       0                  5226  


All user specified timing constraints are met.


------------------------------------------------------------------------------------------------
| Clock Summary
| -------------
------------------------------------------------------------------------------------------------

Clock       Waveform(ns)       Period(ns)      Frequency(MHz)
-----       ------------       ----------      --------------
clk_fpga_0  {0.000 7.499}      14.999          66.671          


------------------------------------------------------------------------------------------------
| Intra Clock Table
| -----------------
------------------------------------------------------------------------------------------------

Clock             WNS(ns)      TNS(ns)  TNS Failing Endpoints  TNS Total Endpoints      WHS(ns)      THS(ns)  THS Failing Endpoints  THS Total Endpoints     WPWS(ns)     TPWS(ns)  TPWS Failing Endpoints  TPWS Total Endpoints  
-----             -------      -------  ---------------------  -------------------      -------      -------  ---------------------  -------------------     --------     --------  ----------------------  --------------------  
clk_fpga_0          0.344        0.000                      0                15672        0.025        0.000                      0                15672        6.249        0.000                       0                  5226  


------------------------------------------------------------------------------------------------
| Inter Clock Table
| -----------------
------------------------------------------------------------------------------------------------

From Clock    To Clock          WNS(ns)      TNS(ns)  TNS Failing Endpoints  TNS Total Endpoints      WHS(ns)      THS(ns)  THS Failing Endpoints  THS Total Endpoints  
----------    --------          -------      -------  ---------------------  -------------------      -------      -------  ---------------------  -------------------  


------------------------------------------------------------------------------------------------
| Other Path Groups Table
| -----------------------
------------------------------------------------------------------------------------------------

Path Group         From Clock         To Clock               WNS(ns)      TNS(ns)  TNS Failing Endpoints  TNS Total Endpoints      WHS(ns)      THS(ns)  THS Failing Endpoints  THS Total Endpoints  
----------         ----------         --------               -------      -------  ---------------------  -------------------      -------      -------  ---------------------  -------------------  
**async_default**  clk_fpga_0         clk_fpga_0              11.495        0.000                      0                   32        0.612        0.000                      0                   32  


------------------------------------------------------------------------------------------------
| Timing Details
| --------------
------------------------------------------------------------------------------------------------


---------------------------------------------------------------------------------------------------
From Clock:  clk_fpga_0
  To Clock:  clk_fpga_0

Setup :            0  Failing Endpoints,  Worst Slack        0.344ns,  Total Violation        0.000ns
Hold  :            0  Failing Endpoints,  Worst Slack        0.025ns,  Total Violation        0.000ns
PW    :            0  Failing Endpoints,  Worst Slack        6.249ns,  Total Violation        0.000ns
---------------------------------------------------------------------------------------------------


Max Delay Paths
--------------------------------------------------------------------------------------
Slack (MET) :             0.344ns  (required time - arrival time)
  Source:                 flash_bd_i/top_v1_axi_0/inst/u_core/u_conv/stride_r_reg[1]/C
                            (rising edge-triggered cell FDRE clocked by clk_fpga_0  {rise@0.000ns fall@7.499ns period=14.999ns})
  Destination:            flash_bd_i/top_v1_axi_0/inst/u_core/u_ram_a/mem_reg_3_7/ADDRBWRADDR[7]
                            (rising edge-triggered cell RAMB36E1 clocked by clk_fpga_0  {rise@0.000ns fall@7.499ns period=14.999ns})
  Path Group:             clk_fpga_0
  Path Type:              Setup (Max at Slow Process Corner)
  Requirement:            14.999ns  (clk_fpga_0 rise@14.999ns - clk_fpga_0 rise@0.000ns)
  Data Path Delay:        13.861ns  (logic 7.825ns (56.453%)  route 6.036ns (43.547%))
  Logic Levels:           11  (CARRY4=7 DSP48E1=1 LUT2=1 LUT4=1 LUT5=1)
  Clock Path Skew:        0.000ns (DCD - SCD + CPR)
    Destination Clock Delay (DCD):    2.832ns = ( 17.831 - 14.999 ) 
    Source Clock Delay      (SCD):    2.961ns
    Clock Pessimism Removal (CPR):    0.129ns
  Clock Uncertainty:      0.228ns  ((TSJ^2 + TIJ^2)^1/2 + DJ) / 2 + PE
    Total System Jitter     (TSJ):    0.071ns
    Total Input Jitter      (TIJ):    0.450ns
    Discrete Jitter          (DJ):    0.000ns
    Phase Error              (PE):    0.000ns

    Location             Delay type                Incr(ns)  Path(ns)    Netlist Resource(s)
  -------------------------------------------------------------------    -------------------
                         (clock clk_fpga_0 rise edge)
                                                      0.000     0.000 r  
    PS7_X0Y0             PS7                          0.000     0.000 r  flash_bd_i/processing_system7_0/inst/PS7_i/FCLKCLK[0]
                         net (fo=1, routed)           1.193     1.193    flash_bd_i/processing_system7_0/inst/FCLK_CLK_unbuffered[0]
    BUFGCTRL_X0Y16       BUFG (Prop_bufg_I_O)         0.101     1.294 r  flash_bd_i/processing_system7_0/inst/buffer_fclk_clk_0.FCLK_CLK_0_BUFG/O
                         net (fo=5231, routed)        1.667     2.961    flash_bd_i/top_v1_axi_0/inst/u_core/u_conv/aclk
    SLICE_X39Y39         FDRE                                         r  flash_bd_i/top_v1_axi_0/inst/u_core/u_conv/stride_r_reg[1]/C
  -------------------------------------------------------------------    -------------------
    SLICE_X39Y39         FDRE (Prop_fdre_C_Q)         0.456     3.417 r  flash_bd_i/top_v1_axi_0/inst/u_core/u_conv/stride_r_reg[1]/Q
                         net (fo=118, routed)         0.772     4.189    flash_bd_i/top_v1_axi_0/inst/u_core/u_conv/stride_r[1]
    SLICE_X39Y39         LUT4 (Prop_lut4_I2_O)        0.124     4.313 r  flash_bd_i/top_v1_axi_0/inst/u_core/u_conv/tag0_is_pad5_carry_i_6/O
                         net (fo=1, routed)           0.000     4.313    flash_bd_i/top_v1_axi_0/inst/u_core/u_conv/tag0_is_pad5_carry_i_6_n_0
    SLICE_X39Y39         CARRY4 (Prop_carry4_S[1]_CO[3])
                                                      0.550     4.863 r  flash_bd_i/top_v1_axi_0/inst/u_core/u_conv/tag0_is_pad5_carry/CO[3]
                         net (fo=1, routed)           0.000     4.863    flash_bd_i/top_v1_axi_0/inst/u_core/u_conv/tag0_is_pad5_carry_n_0
    SLICE_X39Y40         CARRY4 (Prop_carry4_CI_O[0])
                                                      0.222     5.085 r  flash_bd_i/top_v1_axi_0/inst/u_core/u_conv/tag0_is_pad5_carry__0/O[0]
                         net (fo=1, routed)           0.587     5.672    flash_bd_i/top_v1_axi_0/inst/u_core/u_conv/tag0_is_pad5_carry__0_n_7
    SLICE_X37Y40         CARRY4 (Prop_carry4_S[0]_CO[3])
                                                      0.831     6.503 r  flash_bd_i/top_v1_axi_0/inst/u_core/u_conv/fm_rd_addr0__0_i_23/CO[3]
                         net (fo=1, routed)           0.000     6.503    flash_bd_i/top_v1_axi_0/inst/u_core/u_conv/fm_rd_addr0__0_i_23_n_0
    SLICE_X37Y41         CARRY4 (Prop_carry4_CI_O[1])
                                                      0.334     6.837 r  flash_bd_i/top_v1_axi_0/inst/u_core/u_conv/fm_rd_addr0__0_i_22/O[1]
                         net (fo=1, routed)           0.594     7.431    flash_bd_i/top_v1_axi_0/inst/u_core/u_conv/PCOUT[9]
    SLICE_X36Y42         LUT2 (Prop_lut2_I1_O)        0.303     7.734 r  flash_bd_i/top_v1_axi_0/inst/u_core/u_conv/fm_rd_addr0__0_i_11/O
                         net (fo=1, routed)           0.000     7.734    flash_bd_i/top_v1_axi_0/inst/u_core/u_conv/fm_rd_addr0__0_i_11_n_0
    SLICE_X36Y42         CARRY4 (Prop_carry4_S[1]_CO[3])
                                                      0.533     8.267 r  flash_bd_i/top_v1_axi_0/inst/u_core/u_conv/fm_rd_addr0__0_i_3/CO[3]
                         net (fo=1, routed)           0.000     8.267    flash_bd_i/top_v1_axi_0/inst/u_core/u_conv/fm_rd_addr0__0_i_3_n_0
    SLICE_X36Y43         CARRY4 (Prop_carry4_CI_CO[3])
                                                      0.117     8.384 r  flash_bd_i/top_v1_axi_0/inst/u_core/u_conv/fm_rd_addr0__0_i_2/CO[3]
                         net (fo=1, routed)           0.000     8.384    flash_bd_i/top_v1_axi_0/inst/u_core/u_conv/fm_rd_addr0__0_i_2_n_0
    SLICE_X36Y44         CARRY4 (Prop_carry4_CI_O[0])
                                                      0.219     8.603 r  flash_bd_i/top_v1_axi_0/inst/u_core/u_conv/fm_rd_addr0__0_i_1/O[0]
                         net (fo=3, routed)           0.817     9.420    flash_bd_i/top_v1_axi_0/inst/u_core/u_conv/fm_rd_addr0__0_i_1_n_7
    DSP48_X2Y18          DSP48E1 (Prop_dsp48e1_A[16]_P[7])
                                                      4.012    13.432 r  flash_bd_i/top_v1_axi_0/inst/u_core/u_conv/fm_rd_addr0__0/P[7]
                         net (fo=4, routed)           1.058    14.490    flash_bd_i/top_v1_axi_0/inst/u_core/u_seq/mem_reg_0_0[7]
    SLICE_X36Y36         LUT5 (Prop_lut5_I3_O)        0.124    14.614 r  flash_bd_i/top_v1_axi_0/inst/u_core/u_seq/mem_reg_0_6_i_9/O
                         net (fo=16, routed)          2.209    16.822    flash_bd_i/top_v1_axi_0/inst/u_core/u_ram_a/mem_reg_2_7_1[7]
    RAMB36_X4Y4          RAMB36E1                                     r  flash_bd_i/top_v1_axi_0/inst/u_core/u_ram_a/mem_reg_3_7/ADDRBWRADDR[7]
  -------------------------------------------------------------------    -------------------

                         (clock clk_fpga_0 rise edge)
                                                     14.999    14.999 r  
    PS7_X0Y0             PS7                          0.000    14.999 r  flash_bd_i/processing_system7_0/inst/PS7_i/FCLKCLK[0]
                         net (fo=1, routed)           1.088    16.087    flash_bd_i/processing_system7_0/inst/FCLK_CLK_unbuffered[0]
    BUFGCTRL_X0Y16       BUFG (Prop_bufg_I_O)         0.091    16.178 r  flash_bd_i/processing_system7_0/inst/buffer_fclk_clk_0.FCLK_CLK_0_BUFG/O
                         net (fo=5231, routed)        1.653    17.831    flash_bd_i/top_v1_axi_0/inst/u_core/u_ram_a/aclk
    RAMB36_X4Y4          RAMB36E1                                     r  flash_bd_i/top_v1_axi_0/inst/u_core/u_ram_a/mem_reg_3_7/CLKBWRCLK
                         clock pessimism              0.129    17.960    
                         clock uncertainty           -0.228    17.732    
    RAMB36_X4Y4          RAMB36E1 (Setup_ramb36e1_CLKBWRCLK_ADDRBWRADDR[7])
                                                     -0.566    17.166    flash_bd_i/top_v1_axi_0/inst/u_core/u_ram_a/mem_reg_3_7
  -------------------------------------------------------------------
                         required time                         17.166    
                         arrival time                         -16.822    
  -------------------------------------------------------------------
                         slack                                  0.344    

Slack (MET) :             0.346ns  (required time - arrival time)
  Source:                 flash_bd_i/top_v1_axi_0/inst/u_core/u_conv/stride_r_reg[1]/C
                            (rising edge-triggered cell FDRE clocked by clk_fpga_0  {rise@0.000ns fall@7.499ns period=14.999ns})
  Destination:            flash_bd_i/top_v1_axi_0/inst/u_core/u_ram_a/mem_reg_0_4/ADDRBWRADDR[0]
                            (rising edge-triggered cell RAMB36E1 clocked by clk_fpga_0  {rise@0.000ns fall@7.499ns period=14.999ns})
  Path Group:             clk_fpga_0
  Path Type:              Setup (Max at Slow Process Corner)
  Requirement:            14.999ns  (clk_fpga_0 rise@14.999ns - clk_fpga_0 rise@0.000ns)
  Data Path Delay:        13.856ns  (logic 7.825ns (56.472%)  route 6.031ns (43.528%))
  Logic Levels:           11  (CARRY4=7 DSP48E1=1 LUT2=1 LUT4=1 LUT5=1)
  Clock Path Skew:        -0.003ns (DCD - SCD + CPR)
    Destination Clock Delay (DCD):    2.829ns = ( 17.828 - 14.999 ) 
    Source Clock Delay      (SCD):    2.961ns
    Clock Pessimism Removal (CPR):    0.129ns
  Clock Uncertainty:      0.228ns  ((TSJ^2 + TIJ^2)^1/2 + DJ) / 2 + PE
    Total System Jitter     (TSJ):    0.071ns
    Total Input Jitter      (TIJ):    0.450ns
    Discrete Jitter          (DJ):    0.000ns
    Phase Error              (PE):    0.000ns

    Location             Delay type                Incr(ns)  Path(ns)    Netlist Resource(s)
  -------------------------------------------------------------------    -------------------
                         (clock clk_fpga_0 rise edge)
                                                      0.000     0.000 r  
    PS7_X0Y0             PS7                          0.000     0.000 r  flash_bd_i/processing_system7_0/inst/PS7_i/FCLKCLK[0]
                         net (fo=1, routed)           1.193     1.193    flash_bd_i/processing_system7_0/inst/FCLK_CLK_unbuffered[0]
    BUFGCTRL_X0Y16       BUFG (Prop_bufg_I_O)         0.101     1.294 r  flash_bd_i/processing_system7_0/inst/buffer_fclk_clk_0.FCLK_CLK_0_BUFG/O
                         net (fo=5231, routed)        1.667     2.961    flash_bd_i/top_v1_axi_0/inst/u_core/u_conv/aclk
    SLICE_X39Y39         FDRE                                         r  flash_bd_i/top_v1_axi_0/inst/u_core/u_conv/stride_r_reg[1]/C
  -------------------------------------------------------------------    -------------------
    SLICE_X39Y39         FDRE (Prop_fdre_C_Q)         0.456     3.417 r  flash_bd_i/top_v1_axi_0/inst/u_core/u_conv/stride_r_reg[1]/Q
                         net (fo=118, routed)         0.772     4.189    flash_bd_i/top_v1_axi_0/inst/u_core/u_conv/stride_r[1]
    SLICE_X39Y39         LUT4 (Prop_lut4_I2_O)        0.124     4.313 r  flash_bd_i/top_v1_axi_0/inst/u_core/u_conv/tag0_is_pad5_carry_i_6/O
                         net (fo=1, routed)           0.000     4.313    flash_bd_i/top_v1_axi_0/inst/u_core/u_conv/tag0_is_pad5_carry_i_6_n_0
    SLICE_X39Y39         CARRY4 (Prop_carry4_S[1]_CO[3])
                                                      0.550     4.863 r  flash_bd_i/top_v1_axi_0/inst/u_core/u_conv/tag0_is_pad5_carry/CO[3]
                         net (fo=1, routed)           0.000     4.863    flash_bd_i/top_v1_axi_0/inst/u_core/u_conv/tag0_is_pad5_carry_n_0
    SLICE_X39Y40         CARRY4 (Prop_carry4_CI_O[0])
                                                      0.222     5.085 r  flash_bd_i/top_v1_axi_0/inst/u_core/u_conv/tag0_is_pad5_carry__0/O[0]
                         net (fo=1, routed)           0.587     5.672    flash_bd_i/top_v1_axi_0/inst/u_core/u_conv/tag0_is_pad5_carry__0_n_7
    SLICE_X37Y40         CARRY4 (Prop_carry4_S[0]_CO[3])
                                                      0.831     6.503 r  flash_bd_i/top_v1_axi_0/inst/u_core/u_conv/fm_rd_addr0__0_i_23/CO[3]
                         net (fo=1, routed)           0.000     6.503    flash_bd_i/top_v1_axi_0/inst/u_core/u_conv/fm_rd_addr0__0_i_23_n_0
    SLICE_X37Y41         CARRY4 (Prop_carry4_CI_O[1])
                                                      0.334     6.837 r  flash_bd_i/top_v1_axi_0/inst/u_core/u_conv/fm_rd_addr0__0_i_22/O[1]
                         net (fo=1, routed)           0.594     7.431    flash_bd_i/top_v1_axi_0/inst/u_core/u_conv/PCOUT[9]
    SLICE_X36Y42         LUT2 (Prop_lut2_I1_O)        0.303     7.734 r  flash_bd_i/top_v1_axi_0/inst/u_core/u_conv/fm_rd_addr0__0_i_11/O
                         net (fo=1, routed)           0.000     7.734    flash_bd_i/top_v1_axi_0/inst/u_core/u_conv/fm_rd_addr0__0_i_11_n_0
    SLICE_X36Y42         CARRY4 (Prop_carry4_S[1]_CO[3])
                                                      0.533     8.267 r  flash_bd_i/top_v1_axi_0/inst/u_core/u_conv/fm_rd_addr0__0_i_3/CO[3]
                         net (fo=1, routed)           0.000     8.267    flash_bd_i/top_v1_axi_0/inst/u_core/u_conv/fm_rd_addr0__0_i_3_n_0
    SLICE_X36Y43         CARRY4 (Prop_carry4_CI_CO[3])
                                                      0.117     8.384 r  flash_bd_i/top_v1_axi_0/inst/u_core/u_conv/fm_rd_addr0__0_i_2/CO[3]
                         net (fo=1, routed)           0.000     8.384    flash_bd_i/top_v1_axi_0/inst/u_core/u_conv/fm_rd_addr0__0_i_2_n_0
    SLICE_X36Y44         CARRY4 (Prop_carry4_CI_O[0])
                                                      0.219     8.603 r  flash_bd_i/top_v1_axi_0/inst/u_core/u_conv/fm_rd_addr0__0_i_1/O[0]
                         net (fo=3, routed)           0.817     9.420    flash_bd_i/top_v1_axi_0/inst/u_core/u_conv/fm_rd_addr0__0_i_1_n_7
    DSP48_X2Y18          DSP48E1 (Prop_dsp48e1_A[16]_P[0])
                                                      4.012    13.432 r  flash_bd_i/top_v1_axi_0/inst/u_core/u_conv/fm_rd_addr0__0/P[0]
                         net (fo=4, routed)           0.987    14.419    flash_bd_i/top_v1_axi_0/inst/u_core/u_seq/mem_reg_0_0[0]
    SLICE_X34Y38         LUT5 (Prop_lut5_I3_O)        0.124    14.543 r  flash_bd_i/top_v1_axi_0/inst/u_core/u_seq/mem_reg_0_4_i_33/O
                         net (fo=16, routed)          2.275    16.817    flash_bd_i/top_v1_axi_0/inst/u_core/u_ram_a/mem_reg_2_5_0[0]
    RAMB36_X4Y5          RAMB36E1                                     r  flash_bd_i/top_v1_axi_0/inst/u_core/u_ram_a/mem_reg_0_4/ADDRBWRADDR[0]
  -------------------------------------------------------------------    -------------------

                         (clock clk_fpga_0 rise edge)
                                                     14.999    14.999 r  
    PS7_X0Y0             PS7                          0.000    14.999 r  flash_bd_i/processing_system7_0/inst/PS7_i/FCLKCLK[0]
                         net (fo=1, routed)           1.088    16.087    flash_bd_i/processing_system7_0/inst/FCLK_CLK_unbuffered[0]
    BUFGCTRL_X0Y16       BUFG (Prop_bufg_I_O)         0.091    16.178 r  flash_bd_i/processing_system7_0/inst/buffer_fclk_clk_0.FCLK_CLK_0_BUFG/O
                         net (fo=5231, routed)        1.650    17.828    flash_bd_i/top_v1_axi_0/inst/u_core/u_ram_a/aclk
    RAMB36_X4Y5          RAMB36E1                                     r  flash_bd_i/top_v1_axi_0/inst/u_core/u_ram_a/mem_reg_0_4/CLKBWRCLK
                         clock pessimism              0.129    17.957    
                         clock uncertainty           -0.228    17.729    
    RAMB36_X4Y5          RAMB36E1 (Setup_ramb36e1_CLKBWRCLK_ADDRBWRADDR[0])
                                                     -0.566    17.163    flash_bd_i/top_v1_axi_0/inst/u_core/u_ram_a/mem_reg_0_4
  -------------------------------------------------------------------
                         required time                         17.163    
                         arrival time                         -16.817    
  -------------------------------------------------------------------
                         slack                                  0.346    

Slack (MET) :             0.359ns  (required time - arrival time)
  Source:                 flash_bd_i/top_v1_axi_0/inst/u_core/u_conv/stride_r_reg[1]/C
                            (rising edge-triggered cell FDRE clocked by clk_fpga_0  {rise@0.000ns fall@7.499ns period=14.999ns})
  Destination:            flash_bd_i/top_v1_axi_0/inst/u_core/u_ram_b/mem_reg_1_0/ADDRBWRADDR[2]
                            (rising edge-triggered cell RAMB36E1 clocked by clk_fpga_0  {rise@0.000ns fall@7.499ns period=14.999ns})
  Path Group:             clk_fpga_0
  Path Type:              Setup (Max at Slow Process Corner)
  Requirement:            14.999ns  (clk_fpga_0 rise@14.999ns - clk_fpga_0 rise@0.000ns)
  Data Path Delay:        13.872ns  (logic 7.825ns (56.410%)  route 6.047ns (43.590%))
  Logic Levels:           11  (CARRY4=7 DSP48E1=1 LUT2=1 LUT4=1 LUT5=1)
  Clock Path Skew:        0.026ns (DCD - SCD + CPR)
    Destination Clock Delay (DCD):    2.872ns = ( 17.871 - 14.999 ) 
    Source Clock Delay      (SCD):    2.961ns
    Clock Pessimism Removal (CPR):    0.115ns
  Clock Uncertainty:      0.228ns  ((TSJ^2 + TIJ^2)^1/2 + DJ) / 2 + PE
    Total System Jitter     (TSJ):    0.071ns
    Total Input Jitter      (TIJ):    0.450ns
    Discrete Jitter          (DJ):    0.000ns
    Phase Error              (PE):    0.000ns

    Location             Delay type                Incr(ns)  Path(ns)    Netlist Resource(s)
  -------------------------------------------------------------------    -------------------
                         (clock clk_fpga_0 rise edge)
                                                      0.000     0.000 r  
    PS7_X0Y0             PS7                          0.000     0.000 r  flash_bd_i/processing_system7_0/inst/PS7_i/FCLKCLK[0]
                         net (fo=1, routed)           1.193     1.193    flash_bd_i/processing_system7_0/inst/FCLK_CLK_unbuffered[0]
    BUFGCTRL_X0Y16       BUFG (Prop_bufg_I_O)         0.101     1.294 r  flash_bd_i/processing_system7_0/inst/buffer_fclk_clk_0.FCLK_CLK_0_BUFG/O
                         net (fo=5231, routed)        1.667     2.961    flash_bd_i/top_v1_axi_0/inst/u_core/u_conv/aclk
    SLICE_X39Y39         FDRE                                         r  flash_bd_i/top_v1_axi_0/inst/u_core/u_conv/stride_r_reg[1]/C
  -------------------------------------------------------------------    -------------------
    SLICE_X39Y39         FDRE (Prop_fdre_C_Q)         0.456     3.417 r  flash_bd_i/top_v1_axi_0/inst/u_core/u_conv/stride_r_reg[1]/Q
                         net (fo=118, routed)         0.772     4.189    flash_bd_i/top_v1_axi_0/inst/u_core/u_conv/stride_r[1]
    SLICE_X39Y39         LUT4 (Prop_lut4_I2_O)        0.124     4.313 r  flash_bd_i/top_v1_axi_0/inst/u_core/u_conv/tag0_is_pad5_carry_i_6/O
                         net (fo=1, routed)           0.000     4.313    flash_bd_i/top_v1_axi_0/inst/u_core/u_conv/tag0_is_pad5_carry_i_6_n_0
    SLICE_X39Y39         CARRY4 (Prop_carry4_S[1]_CO[3])
                                                      0.550     4.863 r  flash_bd_i/top_v1_axi_0/inst/u_core/u_conv/tag0_is_pad5_carry/CO[3]
                         net (fo=1, routed)           0.000     4.863    flash_bd_i/top_v1_axi_0/inst/u_core/u_conv/tag0_is_pad5_carry_n_0
    SLICE_X39Y40         CARRY4 (Prop_carry4_CI_O[0])
                                                      0.222     5.085 r  flash_bd_i/top_v1_axi_0/inst/u_core/u_conv/tag0_is_pad5_carry__0/O[0]
                         net (fo=1, routed)           0.587     5.672    flash_bd_i/top_v1_axi_0/inst/u_core/u_conv/tag0_is_pad5_carry__0_n_7
    SLICE_X37Y40         CARRY4 (Prop_carry4_S[0]_CO[3])
                                                      0.831     6.503 r  flash_bd_i/top_v1_axi_0/inst/u_core/u_conv/fm_rd_addr0__0_i_23/CO[3]
                         net (fo=1, routed)           0.000     6.503    flash_bd_i/top_v1_axi_0/inst/u_core/u_conv/fm_rd_addr0__0_i_23_n_0
    SLICE_X37Y41         CARRY4 (Prop_carry4_CI_O[1])
                                                      0.334     6.837 r  flash_bd_i/top_v1_axi_0/inst/u_core/u_conv/fm_rd_addr0__0_i_22/O[1]
                         net (fo=1, routed)           0.594     7.431    flash_bd_i/top_v1_axi_0/inst/u_core/u_conv/PCOUT[9]
    SLICE_X36Y42         LUT2 (Prop_lut2_I1_O)        0.303     7.734 r  flash_bd_i/top_v1_axi_0/inst/u_core/u_conv/fm_rd_addr0__0_i_11/O
                         net (fo=1, routed)           0.000     7.734    flash_bd_i/top_v1_axi_0/inst/u_core/u_conv/fm_rd_addr0__0_i_11_n_0
    SLICE_X36Y42         CARRY4 (Prop_carry4_S[1]_CO[3])
                                                      0.533     8.267 r  flash_bd_i/top_v1_axi_0/inst/u_core/u_conv/fm_rd_addr0__0_i_3/CO[3]
                         net (fo=1, routed)           0.000     8.267    flash_bd_i/top_v1_axi_0/inst/u_core/u_conv/fm_rd_addr0__0_i_3_n_0
    SLICE_X36Y43         CARRY4 (Prop_carry4_CI_CO[3])
                                                      0.117     8.384 r  flash_bd_i/top_v1_axi_0/inst/u_core/u_conv/fm_rd_addr0__0_i_2/CO[3]
                         net (fo=1, routed)           0.000     8.384    flash_bd_i/top_v1_axi_0/inst/u_core/u_conv/fm_rd_addr0__0_i_2_n_0
    SLICE_X36Y44         CARRY4 (Prop_carry4_CI_O[0])
                                                      0.219     8.603 r  flash_bd_i/top_v1_axi_0/inst/u_core/u_conv/fm_rd_addr0__0_i_1/O[0]
                         net (fo=3, routed)           0.817     9.420    flash_bd_i/top_v1_axi_0/inst/u_core/u_conv/fm_rd_addr0__0_i_1_n_7
    DSP48_X2Y18          DSP48E1 (Prop_dsp48e1_A[16]_P[2])
                                                      4.012    13.432 r  flash_bd_i/top_v1_axi_0/inst/u_core/u_conv/fm_rd_addr0__0/P[2]
                         net (fo=4, routed)           0.828    14.260    flash_bd_i/top_v1_axi_0/inst/u_core/u_seq/mem_reg_0_0[2]
    SLICE_X37Y49         LUT5 (Prop_lut5_I3_O)        0.124    14.384 r  flash_bd_i/top_v1_axi_0/inst/u_core/u_seq/mem_reg_0_0_i_32/O
                         net (fo=16, routed)          2.449    16.833    flash_bd_i/top_v1_axi_0/inst/u_core/u_ram_b/ADDRBWRADDR[2]
    RAMB36_X2Y22         RAMB36E1                                     r  flash_bd_i/top_v1_axi_0/inst/u_core/u_ram_b/mem_reg_1_0/ADDRBWRADDR[2]
  -------------------------------------------------------------------    -------------------

                         (clock clk_fpga_0 rise edge)
                                                     14.999    14.999 r  
    PS7_X0Y0             PS7                          0.000    14.999 r  flash_bd_i/processing_system7_0/inst/PS7_i/FCLKCLK[0]
                         net (fo=1, routed)           1.088    16.087    flash_bd_i/processing_system7_0/inst/FCLK_CLK_unbuffered[0]
    BUFGCTRL_X0Y16       BUFG (Prop_bufg_I_O)         0.091    16.178 r  flash_bd_i/processing_system7_0/inst/buffer_fclk_clk_0.FCLK_CLK_0_BUFG/O
                         net (fo=5231, routed)        1.693    17.871    flash_bd_i/top_v1_axi_0/inst/u_core/u_ram_b/aclk
    RAMB36_X2Y22         RAMB36E1                                     r  flash_bd_i/top_v1_axi_0/inst/u_core/u_ram_b/mem_reg_1_0/CLKBWRCLK
                         clock pessimism              0.115    17.986    
                         clock uncertainty           -0.228    17.758    
    RAMB36_X2Y22         RAMB36E1 (Setup_ramb36e1_CLKBWRCLK_ADDRBWRADDR[2])
                                                     -0.566    17.192    flash_bd_i/top_v1_axi_0/inst/u_core/u_ram_b/mem_reg_1_0
  -------------------------------------------------------------------
                         required time                         17.192    
                         arrival time                         -16.833    
  -------------------------------------------------------------------
                         slack                                  0.359    

Slack (MET) :             0.381ns  (required time - arrival time)
  Source:                 flash_bd_i/top_v1_axi_0/inst/u_core/u_conv/stride_r_reg[1]/C
                            (rising edge-triggered cell FDRE clocked by clk_fpga_0  {rise@0.000ns fall@7.499ns period=14.999ns})
  Destination:            flash_bd_i/top_v1_axi_0/inst/u_core/u_ram_a/mem_reg_1_4/ADDRBWRADDR[8]
                            (rising edge-triggered cell RAMB36E1 clocked by clk_fpga_0  {rise@0.000ns fall@7.499ns period=14.999ns})
  Path Group:             clk_fpga_0
  Path Type:              Setup (Max at Slow Process Corner)
  Requirement:            14.999ns  (clk_fpga_0 rise@14.999ns - clk_fpga_0 rise@0.000ns)
  Data Path Delay:        13.826ns  (logic 7.825ns (56.596%)  route 6.001ns (43.404%))
  Logic Levels:           11  (CARRY4=7 DSP48E1=1 LUT2=1 LUT4=1 LUT5=1)
  Clock Path Skew:        0.002ns (DCD - SCD + CPR)
    Destination Clock Delay (DCD):    2.834ns = ( 17.833 - 14.999 ) 
    Source Clock Delay      (SCD):    2.961ns
    Clock Pessimism Removal (CPR):    0.129ns
  Clock Uncertainty:      0.228ns  ((TSJ^2 + TIJ^2)^1/2 + DJ) / 2 + PE
    Total System Jitter     (TSJ):    0.071ns
    Total Input Jitter      (TIJ):    0.450ns
    Discrete Jitter          (DJ):    0.000ns
    Phase Error              (PE):    0.000ns

    Location             Delay type                Incr(ns)  Path(ns)    Netlist Resource(s)
  -------------------------------------------------------------------    -------------------
                         (clock clk_fpga_0 rise edge)
                                                      0.000     0.000 r  
    PS7_X0Y0             PS7                          0.000     0.000 r  flash_bd_i/processing_system7_0/inst/PS7_i/FCLKCLK[0]
                         net (fo=1, routed)           1.193     1.193    flash_bd_i/processing_system7_0/inst/FCLK_CLK_unbuffered[0]
    BUFGCTRL_X0Y16       BUFG (Prop_bufg_I_O)         0.101     1.294 r  flash_bd_i/processing_system7_0/inst/buffer_fclk_clk_0.FCLK_CLK_0_BUFG/O
                         net (fo=5231, routed)        1.667     2.961    flash_bd_i/top_v1_axi_0/inst/u_core/u_conv/aclk
    SLICE_X39Y39         FDRE                                         r  flash_bd_i/top_v1_axi_0/inst/u_core/u_conv/stride_r_reg[1]/C
  -------------------------------------------------------------------    -------------------
    SLICE_X39Y39         FDRE (Prop_fdre_C_Q)         0.456     3.417 r  flash_bd_i/top_v1_axi_0/inst/u_core/u_conv/stride_r_reg[1]/Q
                         net (fo=118, routed)         0.772     4.189    flash_bd_i/top_v1_axi_0/inst/u_core/u_conv/stride_r[1]
    SLICE_X39Y39         LUT4 (Prop_lut4_I2_O)        0.124     4.313 r  flash_bd_i/top_v1_axi_0/inst/u_core/u_conv/tag0_is_pad5_carry_i_6/O
                         net (fo=1, routed)           0.000     4.313    flash_bd_i/top_v1_axi_0/inst/u_core/u_conv/tag0_is_pad5_carry_i_6_n_0
    SLICE_X39Y39         CARRY4 (Prop_carry4_S[1]_CO[3])
                                                      0.550     4.863 r  flash_bd_i/top_v1_axi_0/inst/u_core/u_conv/tag0_is_pad5_carry/CO[3]
                         net (fo=1, routed)           0.000     4.863    flash_bd_i/top_v1_axi_0/inst/u_core/u_conv/tag0_is_pad5_carry_n_0
    SLICE_X39Y40         CARRY4 (Prop_carry4_CI_O[0])
                                                      0.222     5.085 r  flash_bd_i/top_v1_axi_0/inst/u_core/u_conv/tag0_is_pad5_carry__0/O[0]
                         net (fo=1, routed)           0.587     5.672    flash_bd_i/top_v1_axi_0/inst/u_core/u_conv/tag0_is_pad5_carry__0_n_7
    SLICE_X37Y40         CARRY4 (Prop_carry4_S[0]_CO[3])
                                                      0.831     6.503 r  flash_bd_i/top_v1_axi_0/inst/u_core/u_conv/fm_rd_addr0__0_i_23/CO[3]
                         net (fo=1, routed)           0.000     6.503    flash_bd_i/top_v1_axi_0/inst/u_core/u_conv/fm_rd_addr0__0_i_23_n_0
    SLICE_X37Y41         CARRY4 (Prop_carry4_CI_O[1])
                                                      0.334     6.837 r  flash_bd_i/top_v1_axi_0/inst/u_core/u_conv/fm_rd_addr0__0_i_22/O[1]
                         net (fo=1, routed)           0.594     7.431    flash_bd_i/top_v1_axi_0/inst/u_core/u_conv/PCOUT[9]
    SLICE_X36Y42         LUT2 (Prop_lut2_I1_O)        0.303     7.734 r  flash_bd_i/top_v1_axi_0/inst/u_core/u_conv/fm_rd_addr0__0_i_11/O
                         net (fo=1, routed)           0.000     7.734    flash_bd_i/top_v1_axi_0/inst/u_core/u_conv/fm_rd_addr0__0_i_11_n_0
    SLICE_X36Y42         CARRY4 (Prop_carry4_S[1]_CO[3])
                                                      0.533     8.267 r  flash_bd_i/top_v1_axi_0/inst/u_core/u_conv/fm_rd_addr0__0_i_3/CO[3]
                         net (fo=1, routed)           0.000     8.267    flash_bd_i/top_v1_axi_0/inst/u_core/u_conv/fm_rd_addr0__0_i_3_n_0
    SLICE_X36Y43         CARRY4 (Prop_carry4_CI_CO[3])
                                                      0.117     8.384 r  flash_bd_i/top_v1_axi_0/inst/u_core/u_conv/fm_rd_addr0__0_i_2/CO[3]
                         net (fo=1, routed)           0.000     8.384    flash_bd_i/top_v1_axi_0/inst/u_core/u_conv/fm_rd_addr0__0_i_2_n_0
    SLICE_X36Y44         CARRY4 (Prop_carry4_CI_O[0])
                                                      0.219     8.603 r  flash_bd_i/top_v1_axi_0/inst/u_core/u_conv/fm_rd_addr0__0_i_1/O[0]
                         net (fo=3, routed)           0.817     9.420    flash_bd_i/top_v1_axi_0/inst/u_core/u_conv/fm_rd_addr0__0_i_1_n_7
    DSP48_X2Y18          DSP48E1 (Prop_dsp48e1_A[16]_P[8])
                                                      4.012    13.432 r  flash_bd_i/top_v1_axi_0/inst/u_core/u_conv/fm_rd_addr0__0/P[8]
                         net (fo=4, routed)           0.989    14.421    flash_bd_i/top_v1_axi_0/inst/u_core/u_seq/mem_reg_0_0[8]
    SLICE_X35Y40         LUT5 (Prop_lut5_I3_O)        0.124    14.545 r  flash_bd_i/top_v1_axi_0/inst/u_core/u_seq/mem_reg_0_4_i_25/O
                         net (fo=16, routed)          2.242    16.787    flash_bd_i/top_v1_axi_0/inst/u_core/u_ram_a/mem_reg_2_5_0[8]
    RAMB36_X4Y6          RAMB36E1                                     r  flash_bd_i/top_v1_axi_0/inst/u_core/u_ram_a/mem_reg_1_4/ADDRBWRADDR[8]
  -------------------------------------------------------------------    -------------------

                         (clock clk_fpga_0 rise edge)
                                                     14.999    14.999 r  
    PS7_X0Y0             PS7                          0.000    14.999 r  flash_bd_i/processing_system7_0/inst/PS7_i/FCLKCLK[0]
                         net (fo=1, routed)           1.088    16.087    flash_bd_i/processing_system7_0/inst/FCLK_CLK_unbuffered[0]
    BUFGCTRL_X0Y16       BUFG (Prop_bufg_I_O)         0.091    16.178 r  flash_bd_i/processing_system7_0/inst/buffer_fclk_clk_0.FCLK_CLK_0_BUFG/O
                         net (fo=5231, routed)        1.655    17.833    flash_bd_i/top_v1_axi_0/inst/u_core/u_ram_a/aclk
    RAMB36_X4Y6          RAMB36E1                                     r  flash_bd_i/top_v1_axi_0/inst/u_core/u_ram_a/mem_reg_1_4/CLKBWRCLK
                         clock pessimism              0.129    17.962    
                         clock uncertainty           -0.228    17.734    
    RAMB36_X4Y6          RAMB36E1 (Setup_ramb36e1_CLKBWRCLK_ADDRBWRADDR[8])
                                                     -0.566    17.168    flash_bd_i/top_v1_axi_0/inst/u_core/u_ram_a/mem_reg_1_4
  -------------------------------------------------------------------
                         required time                         17.168    
                         arrival time                         -16.787    
  -------------------------------------------------------------------
                         slack                                  0.381    

Slack (MET) :             0.384ns  (required time - arrival time)
  Source:                 flash_bd_i/top_v1_axi_0/inst/u_core/u_conv/stride_r_reg[1]/C
                            (rising edge-triggered cell FDRE clocked by clk_fpga_0  {rise@0.000ns fall@7.499ns period=14.999ns})
  Destination:            flash_bd_i/top_v1_axi_0/inst/u_core/u_ram_a/mem_reg_2_7/ADDRBWRADDR[12]
                            (rising edge-triggered cell RAMB36E1 clocked by clk_fpga_0  {rise@0.000ns fall@7.499ns period=14.999ns})
  Path Group:             clk_fpga_0
  Path Type:              Setup (Max at Slow Process Corner)
  Requirement:            14.999ns  (clk_fpga_0 rise@14.999ns - clk_fpga_0 rise@0.000ns)
  Data Path Delay:        13.826ns  (logic 7.825ns (56.595%)  route 6.001ns (43.405%))
  Logic Levels:           11  (CARRY4=7 DSP48E1=1 LUT2=1 LUT4=1 LUT5=1)
  Clock Path Skew:        0.005ns (DCD - SCD + CPR)
    Destination Clock Delay (DCD):    2.837ns = ( 17.836 - 14.999 ) 
    Source Clock Delay      (SCD):    2.961ns
    Clock Pessimism Removal (CPR):    0.129ns
  Clock Uncertainty:      0.228ns  ((TSJ^2 + TIJ^2)^1/2 + DJ) / 2 + PE
    Total System Jitter     (TSJ):    0.071ns
    Total Input Jitter      (TIJ):    0.450ns
    Discrete Jitter          (DJ):    0.000ns
    Phase Error              (PE):    0.000ns

    Location             Delay type                Incr(ns)  Path(ns)    Netlist Resource(s)
  -------------------------------------------------------------------    -------------------
                         (clock clk_fpga_0 rise edge)
                                                      0.000     0.000 r  
    PS7_X0Y0             PS7                          0.000     0.000 r  flash_bd_i/processing_system7_0/inst/PS7_i/FCLKCLK[0]
                         net (fo=1, routed)           1.193     1.193    flash_bd_i/processing_system7_0/inst/FCLK_CLK_unbuffered[0]
    BUFGCTRL_X0Y16       BUFG (Prop_bufg_I_O)         0.101     1.294 r  flash_bd_i/processing_system7_0/inst/buffer_fclk_clk_0.FCLK_CLK_0_BUFG/O
                         net (fo=5231, routed)        1.667     2.961    flash_bd_i/top_v1_axi_0/inst/u_core/u_conv/aclk
    SLICE_X39Y39         FDRE                                         r  flash_bd_i/top_v1_axi_0/inst/u_core/u_conv/stride_r_reg[1]/C
  -------------------------------------------------------------------    -------------------
    SLICE_X39Y39         FDRE (Prop_fdre_C_Q)         0.456     3.417 r  flash_bd_i/top_v1_axi_0/inst/u_core/u_conv/stride_r_reg[1]/Q
                         net (fo=118, routed)         0.772     4.189    flash_bd_i/top_v1_axi_0/inst/u_core/u_conv/stride_r[1]
    SLICE_X39Y39         LUT4 (Prop_lut4_I2_O)        0.124     4.313 r  flash_bd_i/top_v1_axi_0/inst/u_core/u_conv/tag0_is_pad5_carry_i_6/O
                         net (fo=1, routed)           0.000     4.313    flash_bd_i/top_v1_axi_0/inst/u_core/u_conv/tag0_is_pad5_carry_i_6_n_0
    SLICE_X39Y39         CARRY4 (Prop_carry4_S[1]_CO[3])
                                                      0.550     4.863 r  flash_bd_i/top_v1_axi_0/inst/u_core/u_conv/tag0_is_pad5_carry/CO[3]
                         net (fo=1, routed)           0.000     4.863    flash_bd_i/top_v1_axi_0/inst/u_core/u_conv/tag0_is_pad5_carry_n_0
    SLICE_X39Y40         CARRY4 (Prop_carry4_CI_O[0])
                                                      0.222     5.085 r  flash_bd_i/top_v1_axi_0/inst/u_core/u_conv/tag0_is_pad5_carry__0/O[0]
                         net (fo=1, routed)           0.587     5.672    flash_bd_i/top_v1_axi_0/inst/u_core/u_conv/tag0_is_pad5_carry__0_n_7
    SLICE_X37Y40         CARRY4 (Prop_carry4_S[0]_CO[3])
                                                      0.831     6.503 r  flash_bd_i/top_v1_axi_0/inst/u_core/u_conv/fm_rd_addr0__0_i_23/CO[3]
                         net (fo=1, routed)           0.000     6.503    flash_bd_i/top_v1_axi_0/inst/u_core/u_conv/fm_rd_addr0__0_i_23_n_0
    SLICE_X37Y41         CARRY4 (Prop_carry4_CI_O[1])
                                                      0.334     6.837 r  flash_bd_i/top_v1_axi_0/inst/u_core/u_conv/fm_rd_addr0__0_i_22/O[1]
                         net (fo=1, routed)           0.594     7.431    flash_bd_i/top_v1_axi_0/inst/u_core/u_conv/PCOUT[9]
    SLICE_X36Y42         LUT2 (Prop_lut2_I1_O)        0.303     7.734 r  flash_bd_i/top_v1_axi_0/inst/u_core/u_conv/fm_rd_addr0__0_i_11/O
                         net (fo=1, routed)           0.000     7.734    flash_bd_i/top_v1_axi_0/inst/u_core/u_conv/fm_rd_addr0__0_i_11_n_0
    SLICE_X36Y42         CARRY4 (Prop_carry4_S[1]_CO[3])
                                                      0.533     8.267 r  flash_bd_i/top_v1_axi_0/inst/u_core/u_conv/fm_rd_addr0__0_i_3/CO[3]
                         net (fo=1, routed)           0.000     8.267    flash_bd_i/top_v1_axi_0/inst/u_core/u_conv/fm_rd_addr0__0_i_3_n_0
    SLICE_X36Y43         CARRY4 (Prop_carry4_CI_CO[3])
                                                      0.117     8.384 r  flash_bd_i/top_v1_axi_0/inst/u_core/u_conv/fm_rd_addr0__0_i_2/CO[3]
                         net (fo=1, routed)           0.000     8.384    flash_bd_i/top_v1_axi_0/inst/u_core/u_conv/fm_rd_addr0__0_i_2_n_0
    SLICE_X36Y44         CARRY4 (Prop_carry4_CI_O[0])
                                                      0.219     8.603 r  flash_bd_i/top_v1_axi_0/inst/u_core/u_conv/fm_rd_addr0__0_i_1/O[0]
                         net (fo=3, routed)           0.817     9.420    flash_bd_i/top_v1_axi_0/inst/u_core/u_conv/fm_rd_addr0__0_i_1_n_7
    DSP48_X2Y18          DSP48E1 (Prop_dsp48e1_A[16]_P[12])
                                                      4.012    13.432 r  flash_bd_i/top_v1_axi_0/inst/u_core/u_conv/fm_rd_addr0__0/P[12]
                         net (fo=4, routed)           1.059    14.491    flash_bd_i/top_v1_axi_0/inst/u_core/u_seq/mem_reg_0_0[12]
    SLICE_X37Y37         LUT5 (Prop_lut5_I3_O)        0.124    14.615 r  flash_bd_i/top_v1_axi_0/inst/u_core/u_seq/mem_reg_0_6_i_4/O
                         net (fo=16, routed)          2.173    16.787    flash_bd_i/top_v1_axi_0/inst/u_core/u_ram_a/mem_reg_2_7_1[12]
    RAMB36_X4Y3          RAMB36E1                                     r  flash_bd_i/top_v1_axi_0/inst/u_core/u_ram_a/mem_reg_2_7/ADDRBWRADDR[12]
  -------------------------------------------------------------------    -------------------

                         (clock clk_fpga_0 rise edge)
                                                     14.999    14.999 r  
    PS7_X0Y0             PS7                          0.000    14.999 r  flash_bd_i/processing_system7_0/inst/PS7_i/FCLKCLK[0]
                         net (fo=1, routed)           1.088    16.087    flash_bd_i/processing_system7_0/inst/FCLK_CLK_unbuffered[0]
    BUFGCTRL_X0Y16       BUFG (Prop_bufg_I_O)         0.091    16.178 r  flash_bd_i/processing_system7_0/inst/buffer_fclk_clk_0.FCLK_CLK_0_BUFG/O
                         net (fo=5231, routed)        1.658    17.836    flash_bd_i/top_v1_axi_0/inst/u_core/u_ram_a/aclk
    RAMB36_X4Y3          RAMB36E1                                     r  flash_bd_i/top_v1_axi_0/inst/u_core/u_ram_a/mem_reg_2_7/CLKBWRCLK
                         clock pessimism              0.129    17.965    
                         clock uncertainty           -0.228    17.737    
    RAMB36_X4Y3          RAMB36E1 (Setup_ramb36e1_CLKBWRCLK_ADDRBWRADDR[12])
                                                     -0.566    17.171    flash_bd_i/top_v1_axi_0/inst/u_core/u_ram_a/mem_reg_2_7
  -------------------------------------------------------------------
                         required time                         17.171    
                         arrival time                         -16.787    
  -------------------------------------------------------------------
                         slack                                  0.384    

Slack (MET) :             0.387ns  (required time - arrival time)
  Source:                 flash_bd_i/top_v1_axi_0/inst/u_core/u_conv/stride_r_reg[1]/C
                            (rising edge-triggered cell FDRE clocked by clk_fpga_0  {rise@0.000ns fall@7.499ns period=14.999ns})
  Destination:            flash_bd_i/top_v1_axi_0/inst/u_core/u_ram_a/mem_reg_2_7/ADDRBWRADDR[5]
                            (rising edge-triggered cell RAMB36E1 clocked by clk_fpga_0  {rise@0.000ns fall@7.499ns period=14.999ns})
  Path Group:             clk_fpga_0
  Path Type:              Setup (Max at Slow Process Corner)
  Requirement:            14.999ns  (clk_fpga_0 rise@14.999ns - clk_fpga_0 rise@0.000ns)
  Data Path Delay:        13.823ns  (logic 7.825ns (56.607%)  route 5.998ns (43.393%))
  Logic Levels:           11  (CARRY4=7 DSP48E1=1 LUT2=1 LUT4=1 LUT5=1)
  Clock Path Skew:        0.005ns (DCD - SCD + CPR)
    Destination Clock Delay (DCD):    2.837ns = ( 17.836 - 14.999 ) 
    Source Clock Delay      (SCD):    2.961ns
    Clock Pessimism Removal (CPR):    0.129ns
  Clock Uncertainty:      0.228ns  ((TSJ^2 + TIJ^2)^1/2 + DJ) / 2 + PE
    Total System Jitter     (TSJ):    0.071ns
    Total Input Jitter      (TIJ):    0.450ns
    Discrete Jitter          (DJ):    0.000ns
    Phase Error              (PE):    0.000ns

    Location             Delay type                Incr(ns)  Path(ns)    Netlist Resource(s)
  -------------------------------------------------------------------    -------------------
                         (clock clk_fpga_0 rise edge)
                                                      0.000     0.000 r  
    PS7_X0Y0             PS7                          0.000     0.000 r  flash_bd_i/processing_system7_0/inst/PS7_i/FCLKCLK[0]
                         net (fo=1, routed)           1.193     1.193    flash_bd_i/processing_system7_0/inst/FCLK_CLK_unbuffered[0]
    BUFGCTRL_X0Y16       BUFG (Prop_bufg_I_O)         0.101     1.294 r  flash_bd_i/processing_system7_0/inst/buffer_fclk_clk_0.FCLK_CLK_0_BUFG/O
                         net (fo=5231, routed)        1.667     2.961    flash_bd_i/top_v1_axi_0/inst/u_core/u_conv/aclk
    SLICE_X39Y39         FDRE                                         r  flash_bd_i/top_v1_axi_0/inst/u_core/u_conv/stride_r_reg[1]/C
  -------------------------------------------------------------------    -------------------
    SLICE_X39Y39         FDRE (Prop_fdre_C_Q)         0.456     3.417 r  flash_bd_i/top_v1_axi_0/inst/u_core/u_conv/stride_r_reg[1]/Q
                         net (fo=118, routed)         0.772     4.189    flash_bd_i/top_v1_axi_0/inst/u_core/u_conv/stride_r[1]
    SLICE_X39Y39         LUT4 (Prop_lut4_I2_O)        0.124     4.313 r  flash_bd_i/top_v1_axi_0/inst/u_core/u_conv/tag0_is_pad5_carry_i_6/O
                         net (fo=1, routed)           0.000     4.313    flash_bd_i/top_v1_axi_0/inst/u_core/u_conv/tag0_is_pad5_carry_i_6_n_0
    SLICE_X39Y39         CARRY4 (Prop_carry4_S[1]_CO[3])
                                                      0.550     4.863 r  flash_bd_i/top_v1_axi_0/inst/u_core/u_conv/tag0_is_pad5_carry/CO[3]
                         net (fo=1, routed)           0.000     4.863    flash_bd_i/top_v1_axi_0/inst/u_core/u_conv/tag0_is_pad5_carry_n_0
    SLICE_X39Y40         CARRY4 (Prop_carry4_CI_O[0])
                                                      0.222     5.085 r  flash_bd_i/top_v1_axi_0/inst/u_core/u_conv/tag0_is_pad5_carry__0/O[0]
                         net (fo=1, routed)           0.587     5.672    flash_bd_i/top_v1_axi_0/inst/u_core/u_conv/tag0_is_pad5_carry__0_n_7
    SLICE_X37Y40         CARRY4 (Prop_carry4_S[0]_CO[3])
                                                      0.831     6.503 r  flash_bd_i/top_v1_axi_0/inst/u_core/u_conv/fm_rd_addr0__0_i_23/CO[3]
                         net (fo=1, routed)           0.000     6.503    flash_bd_i/top_v1_axi_0/inst/u_core/u_conv/fm_rd_addr0__0_i_23_n_0
    SLICE_X37Y41         CARRY4 (Prop_carry4_CI_O[1])
                                                      0.334     6.837 r  flash_bd_i/top_v1_axi_0/inst/u_core/u_conv/fm_rd_addr0__0_i_22/O[1]
                         net (fo=1, routed)           0.594     7.431    flash_bd_i/top_v1_axi_0/inst/u_core/u_conv/PCOUT[9]
    SLICE_X36Y42         LUT2 (Prop_lut2_I1_O)        0.303     7.734 r  flash_bd_i/top_v1_axi_0/inst/u_core/u_conv/fm_rd_addr0__0_i_11/O
                         net (fo=1, routed)           0.000     7.734    flash_bd_i/top_v1_axi_0/inst/u_core/u_conv/fm_rd_addr0__0_i_11_n_0
    SLICE_X36Y42         CARRY4 (Prop_carry4_S[1]_CO[3])
                                                      0.533     8.267 r  flash_bd_i/top_v1_axi_0/inst/u_core/u_conv/fm_rd_addr0__0_i_3/CO[3]
                         net (fo=1, routed)           0.000     8.267    flash_bd_i/top_v1_axi_0/inst/u_core/u_conv/fm_rd_addr0__0_i_3_n_0
    SLICE_X36Y43         CARRY4 (Prop_carry4_CI_CO[3])
                                                      0.117     8.384 r  flash_bd_i/top_v1_axi_0/inst/u_core/u_conv/fm_rd_addr0__0_i_2/CO[3]
                         net (fo=1, routed)           0.000     8.384    flash_bd_i/top_v1_axi_0/inst/u_core/u_conv/fm_rd_addr0__0_i_2_n_0
    SLICE_X36Y44         CARRY4 (Prop_carry4_CI_O[0])
                                                      0.219     8.603 r  flash_bd_i/top_v1_axi_0/inst/u_core/u_conv/fm_rd_addr0__0_i_1/O[0]
                         net (fo=3, routed)           0.817     9.420    flash_bd_i/top_v1_axi_0/inst/u_core/u_conv/fm_rd_addr0__0_i_1_n_7
    DSP48_X2Y18          DSP48E1 (Prop_dsp48e1_A[16]_P[5])
                                                      4.012    13.432 r  flash_bd_i/top_v1_axi_0/inst/u_core/u_conv/fm_rd_addr0__0/P[5]
                         net (fo=4, routed)           0.997    14.428    flash_bd_i/top_v1_axi_0/inst/u_core/u_seq/mem_reg_0_0[5]
    SLICE_X41Y40         LUT5 (Prop_lut5_I3_O)        0.124    14.552 r  flash_bd_i/top_v1_axi_0/inst/u_core/u_seq/mem_reg_0_6_i_11/O
                         net (fo=16, routed)          2.232    16.784    flash_bd_i/top_v1_axi_0/inst/u_core/u_ram_a/mem_reg_2_7_1[5]
    RAMB36_X4Y3          RAMB36E1                                     r  flash_bd_i/top_v1_axi_0/inst/u_core/u_ram_a/mem_reg_2_7/ADDRBWRADDR[5]
  -------------------------------------------------------------------    -------------------

                         (clock clk_fpga_0 rise edge)
                                                     14.999    14.999 r  
    PS7_X0Y0             PS7                          0.000    14.999 r  flash_bd_i/processing_system7_0/inst/PS7_i/FCLKCLK[0]
                         net (fo=1, routed)           1.088    16.087    flash_bd_i/processing_system7_0/inst/FCLK_CLK_unbuffered[0]
    BUFGCTRL_X0Y16       BUFG (Prop_bufg_I_O)         0.091    16.178 r  flash_bd_i/processing_system7_0/inst/buffer_fclk_clk_0.FCLK_CLK_0_BUFG/O
                         net (fo=5231, routed)        1.658    17.836    flash_bd_i/top_v1_axi_0/inst/u_core/u_ram_a/aclk
    RAMB36_X4Y3          RAMB36E1                                     r  flash_bd_i/top_v1_axi_0/inst/u_core/u_ram_a/mem_reg_2_7/CLKBWRCLK
                         clock pessimism              0.129    17.965    
                         clock uncertainty           -0.228    17.737    
    RAMB36_X4Y3          RAMB36E1 (Setup_ramb36e1_CLKBWRCLK_ADDRBWRADDR[5])
                                                     -0.566    17.171    flash_bd_i/top_v1_axi_0/inst/u_core/u_ram_a/mem_reg_2_7
  -------------------------------------------------------------------
                         required time                         17.171    
                         arrival time                         -16.784    
  -------------------------------------------------------------------
                         slack                                  0.387    

Slack (MET) :             0.397ns  (required time - arrival time)
  Source:                 flash_bd_i/top_v1_axi_0/inst/u_core/u_conv/stride_r_reg[1]/C
                            (rising edge-triggered cell FDRE clocked by clk_fpga_0  {rise@0.000ns fall@7.499ns period=14.999ns})
  Destination:            flash_bd_i/top_v1_axi_0/inst/u_core/u_ram_a/mem_reg_2_4/ADDRBWRADDR[4]
                            (rising edge-triggered cell RAMB36E1 clocked by clk_fpga_0  {rise@0.000ns fall@7.499ns period=14.999ns})
  Path Group:             clk_fpga_0
  Path Type:              Setup (Max at Slow Process Corner)
  Requirement:            14.999ns  (clk_fpga_0 rise@14.999ns - clk_fpga_0 rise@0.000ns)
  Data Path Delay:        13.876ns  (logic 7.825ns (56.393%)  route 6.051ns (43.607%))
  Logic Levels:           11  (CARRY4=7 DSP48E1=1 LUT2=1 LUT4=1 LUT5=1)
  Clock Path Skew:        0.067ns (DCD - SCD + CPR)
    Destination Clock Delay (DCD):    2.799ns = ( 17.798 - 14.999 ) 
    Source Clock Delay      (SCD):    2.961ns
    Clock Pessimism Removal (CPR):    0.230ns
  Clock Uncertainty:      0.228ns  ((TSJ^2 + TIJ^2)^1/2 + DJ) / 2 + PE
    Total System Jitter     (TSJ):    0.071ns
    Total Input Jitter      (TIJ):    0.450ns
    Discrete Jitter          (DJ):    0.000ns
    Phase Error              (PE):    0.000ns

    Location             Delay type                Incr(ns)  Path(ns)    Netlist Resource(s)
  -------------------------------------------------------------------    -------------------
                         (clock clk_fpga_0 rise edge)
                                                      0.000     0.000 r  
    PS7_X0Y0             PS7                          0.000     0.000 r  flash_bd_i/processing_system7_0/inst/PS7_i/FCLKCLK[0]
                         net (fo=1, routed)           1.193     1.193    flash_bd_i/processing_system7_0/inst/FCLK_CLK_unbuffered[0]
    BUFGCTRL_X0Y16       BUFG (Prop_bufg_I_O)         0.101     1.294 r  flash_bd_i/processing_system7_0/inst/buffer_fclk_clk_0.FCLK_CLK_0_BUFG/O
                         net (fo=5231, routed)        1.667     2.961    flash_bd_i/top_v1_axi_0/inst/u_core/u_conv/aclk
    SLICE_X39Y39         FDRE                                         r  flash_bd_i/top_v1_axi_0/inst/u_core/u_conv/stride_r_reg[1]/C
  -------------------------------------------------------------------    -------------------
    SLICE_X39Y39         FDRE (Prop_fdre_C_Q)         0.456     3.417 r  flash_bd_i/top_v1_axi_0/inst/u_core/u_conv/stride_r_reg[1]/Q
                         net (fo=118, routed)         0.772     4.189    flash_bd_i/top_v1_axi_0/inst/u_core/u_conv/stride_r[1]
    SLICE_X39Y39         LUT4 (Prop_lut4_I2_O)        0.124     4.313 r  flash_bd_i/top_v1_axi_0/inst/u_core/u_conv/tag0_is_pad5_carry_i_6/O
                         net (fo=1, routed)           0.000     4.313    flash_bd_i/top_v1_axi_0/inst/u_core/u_conv/tag0_is_pad5_carry_i_6_n_0
    SLICE_X39Y39         CARRY4 (Prop_carry4_S[1]_CO[3])
                                                      0.550     4.863 r  flash_bd_i/top_v1_axi_0/inst/u_core/u_conv/tag0_is_pad5_carry/CO[3]
                         net (fo=1, routed)           0.000     4.863    flash_bd_i/top_v1_axi_0/inst/u_core/u_conv/tag0_is_pad5_carry_n_0
    SLICE_X39Y40         CARRY4 (Prop_carry4_CI_O[0])
                                                      0.222     5.085 r  flash_bd_i/top_v1_axi_0/inst/u_core/u_conv/tag0_is_pad5_carry__0/O[0]
                         net (fo=1, routed)           0.587     5.672    flash_bd_i/top_v1_axi_0/inst/u_core/u_conv/tag0_is_pad5_carry__0_n_7
    SLICE_X37Y40         CARRY4 (Prop_carry4_S[0]_CO[3])
                                                      0.831     6.503 r  flash_bd_i/top_v1_axi_0/inst/u_core/u_conv/fm_rd_addr0__0_i_23/CO[3]
                         net (fo=1, routed)           0.000     6.503    flash_bd_i/top_v1_axi_0/inst/u_core/u_conv/fm_rd_addr0__0_i_23_n_0
    SLICE_X37Y41         CARRY4 (Prop_carry4_CI_O[1])
                                                      0.334     6.837 r  flash_bd_i/top_v1_axi_0/inst/u_core/u_conv/fm_rd_addr0__0_i_22/O[1]
                         net (fo=1, routed)           0.594     7.431    flash_bd_i/top_v1_axi_0/inst/u_core/u_conv/PCOUT[9]
    SLICE_X36Y42         LUT2 (Prop_lut2_I1_O)        0.303     7.734 r  flash_bd_i/top_v1_axi_0/inst/u_core/u_conv/fm_rd_addr0__0_i_11/O
                         net (fo=1, routed)           0.000     7.734    flash_bd_i/top_v1_axi_0/inst/u_core/u_conv/fm_rd_addr0__0_i_11_n_0
    SLICE_X36Y42         CARRY4 (Prop_carry4_S[1]_CO[3])
                                                      0.533     8.267 r  flash_bd_i/top_v1_axi_0/inst/u_core/u_conv/fm_rd_addr0__0_i_3/CO[3]
                         net (fo=1, routed)           0.000     8.267    flash_bd_i/top_v1_axi_0/inst/u_core/u_conv/fm_rd_addr0__0_i_3_n_0
    SLICE_X36Y43         CARRY4 (Prop_carry4_CI_CO[3])
                                                      0.117     8.384 r  flash_bd_i/top_v1_axi_0/inst/u_core/u_conv/fm_rd_addr0__0_i_2/CO[3]
                         net (fo=1, routed)           0.000     8.384    flash_bd_i/top_v1_axi_0/inst/u_core/u_conv/fm_rd_addr0__0_i_2_n_0
    SLICE_X36Y44         CARRY4 (Prop_carry4_CI_O[0])
                                                      0.219     8.603 r  flash_bd_i/top_v1_axi_0/inst/u_core/u_conv/fm_rd_addr0__0_i_1/O[0]
                         net (fo=3, routed)           0.817     9.420    flash_bd_i/top_v1_axi_0/inst/u_core/u_conv/fm_rd_addr0__0_i_1_n_7
    DSP48_X2Y18          DSP48E1 (Prop_dsp48e1_A[16]_P[4])
                                                      4.012    13.432 r  flash_bd_i/top_v1_axi_0/inst/u_core/u_conv/fm_rd_addr0__0/P[4]
                         net (fo=4, routed)           1.012    14.444    flash_bd_i/top_v1_axi_0/inst/u_core/u_seq/mem_reg_0_0[4]
    SLICE_X37Y38         LUT5 (Prop_lut5_I3_O)        0.124    14.568 r  flash_bd_i/top_v1_axi_0/inst/u_core/u_seq/mem_reg_0_4_i_29/O
                         net (fo=16, routed)          2.269    16.837    flash_bd_i/top_v1_axi_0/inst/u_core/u_ram_a/mem_reg_2_5_0[4]
    RAMB36_X0Y2          RAMB36E1                                     r  flash_bd_i/top_v1_axi_0/inst/u_core/u_ram_a/mem_reg_2_4/ADDRBWRADDR[4]
  -------------------------------------------------------------------    -------------------

                         (clock clk_fpga_0 rise edge)
                                                     14.999    14.999 r  
    PS7_X0Y0             PS7                          0.000    14.999 r  flash_bd_i/processing_system7_0/inst/PS7_i/FCLKCLK[0]
                         net (fo=1, routed)           1.088    16.087    flash_bd_i/processing_system7_0/inst/FCLK_CLK_unbuffered[0]
    BUFGCTRL_X0Y16       BUFG (Prop_bufg_I_O)         0.091    16.178 r  flash_bd_i/processing_system7_0/inst/buffer_fclk_clk_0.FCLK_CLK_0_BUFG/O
                         net (fo=5231, routed)        1.620    17.798    flash_bd_i/top_v1_axi_0/inst/u_core/u_ram_a/aclk
    RAMB36_X0Y2          RAMB36E1                                     r  flash_bd_i/top_v1_axi_0/inst/u_core/u_ram_a/mem_reg_2_4/CLKBWRCLK
                         clock pessimism              0.230    18.027    
                         clock uncertainty           -0.228    17.800    
    RAMB36_X0Y2          RAMB36E1 (Setup_ramb36e1_CLKBWRCLK_ADDRBWRADDR[4])
                                                     -0.566    17.234    flash_bd_i/top_v1_axi_0/inst/u_core/u_ram_a/mem_reg_2_4
  -------------------------------------------------------------------
                         required time                         17.234    
                         arrival time                         -16.837    
  -------------------------------------------------------------------
                         slack                                  0.397    

Slack (MET) :             0.405ns  (required time - arrival time)
  Source:                 flash_bd_i/top_v1_axi_0/inst/u_core/u_conv/stride_r_reg[1]/C
                            (rising edge-triggered cell FDRE clocked by clk_fpga_0  {rise@0.000ns fall@7.499ns period=14.999ns})
  Destination:            flash_bd_i/top_v1_axi_0/inst/u_core/u_ram_a/mem_reg_2_7/ADDRBWRADDR[8]
                            (rising edge-triggered cell RAMB36E1 clocked by clk_fpga_0  {rise@0.000ns fall@7.499ns period=14.999ns})
  Path Group:             clk_fpga_0
  Path Type:              Setup (Max at Slow Process Corner)
  Requirement:            14.999ns  (clk_fpga_0 rise@14.999ns - clk_fpga_0 rise@0.000ns)
  Data Path Delay:        13.805ns  (logic 7.825ns (56.681%)  route 5.980ns (43.319%))
  Logic Levels:           11  (CARRY4=7 DSP48E1=1 LUT2=1 LUT4=1 LUT5=1)
  Clock Path Skew:        0.005ns (DCD - SCD + CPR)
    Destination Clock Delay (DCD):    2.837ns = ( 17.836 - 14.999 ) 
    Source Clock Delay      (SCD):    2.961ns
    Clock Pessimism Removal (CPR):    0.129ns
  Clock Uncertainty:      0.228ns  ((TSJ^2 + TIJ^2)^1/2 + DJ) / 2 + PE
    Total System Jitter     (TSJ):    0.071ns
    Total Input Jitter      (TIJ):    0.450ns
    Discrete Jitter          (DJ):    0.000ns
    Phase Error              (PE):    0.000ns

    Location             Delay type                Incr(ns)  Path(ns)    Netlist Resource(s)
  -------------------------------------------------------------------    -------------------
                         (clock clk_fpga_0 rise edge)
                                                      0.000     0.000 r  
    PS7_X0Y0             PS7                          0.000     0.000 r  flash_bd_i/processing_system7_0/inst/PS7_i/FCLKCLK[0]
                         net (fo=1, routed)           1.193     1.193    flash_bd_i/processing_system7_0/inst/FCLK_CLK_unbuffered[0]
    BUFGCTRL_X0Y16       BUFG (Prop_bufg_I_O)         0.101     1.294 r  flash_bd_i/processing_system7_0/inst/buffer_fclk_clk_0.FCLK_CLK_0_BUFG/O
                         net (fo=5231, routed)        1.667     2.961    flash_bd_i/top_v1_axi_0/inst/u_core/u_conv/aclk
    SLICE_X39Y39         FDRE                                         r  flash_bd_i/top_v1_axi_0/inst/u_core/u_conv/stride_r_reg[1]/C
  -------------------------------------------------------------------    -------------------
    SLICE_X39Y39         FDRE (Prop_fdre_C_Q)         0.456     3.417 r  flash_bd_i/top_v1_axi_0/inst/u_core/u_conv/stride_r_reg[1]/Q
                         net (fo=118, routed)         0.772     4.189    flash_bd_i/top_v1_axi_0/inst/u_core/u_conv/stride_r[1]
    SLICE_X39Y39         LUT4 (Prop_lut4_I2_O)        0.124     4.313 r  flash_bd_i/top_v1_axi_0/inst/u_core/u_conv/tag0_is_pad5_carry_i_6/O
                         net (fo=1, routed)           0.000     4.313    flash_bd_i/top_v1_axi_0/inst/u_core/u_conv/tag0_is_pad5_carry_i_6_n_0
    SLICE_X39Y39         CARRY4 (Prop_carry4_S[1]_CO[3])
                                                      0.550     4.863 r  flash_bd_i/top_v1_axi_0/inst/u_core/u_conv/tag0_is_pad5_carry/CO[3]
                         net (fo=1, routed)           0.000     4.863    flash_bd_i/top_v1_axi_0/inst/u_core/u_conv/tag0_is_pad5_carry_n_0
    SLICE_X39Y40         CARRY4 (Prop_carry4_CI_O[0])
                                                      0.222     5.085 r  flash_bd_i/top_v1_axi_0/inst/u_core/u_conv/tag0_is_pad5_carry__0/O[0]
                         net (fo=1, routed)           0.587     5.672    flash_bd_i/top_v1_axi_0/inst/u_core/u_conv/tag0_is_pad5_carry__0_n_7
    SLICE_X37Y40         CARRY4 (Prop_carry4_S[0]_CO[3])
                                                      0.831     6.503 r  flash_bd_i/top_v1_axi_0/inst/u_core/u_conv/fm_rd_addr0__0_i_23/CO[3]
                         net (fo=1, routed)           0.000     6.503    flash_bd_i/top_v1_axi_0/inst/u_core/u_conv/fm_rd_addr0__0_i_23_n_0
    SLICE_X37Y41         CARRY4 (Prop_carry4_CI_O[1])
                                                      0.334     6.837 r  flash_bd_i/top_v1_axi_0/inst/u_core/u_conv/fm_rd_addr0__0_i_22/O[1]
                         net (fo=1, routed)           0.594     7.431    flash_bd_i/top_v1_axi_0/inst/u_core/u_conv/PCOUT[9]
    SLICE_X36Y42         LUT2 (Prop_lut2_I1_O)        0.303     7.734 r  flash_bd_i/top_v1_axi_0/inst/u_core/u_conv/fm_rd_addr0__0_i_11/O
                         net (fo=1, routed)           0.000     7.734    flash_bd_i/top_v1_axi_0/inst/u_core/u_conv/fm_rd_addr0__0_i_11_n_0
    SLICE_X36Y42         CARRY4 (Prop_carry4_S[1]_CO[3])
                                                      0.533     8.267 r  flash_bd_i/top_v1_axi_0/inst/u_core/u_conv/fm_rd_addr0__0_i_3/CO[3]
                         net (fo=1, routed)           0.000     8.267    flash_bd_i/top_v1_axi_0/inst/u_core/u_conv/fm_rd_addr0__0_i_3_n_0
    SLICE_X36Y43         CARRY4 (Prop_carry4_CI_CO[3])
                                                      0.117     8.384 r  flash_bd_i/top_v1_axi_0/inst/u_core/u_conv/fm_rd_addr0__0_i_2/CO[3]
                         net (fo=1, routed)           0.000     8.384    flash_bd_i/top_v1_axi_0/inst/u_core/u_conv/fm_rd_addr0__0_i_2_n_0
    SLICE_X36Y44         CARRY4 (Prop_carry4_CI_O[0])
                                                      0.219     8.603 r  flash_bd_i/top_v1_axi_0/inst/u_core/u_conv/fm_rd_addr0__0_i_1/O[0]
                         net (fo=3, routed)           0.817     9.420    flash_bd_i/top_v1_axi_0/inst/u_core/u_conv/fm_rd_addr0__0_i_1_n_7
    DSP48_X2Y18          DSP48E1 (Prop_dsp48e1_A[16]_P[8])
                                                      4.012    13.432 r  flash_bd_i/top_v1_axi_0/inst/u_core/u_conv/fm_rd_addr0__0/P[8]
                         net (fo=4, routed)           1.011    14.442    flash_bd_i/top_v1_axi_0/inst/u_core/u_seq/mem_reg_0_0[8]
    SLICE_X41Y41         LUT5 (Prop_lut5_I3_O)        0.124    14.566 r  flash_bd_i/top_v1_axi_0/inst/u_core/u_seq/mem_reg_0_6_i_8/O
                         net (fo=16, routed)          2.200    16.766    flash_bd_i/top_v1_axi_0/inst/u_core/u_ram_a/mem_reg_2_7_1[8]
    RAMB36_X4Y3          RAMB36E1                                     r  flash_bd_i/top_v1_axi_0/inst/u_core/u_ram_a/mem_reg_2_7/ADDRBWRADDR[8]
  -------------------------------------------------------------------    -------------------

                         (clock clk_fpga_0 rise edge)
                                                     14.999    14.999 r  
    PS7_X0Y0             PS7                          0.000    14.999 r  flash_bd_i/processing_system7_0/inst/PS7_i/FCLKCLK[0]
                         net (fo=1, routed)           1.088    16.087    flash_bd_i/processing_system7_0/inst/FCLK_CLK_unbuffered[0]
    BUFGCTRL_X0Y16       BUFG (Prop_bufg_I_O)         0.091    16.178 r  flash_bd_i/processing_system7_0/inst/buffer_fclk_clk_0.FCLK_CLK_0_BUFG/O
                         net (fo=5231, routed)        1.658    17.836    flash_bd_i/top_v1_axi_0/inst/u_core/u_ram_a/aclk
    RAMB36_X4Y3          RAMB36E1                                     r  flash_bd_i/top_v1_axi_0/inst/u_core/u_ram_a/mem_reg_2_7/CLKBWRCLK
                         clock pessimism              0.129    17.965    
                         clock uncertainty           -0.228    17.737    
    RAMB36_X4Y3          RAMB36E1 (Setup_ramb36e1_CLKBWRCLK_ADDRBWRADDR[8])
                                                     -0.566    17.171    flash_bd_i/top_v1_axi_0/inst/u_core/u_ram_a/mem_reg_2_7
  -------------------------------------------------------------------
                         required time                         17.171    
                         arrival time                         -16.766    
  -------------------------------------------------------------------
                         slack                                  0.405    

Slack (MET) :             0.411ns  (required time - arrival time)
  Source:                 flash_bd_i/top_v1_axi_0/inst/u_core/u_conv/stride_r_reg[1]/C
                            (rising edge-triggered cell FDRE clocked by clk_fpga_0  {rise@0.000ns fall@7.499ns period=14.999ns})
  Destination:            flash_bd_i/top_v1_axi_0/inst/u_core/u_ram_b/mem_reg_1_0/ADDRBWRADDR[7]
                            (rising edge-triggered cell RAMB36E1 clocked by clk_fpga_0  {rise@0.000ns fall@7.499ns period=14.999ns})
  Path Group:             clk_fpga_0
  Path Type:              Setup (Max at Slow Process Corner)
  Requirement:            14.999ns  (clk_fpga_0 rise@14.999ns - clk_fpga_0 rise@0.000ns)
  Data Path Delay:        13.819ns  (logic 7.825ns (56.623%)  route 5.994ns (43.377%))
  Logic Levels:           11  (CARRY4=7 DSP48E1=1 LUT2=1 LUT4=1 LUT5=1)
  Clock Path Skew:        0.026ns (DCD - SCD + CPR)
    Destination Clock Delay (DCD):    2.872ns = ( 17.871 - 14.999 ) 
    Source Clock Delay      (SCD):    2.961ns
    Clock Pessimism Removal (CPR):    0.115ns
  Clock Uncertainty:      0.228ns  ((TSJ^2 + TIJ^2)^1/2 + DJ) / 2 + PE
    Total System Jitter     (TSJ):    0.071ns
    Total Input Jitter      (TIJ):    0.450ns
    Discrete Jitter          (DJ):    0.000ns
    Phase Error              (PE):    0.000ns

    Location             Delay type                Incr(ns)  Path(ns)    Netlist Resource(s)
  -------------------------------------------------------------------    -------------------
                         (clock clk_fpga_0 rise edge)
                                                      0.000     0.000 r  
    PS7_X0Y0             PS7                          0.000     0.000 r  flash_bd_i/processing_system7_0/inst/PS7_i/FCLKCLK[0]
                         net (fo=1, routed)           1.193     1.193    flash_bd_i/processing_system7_0/inst/FCLK_CLK_unbuffered[0]
    BUFGCTRL_X0Y16       BUFG (Prop_bufg_I_O)         0.101     1.294 r  flash_bd_i/processing_system7_0/inst/buffer_fclk_clk_0.FCLK_CLK_0_BUFG/O
                         net (fo=5231, routed)        1.667     2.961    flash_bd_i/top_v1_axi_0/inst/u_core/u_conv/aclk
    SLICE_X39Y39         FDRE                                         r  flash_bd_i/top_v1_axi_0/inst/u_core/u_conv/stride_r_reg[1]/C
  -------------------------------------------------------------------    -------------------
    SLICE_X39Y39         FDRE (Prop_fdre_C_Q)         0.456     3.417 r  flash_bd_i/top_v1_axi_0/inst/u_core/u_conv/stride_r_reg[1]/Q
                         net (fo=118, routed)         0.772     4.189    flash_bd_i/top_v1_axi_0/inst/u_core/u_conv/stride_r[1]
    SLICE_X39Y39         LUT4 (Prop_lut4_I2_O)        0.124     4.313 r  flash_bd_i/top_v1_axi_0/inst/u_core/u_conv/tag0_is_pad5_carry_i_6/O
                         net (fo=1, routed)           0.000     4.313    flash_bd_i/top_v1_axi_0/inst/u_core/u_conv/tag0_is_pad5_carry_i_6_n_0
    SLICE_X39Y39         CARRY4 (Prop_carry4_S[1]_CO[3])
                                                      0.550     4.863 r  flash_bd_i/top_v1_axi_0/inst/u_core/u_conv/tag0_is_pad5_carry/CO[3]
                         net (fo=1, routed)           0.000     4.863    flash_bd_i/top_v1_axi_0/inst/u_core/u_conv/tag0_is_pad5_carry_n_0
    SLICE_X39Y40         CARRY4 (Prop_carry4_CI_O[0])
                                                      0.222     5.085 r  flash_bd_i/top_v1_axi_0/inst/u_core/u_conv/tag0_is_pad5_carry__0/O[0]
                         net (fo=1, routed)           0.587     5.672    flash_bd_i/top_v1_axi_0/inst/u_core/u_conv/tag0_is_pad5_carry__0_n_7
    SLICE_X37Y40         CARRY4 (Prop_carry4_S[0]_CO[3])
                                                      0.831     6.503 r  flash_bd_i/top_v1_axi_0/inst/u_core/u_conv/fm_rd_addr0__0_i_23/CO[3]
                         net (fo=1, routed)           0.000     6.503    flash_bd_i/top_v1_axi_0/inst/u_core/u_conv/fm_rd_addr0__0_i_23_n_0
    SLICE_X37Y41         CARRY4 (Prop_carry4_CI_O[1])
                                                      0.334     6.837 r  flash_bd_i/top_v1_axi_0/inst/u_core/u_conv/fm_rd_addr0__0_i_22/O[1]
                         net (fo=1, routed)           0.594     7.431    flash_bd_i/top_v1_axi_0/inst/u_core/u_conv/PCOUT[9]
    SLICE_X36Y42         LUT2 (Prop_lut2_I1_O)        0.303     7.734 r  flash_bd_i/top_v1_axi_0/inst/u_core/u_conv/fm_rd_addr0__0_i_11/O
                         net (fo=1, routed)           0.000     7.734    flash_bd_i/top_v1_axi_0/inst/u_core/u_conv/fm_rd_addr0__0_i_11_n_0
    SLICE_X36Y42         CARRY4 (Prop_carry4_S[1]_CO[3])
                                                      0.533     8.267 r  flash_bd_i/top_v1_axi_0/inst/u_core/u_conv/fm_rd_addr0__0_i_3/CO[3]
                         net (fo=1, routed)           0.000     8.267    flash_bd_i/top_v1_axi_0/inst/u_core/u_conv/fm_rd_addr0__0_i_3_n_0
    SLICE_X36Y43         CARRY4 (Prop_carry4_CI_CO[3])
                                                      0.117     8.384 r  flash_bd_i/top_v1_axi_0/inst/u_core/u_conv/fm_rd_addr0__0_i_2/CO[3]
                         net (fo=1, routed)           0.000     8.384    flash_bd_i/top_v1_axi_0/inst/u_core/u_conv/fm_rd_addr0__0_i_2_n_0
    SLICE_X36Y44         CARRY4 (Prop_carry4_CI_O[0])
                                                      0.219     8.603 r  flash_bd_i/top_v1_axi_0/inst/u_core/u_conv/fm_rd_addr0__0_i_1/O[0]
                         net (fo=3, routed)           0.817     9.420    flash_bd_i/top_v1_axi_0/inst/u_core/u_conv/fm_rd_addr0__0_i_1_n_7
    DSP48_X2Y18          DSP48E1 (Prop_dsp48e1_A[16]_P[7])
                                                      4.012    13.432 r  flash_bd_i/top_v1_axi_0/inst/u_core/u_conv/fm_rd_addr0__0/P[7]
                         net (fo=4, routed)           0.648    14.080    flash_bd_i/top_v1_axi_0/inst/u_core/u_seq/mem_reg_0_0[7]
    SLICE_X34Y46         LUT5 (Prop_lut5_I3_O)        0.124    14.204 r  flash_bd_i/top_v1_axi_0/inst/u_core/u_seq/mem_reg_0_0_i_27/O
                         net (fo=16, routed)          2.577    16.780    flash_bd_i/top_v1_axi_0/inst/u_core/u_ram_b/ADDRBWRADDR[7]
    RAMB36_X2Y22         RAMB36E1                                     r  flash_bd_i/top_v1_axi_0/inst/u_core/u_ram_b/mem_reg_1_0/ADDRBWRADDR[7]
  -------------------------------------------------------------------    -------------------

                         (clock clk_fpga_0 rise edge)
                                                     14.999    14.999 r  
    PS7_X0Y0             PS7                          0.000    14.999 r  flash_bd_i/processing_system7_0/inst/PS7_i/FCLKCLK[0]
                         net (fo=1, routed)           1.088    16.087    flash_bd_i/processing_system7_0/inst/FCLK_CLK_unbuffered[0]
    BUFGCTRL_X0Y16       BUFG (Prop_bufg_I_O)         0.091    16.178 r  flash_bd_i/processing_system7_0/inst/buffer_fclk_clk_0.FCLK_CLK_0_BUFG/O
                         net (fo=5231, routed)        1.693    17.871    flash_bd_i/top_v1_axi_0/inst/u_core/u_ram_b/aclk
    RAMB36_X2Y22         RAMB36E1                                     r  flash_bd_i/top_v1_axi_0/inst/u_core/u_ram_b/mem_reg_1_0/CLKBWRCLK
                         clock pessimism              0.115    17.986    
                         clock uncertainty           -0.228    17.758    
    RAMB36_X2Y22         RAMB36E1 (Setup_ramb36e1_CLKBWRCLK_ADDRBWRADDR[7])
                                                     -0.566    17.192    flash_bd_i/top_v1_axi_0/inst/u_core/u_ram_b/mem_reg_1_0
  -------------------------------------------------------------------
                         required time                         17.192    
                         arrival time                         -16.780    
  -------------------------------------------------------------------
                         slack                                  0.411    

Slack (MET) :             0.416ns  (required time - arrival time)
  Source:                 flash_bd_i/top_v1_axi_0/inst/u_core/u_conv/stride_r_reg[1]/C
                            (rising edge-triggered cell FDRE clocked by clk_fpga_0  {rise@0.000ns fall@7.499ns period=14.999ns})
  Destination:            flash_bd_i/top_v1_axi_0/inst/u_core/u_ram_a/mem_reg_2_4/ADDRBWRADDR[5]
                            (rising edge-triggered cell RAMB36E1 clocked by clk_fpga_0  {rise@0.000ns fall@7.499ns period=14.999ns})
  Path Group:             clk_fpga_0
  Path Type:              Setup (Max at Slow Process Corner)
  Requirement:            14.999ns  (clk_fpga_0 rise@14.999ns - clk_fpga_0 rise@0.000ns)
  Data Path Delay:        13.857ns  (logic 7.825ns (56.470%)  route 6.032ns (43.530%))
  Logic Levels:           11  (CARRY4=7 DSP48E1=1 LUT2=1 LUT4=1 LUT5=1)
  Clock Path Skew:        0.067ns (DCD - SCD + CPR)
    Destination Clock Delay (DCD):    2.799ns = ( 17.798 - 14.999 ) 
    Source Clock Delay      (SCD):    2.961ns
    Clock Pessimism Removal (CPR):    0.230ns
  Clock Uncertainty:      0.228ns  ((TSJ^2 + TIJ^2)^1/2 + DJ) / 2 + PE
    Total System Jitter     (TSJ):    0.071ns
    Total Input Jitter      (TIJ):    0.450ns
    Discrete Jitter          (DJ):    0.000ns
    Phase Error              (PE):    0.000ns

    Location             Delay type                Incr(ns)  Path(ns)    Netlist Resource(s)
  -------------------------------------------------------------------    -------------------
                         (clock clk_fpga_0 rise edge)
                                                      0.000     0.000 r  
    PS7_X0Y0             PS7                          0.000     0.000 r  flash_bd_i/processing_system7_0/inst/PS7_i/FCLKCLK[0]
                         net (fo=1, routed)           1.193     1.193    flash_bd_i/processing_system7_0/inst/FCLK_CLK_unbuffered[0]
    BUFGCTRL_X0Y16       BUFG (Prop_bufg_I_O)         0.101     1.294 r  flash_bd_i/processing_system7_0/inst/buffer_fclk_clk_0.FCLK_CLK_0_BUFG/O
                         net (fo=5231, routed)        1.667     2.961    flash_bd_i/top_v1_axi_0/inst/u_core/u_conv/aclk
    SLICE_X39Y39         FDRE                                         r  flash_bd_i/top_v1_axi_0/inst/u_core/u_conv/stride_r_reg[1]/C
  -------------------------------------------------------------------    -------------------
    SLICE_X39Y39         FDRE (Prop_fdre_C_Q)         0.456     3.417 r  flash_bd_i/top_v1_axi_0/inst/u_core/u_conv/stride_r_reg[1]/Q
                         net (fo=118, routed)         0.772     4.189    flash_bd_i/top_v1_axi_0/inst/u_core/u_conv/stride_r[1]
    SLICE_X39Y39         LUT4 (Prop_lut4_I2_O)        0.124     4.313 r  flash_bd_i/top_v1_axi_0/inst/u_core/u_conv/tag0_is_pad5_carry_i_6/O
                         net (fo=1, routed)           0.000     4.313    flash_bd_i/top_v1_axi_0/inst/u_core/u_conv/tag0_is_pad5_carry_i_6_n_0
    SLICE_X39Y39         CARRY4 (Prop_carry4_S[1]_CO[3])
                                                      0.550     4.863 r  flash_bd_i/top_v1_axi_0/inst/u_core/u_conv/tag0_is_pad5_carry/CO[3]
                         net (fo=1, routed)           0.000     4.863    flash_bd_i/top_v1_axi_0/inst/u_core/u_conv/tag0_is_pad5_carry_n_0
    SLICE_X39Y40         CARRY4 (Prop_carry4_CI_O[0])
                                                      0.222     5.085 r  flash_bd_i/top_v1_axi_0/inst/u_core/u_conv/tag0_is_pad5_carry__0/O[0]
                         net (fo=1, routed)           0.587     5.672    flash_bd_i/top_v1_axi_0/inst/u_core/u_conv/tag0_is_pad5_carry__0_n_7
    SLICE_X37Y40         CARRY4 (Prop_carry4_S[0]_CO[3])
                                                      0.831     6.503 r  flash_bd_i/top_v1_axi_0/inst/u_core/u_conv/fm_rd_addr0__0_i_23/CO[3]
                         net (fo=1, routed)           0.000     6.503    flash_bd_i/top_v1_axi_0/inst/u_core/u_conv/fm_rd_addr0__0_i_23_n_0
    SLICE_X37Y41         CARRY4 (Prop_carry4_CI_O[1])
                                                      0.334     6.837 r  flash_bd_i/top_v1_axi_0/inst/u_core/u_conv/fm_rd_addr0__0_i_22/O[1]
                         net (fo=1, routed)           0.594     7.431    flash_bd_i/top_v1_axi_0/inst/u_core/u_conv/PCOUT[9]
    SLICE_X36Y42         LUT2 (Prop_lut2_I1_O)        0.303     7.734 r  flash_bd_i/top_v1_axi_0/inst/u_core/u_conv/fm_rd_addr0__0_i_11/O
                         net (fo=1, routed)           0.000     7.734    flash_bd_i/top_v1_axi_0/inst/u_core/u_conv/fm_rd_addr0__0_i_11_n_0
    SLICE_X36Y42         CARRY4 (Prop_carry4_S[1]_CO[3])
                                                      0.533     8.267 r  flash_bd_i/top_v1_axi_0/inst/u_core/u_conv/fm_rd_addr0__0_i_3/CO[3]
                         net (fo=1, routed)           0.000     8.267    flash_bd_i/top_v1_axi_0/inst/u_core/u_conv/fm_rd_addr0__0_i_3_n_0
    SLICE_X36Y43         CARRY4 (Prop_carry4_CI_CO[3])
                                                      0.117     8.384 r  flash_bd_i/top_v1_axi_0/inst/u_core/u_conv/fm_rd_addr0__0_i_2/CO[3]
                         net (fo=1, routed)           0.000     8.384    flash_bd_i/top_v1_axi_0/inst/u_core/u_conv/fm_rd_addr0__0_i_2_n_0
    SLICE_X36Y44         CARRY4 (Prop_carry4_CI_O[0])
                                                      0.219     8.603 r  flash_bd_i/top_v1_axi_0/inst/u_core/u_conv/fm_rd_addr0__0_i_1/O[0]
                         net (fo=3, routed)           0.817     9.420    flash_bd_i/top_v1_axi_0/inst/u_core/u_conv/fm_rd_addr0__0_i_1_n_7
    DSP48_X2Y18          DSP48E1 (Prop_dsp48e1_A[16]_P[5])
                                                      4.012    13.432 r  flash_bd_i/top_v1_axi_0/inst/u_core/u_conv/fm_rd_addr0__0/P[5]
                         net (fo=4, routed)           1.009    14.441    flash_bd_i/top_v1_axi_0/inst/u_core/u_seq/mem_reg_0_0[5]
    SLICE_X40Y40         LUT5 (Prop_lut5_I3_O)        0.124    14.565 r  flash_bd_i/top_v1_axi_0/inst/u_core/u_seq/mem_reg_0_4_i_28/O
                         net (fo=16, routed)          2.253    16.818    flash_bd_i/top_v1_axi_0/inst/u_core/u_ram_a/mem_reg_2_5_0[5]
    RAMB36_X0Y2          RAMB36E1                                     r  flash_bd_i/top_v1_axi_0/inst/u_core/u_ram_a/mem_reg_2_4/ADDRBWRADDR[5]
  -------------------------------------------------------------------    -------------------

                         (clock clk_fpga_0 rise edge)
                                                     14.999    14.999 r  
    PS7_X0Y0             PS7                          0.000    14.999 r  flash_bd_i/processing_system7_0/inst/PS7_i/FCLKCLK[0]
                         net (fo=1, routed)           1.088    16.087    flash_bd_i/processing_system7_0/inst/FCLK_CLK_unbuffered[0]
    BUFGCTRL_X0Y16       BUFG (Prop_bufg_I_O)         0.091    16.178 r  flash_bd_i/processing_system7_0/inst/buffer_fclk_clk_0.FCLK_CLK_0_BUFG/O
                         net (fo=5231, routed)        1.620    17.798    flash_bd_i/top_v1_axi_0/inst/u_core/u_ram_a/aclk
    RAMB36_X0Y2          RAMB36E1                                     r  flash_bd_i/top_v1_axi_0/inst/u_core/u_ram_a/mem_reg_2_4/CLKBWRCLK
                         clock pessimism              0.230    18.027    
                         clock uncertainty           -0.228    17.800    
    RAMB36_X0Y2          RAMB36E1 (Setup_ramb36e1_CLKBWRCLK_ADDRBWRADDR[5])
                                                     -0.566    17.234    flash_bd_i/top_v1_axi_0/inst/u_core/u_ram_a/mem_reg_2_4
  -------------------------------------------------------------------
                         required time                         17.234    
                         arrival time                         -16.818    
  -------------------------------------------------------------------
                         slack                                  0.416    





Min Delay Paths
--------------------------------------------------------------------------------------
Slack (MET) :             0.025ns  (arrival time - required time)
  Source:                 flash_bd_i/axi_dma_0/U0/I_PRMRY_DATAMOVER/GEN_MM2S_FULL.I_MM2S_FULL_WRAPPER/ENABLE_AXIS_SKID.I_MM2S_SKID_BUF/sig_data_reg_out_reg[26]/C
                            (rising edge-triggered cell FDRE clocked by clk_fpga_0  {rise@0.000ns fall@7.499ns period=14.999ns})
  Destination:            flash_bd_i/top_v1_axi_0/inst/beat_reg[26]/D
                            (rising edge-triggered cell FDRE clocked by clk_fpga_0  {rise@0.000ns fall@7.499ns period=14.999ns})
  Path Group:             clk_fpga_0
  Path Type:              Hold (Min at Fast Process Corner)
  Requirement:            0.000ns  (clk_fpga_0 rise@0.000ns - clk_fpga_0 rise@0.000ns)
  Data Path Delay:        0.360ns  (logic 0.141ns (39.175%)  route 0.219ns (60.825%))
  Logic Levels:           0  
  Clock Path Skew:        0.283ns (DCD - SCD - CPR)
    Destination Clock Delay (DCD):    1.226ns
    Source Clock Delay      (SCD):    0.913ns
    Clock Pessimism Removal (CPR):    0.030ns

    Location             Delay type                Incr(ns)  Path(ns)    Netlist Resource(s)
  -------------------------------------------------------------------    -------------------
                         (clock clk_fpga_0 rise edge)
                                                      0.000     0.000 r  
    PS7_X0Y0             PS7                          0.000     0.000 r  flash_bd_i/processing_system7_0/inst/PS7_i/FCLKCLK[0]
                         net (fo=1, routed)           0.310     0.310    flash_bd_i/processing_system7_0/inst/FCLK_CLK_unbuffered[0]
    BUFGCTRL_X0Y16       BUFG (Prop_bufg_I_O)         0.026     0.336 r  flash_bd_i/processing_system7_0/inst/buffer_fclk_clk_0.FCLK_CLK_0_BUFG/O
                         net (fo=5231, routed)        0.577     0.913    flash_bd_i/axi_dma_0/U0/I_PRMRY_DATAMOVER/GEN_MM2S_FULL.I_MM2S_FULL_WRAPPER/ENABLE_AXIS_SKID.I_MM2S_SKID_BUF/m_axi_mm2s_aclk
    SLICE_X31Y52         FDRE                                         r  flash_bd_i/axi_dma_0/U0/I_PRMRY_DATAMOVER/GEN_MM2S_FULL.I_MM2S_FULL_WRAPPER/ENABLE_AXIS_SKID.I_MM2S_SKID_BUF/sig_data_reg_out_reg[26]/C
  -------------------------------------------------------------------    -------------------
    SLICE_X31Y52         FDRE (Prop_fdre_C_Q)         0.141     1.054 r  flash_bd_i/axi_dma_0/U0/I_PRMRY_DATAMOVER/GEN_MM2S_FULL.I_MM2S_FULL_WRAPPER/ENABLE_AXIS_SKID.I_MM2S_SKID_BUF/sig_data_reg_out_reg[26]/Q
                         net (fo=1, routed)           0.219     1.273    flash_bd_i/top_v1_axi_0/inst/s_axis_tdata[26]
    SLICE_X26Y49         FDRE                                         r  flash_bd_i/top_v1_axi_0/inst/beat_reg[26]/D
  -------------------------------------------------------------------    -------------------

                         (clock clk_fpga_0 rise edge)
                                                      0.000     0.000 r  
    PS7_X0Y0             PS7                          0.000     0.000 r  flash_bd_i/processing_system7_0/inst/PS7_i/FCLKCLK[0]
                         net (fo=1, routed)           0.337     0.337    flash_bd_i/processing_system7_0/inst/FCLK_CLK_unbuffered[0]
    BUFGCTRL_X0Y16       BUFG (Prop_bufg_I_O)         0.029     0.366 r  flash_bd_i/processing_system7_0/inst/buffer_fclk_clk_0.FCLK_CLK_0_BUFG/O
                         net (fo=5231, routed)        0.860     1.226    flash_bd_i/top_v1_axi_0/inst/aclk
    SLICE_X26Y49         FDRE                                         r  flash_bd_i/top_v1_axi_0/inst/beat_reg[26]/C
                         clock pessimism             -0.030     1.196    
    SLICE_X26Y49         FDRE (Hold_fdre_C_D)         0.052     1.248    flash_bd_i/top_v1_axi_0/inst/beat_reg[26]
  -------------------------------------------------------------------
                         required time                         -1.248    
                         arrival time                           1.273    
  -------------------------------------------------------------------
                         slack                                  0.025    

Slack (MET) :             0.031ns  (arrival time - required time)
  Source:                 flash_bd_i/top_v1_axi_0/inst/u_core/u_fc/acc_comb[-1111111105]/C
                            (rising edge-triggered cell FDRE clocked by clk_fpga_0  {rise@0.000ns fall@7.499ns period=14.999ns})
  Destination:            flash_bd_i/top_v1_axi_0/inst/u_core/u_fc/acc_comb[-1111111105]__0/D
                            (rising edge-triggered cell FDRE clocked by clk_fpga_0  {rise@0.000ns fall@7.499ns period=14.999ns})
  Path Group:             clk_fpga_0
  Path Type:              Hold (Min at Fast Process Corner)
  Requirement:            0.000ns  (clk_fpga_0 rise@0.000ns - clk_fpga_0 rise@0.000ns)
  Data Path Delay:        0.308ns  (logic 0.148ns (48.121%)  route 0.160ns (51.879%))
  Logic Levels:           0  
  Clock Path Skew:        0.264ns (DCD - SCD - CPR)
    Destination Clock Delay (DCD):    1.180ns
    Source Clock Delay      (SCD):    0.881ns
    Clock Pessimism Removal (CPR):    0.035ns

    Location             Delay type                Incr(ns)  Path(ns)    Netlist Resource(s)
  -------------------------------------------------------------------    -------------------
                         (clock clk_fpga_0 rise edge)
                                                      0.000     0.000 r  
    PS7_X0Y0             PS7                          0.000     0.000 r  flash_bd_i/processing_system7_0/inst/PS7_i/FCLKCLK[0]
                         net (fo=1, routed)           0.310     0.310    flash_bd_i/processing_system7_0/inst/FCLK_CLK_unbuffered[0]
    BUFGCTRL_X0Y16       BUFG (Prop_bufg_I_O)         0.026     0.336 r  flash_bd_i/processing_system7_0/inst/buffer_fclk_clk_0.FCLK_CLK_0_BUFG/O
                         net (fo=5231, routed)        0.545     0.881    flash_bd_i/top_v1_axi_0/inst/u_core/u_fc/aclk
    SLICE_X50Y68         FDRE                                         r  flash_bd_i/top_v1_axi_0/inst/u_core/u_fc/acc_comb[-1111111105]/C
  -------------------------------------------------------------------    -------------------
    SLICE_X50Y68         FDRE (Prop_fdre_C_Q)         0.148     1.029 r  flash_bd_i/top_v1_axi_0/inst/u_core/u_fc/acc_comb[-1111111105]/Q
                         net (fo=1, routed)           0.160     1.188    flash_bd_i/top_v1_axi_0/inst/u_core/u_fc/acc_comb[-_n_0_1111111105]
    SLICE_X48Y69         FDRE                                         r  flash_bd_i/top_v1_axi_0/inst/u_core/u_fc/acc_comb[-1111111105]__0/D
  -------------------------------------------------------------------    -------------------

                         (clock clk_fpga_0 rise edge)
                                                      0.000     0.000 r  
    PS7_X0Y0             PS7                          0.000     0.000 r  flash_bd_i/processing_system7_0/inst/PS7_i/FCLKCLK[0]
                         net (fo=1, routed)           0.337     0.337    flash_bd_i/processing_system7_0/inst/FCLK_CLK_unbuffered[0]
    BUFGCTRL_X0Y16       BUFG (Prop_bufg_I_O)         0.029     0.366 r  flash_bd_i/processing_system7_0/inst/buffer_fclk_clk_0.FCLK_CLK_0_BUFG/O
                         net (fo=5231, routed)        0.814     1.180    flash_bd_i/top_v1_axi_0/inst/u_core/u_fc/aclk
    SLICE_X48Y69         FDRE                                         r  flash_bd_i/top_v1_axi_0/inst/u_core/u_fc/acc_comb[-1111111105]__0/C
                         clock pessimism             -0.035     1.145    
    SLICE_X48Y69         FDRE (Hold_fdre_C_D)         0.012     1.157    flash_bd_i/top_v1_axi_0/inst/u_core/u_fc/acc_comb[-1111111105]__0
  -------------------------------------------------------------------
                         required time                         -1.157    
                         arrival time                           1.188    
  -------------------------------------------------------------------
                         slack                                  0.031    

Slack (MET) :             0.042ns  (arrival time - required time)
  Source:                 flash_bd_i/axi_gpio_led/U0/ip2bus_data_i_D1_reg[29]/C
                            (rising edge-triggered cell FDRE clocked by clk_fpga_0  {rise@0.000ns fall@7.499ns period=14.999ns})
  Destination:            flash_bd_i/axi_gpio_led/U0/AXI_LITE_IPIF_I/I_SLAVE_ATTACHMENT/s_axi_rdata_i_reg[2]/D
                            (rising edge-triggered cell FDRE clocked by clk_fpga_0  {rise@0.000ns fall@7.499ns period=14.999ns})
  Path Group:             clk_fpga_0
  Path Type:              Hold (Min at Fast Process Corner)
  Requirement:            0.000ns  (clk_fpga_0 rise@0.000ns - clk_fpga_0 rise@0.000ns)
  Data Path Delay:        0.379ns  (logic 0.164ns (43.311%)  route 0.215ns (56.689%))
  Logic Levels:           0  
  Clock Path Skew:        0.266ns (DCD - SCD - CPR)
    Destination Clock Delay (DCD):    1.189ns
    Source Clock Delay      (SCD):    0.888ns
    Clock Pessimism Removal (CPR):    0.035ns

    Location             Delay type                Incr(ns)  Path(ns)    Netlist Resource(s)
  -------------------------------------------------------------------    -------------------
                         (clock clk_fpga_0 rise edge)
                                                      0.000     0.000 r  
    PS7_X0Y0             PS7                          0.000     0.000 r  flash_bd_i/processing_system7_0/inst/PS7_i/FCLKCLK[0]
                         net (fo=1, routed)           0.310     0.310    flash_bd_i/processing_system7_0/inst/FCLK_CLK_unbuffered[0]
    BUFGCTRL_X0Y16       BUFG (Prop_bufg_I_O)         0.026     0.336 r  flash_bd_i/processing_system7_0/inst/buffer_fclk_clk_0.FCLK_CLK_0_BUFG/O
                         net (fo=5231, routed)        0.552     0.888    flash_bd_i/axi_gpio_led/U0/s_axi_aclk
    SLICE_X50Y94         FDRE                                         r  flash_bd_i/axi_gpio_led/U0/ip2bus_data_i_D1_reg[29]/C
  -------------------------------------------------------------------    -------------------
    SLICE_X50Y94         FDRE (Prop_fdre_C_Q)         0.164     1.052 r  flash_bd_i/axi_gpio_led/U0/ip2bus_data_i_D1_reg[29]/Q
                         net (fo=1, routed)           0.215     1.266    flash_bd_i/axi_gpio_led/U0/AXI_LITE_IPIF_I/I_SLAVE_ATTACHMENT/s_axi_rdata_i_reg[5]_0[2]
    SLICE_X47Y92         FDRE                                         r  flash_bd_i/axi_gpio_led/U0/AXI_LITE_IPIF_I/I_SLAVE_ATTACHMENT/s_axi_rdata_i_reg[2]/D
  -------------------------------------------------------------------    -------------------

                         (clock clk_fpga_0 rise edge)
                                                      0.000     0.000 r  
    PS7_X0Y0             PS7                          0.000     0.000 r  flash_bd_i/processing_system7_0/inst/PS7_i/FCLKCLK[0]
                         net (fo=1, routed)           0.337     0.337    flash_bd_i/processing_system7_0/inst/FCLK_CLK_unbuffered[0]
    BUFGCTRL_X0Y16       BUFG (Prop_bufg_I_O)         0.029     0.366 r  flash_bd_i/processing_system7_0/inst/buffer_fclk_clk_0.FCLK_CLK_0_BUFG/O
                         net (fo=5231, routed)        0.823     1.189    flash_bd_i/axi_gpio_led/U0/AXI_LITE_IPIF_I/I_SLAVE_ATTACHMENT/s_axi_aclk
    SLICE_X47Y92         FDRE                                         r  flash_bd_i/axi_gpio_led/U0/AXI_LITE_IPIF_I/I_SLAVE_ATTACHMENT/s_axi_rdata_i_reg[2]/C
                         clock pessimism             -0.035     1.154    
    SLICE_X47Y92         FDRE (Hold_fdre_C_D)         0.070     1.224    flash_bd_i/axi_gpio_led/U0/AXI_LITE_IPIF_I/I_SLAVE_ATTACHMENT/s_axi_rdata_i_reg[2]
  -------------------------------------------------------------------
                         required time                         -1.224    
                         arrival time                           1.266    
  -------------------------------------------------------------------
                         slack                                  0.042    

Slack (MET) :             0.044ns  (arrival time - required time)
  Source:                 flash_bd_i/top_v1_axi_0/inst/u_core/u_fc/gap_d1_reg[4]/C
                            (rising edge-triggered cell FDRE clocked by clk_fpga_0  {rise@0.000ns fall@7.499ns period=14.999ns})
  Destination:            flash_bd_i/top_v1_axi_0/inst/u_core/u_fc/acc_comb[-1111111107]/D
                            (rising edge-triggered cell FDRE clocked by clk_fpga_0  {rise@0.000ns fall@7.499ns period=14.999ns})
  Path Group:             clk_fpga_0
  Path Type:              Hold (Min at Fast Process Corner)
  Requirement:            0.000ns  (clk_fpga_0 rise@0.000ns - clk_fpga_0 rise@0.000ns)
  Data Path Delay:        0.379ns  (logic 0.141ns (37.215%)  route 0.238ns (62.785%))
  Logic Levels:           0  
  Clock Path Skew:        0.265ns (DCD - SCD - CPR)
    Destination Clock Delay (DCD):    1.181ns
    Source Clock Delay      (SCD):    0.881ns
    Clock Pessimism Removal (CPR):    0.035ns

    Location             Delay type                Incr(ns)  Path(ns)    Netlist Resource(s)
  -------------------------------------------------------------------    -------------------
                         (clock clk_fpga_0 rise edge)
                                                      0.000     0.000 r  
    PS7_X0Y0             PS7                          0.000     0.000 r  flash_bd_i/processing_system7_0/inst/PS7_i/FCLKCLK[0]
                         net (fo=1, routed)           0.310     0.310    flash_bd_i/processing_system7_0/inst/FCLK_CLK_unbuffered[0]
    BUFGCTRL_X0Y16       BUFG (Prop_bufg_I_O)         0.026     0.336 r  flash_bd_i/processing_system7_0/inst/buffer_fclk_clk_0.FCLK_CLK_0_BUFG/O
                         net (fo=5231, routed)        0.545     0.881    flash_bd_i/top_v1_axi_0/inst/u_core/u_fc/aclk
    SLICE_X53Y68         FDRE                                         r  flash_bd_i/top_v1_axi_0/inst/u_core/u_fc/gap_d1_reg[4]/C
  -------------------------------------------------------------------    -------------------
    SLICE_X53Y68         FDRE (Prop_fdre_C_Q)         0.141     1.022 r  flash_bd_i/top_v1_axi_0/inst/u_core/u_fc/gap_d1_reg[4]/Q
                         net (fo=1, routed)           0.238     1.259    flash_bd_i/top_v1_axi_0/inst/u_core/u_fc/gap_d1[4]
    SLICE_X44Y68         FDRE                                         r  flash_bd_i/top_v1_axi_0/inst/u_core/u_fc/acc_comb[-1111111107]/D
  -------------------------------------------------------------------    -------------------

                         (clock clk_fpga_0 rise edge)
                                                      0.000     0.000 r  
    PS7_X0Y0             PS7                          0.000     0.000 r  flash_bd_i/processing_system7_0/inst/PS7_i/FCLKCLK[0]
                         net (fo=1, routed)           0.337     0.337    flash_bd_i/processing_system7_0/inst/FCLK_CLK_unbuffered[0]
    BUFGCTRL_X0Y16       BUFG (Prop_bufg_I_O)         0.029     0.366 r  flash_bd_i/processing_system7_0/inst/buffer_fclk_clk_0.FCLK_CLK_0_BUFG/O
                         net (fo=5231, routed)        0.815     1.181    flash_bd_i/top_v1_axi_0/inst/u_core/u_fc/aclk
    SLICE_X44Y68         FDRE                                         r  flash_bd_i/top_v1_axi_0/inst/u_core/u_fc/acc_comb[-1111111107]/C
                         clock pessimism             -0.035     1.146    
    SLICE_X44Y68         FDRE (Hold_fdre_C_D)         0.070     1.216    flash_bd_i/top_v1_axi_0/inst/u_core/u_fc/acc_comb[-1111111107]
  -------------------------------------------------------------------
                         required time                         -1.216    
                         arrival time                           1.259    
  -------------------------------------------------------------------
                         slack                                  0.044    

Slack (MET) :             0.045ns  (arrival time - required time)
  Source:                 flash_bd_i/ps7_0_axi_periph/xbar/inst/gen_sasd.crossbar_sasd_0/reg_slice_r/m_payload_i_reg[31]/C
                            (rising edge-triggered cell FDRE clocked by clk_fpga_0  {rise@0.000ns fall@7.499ns period=14.999ns})
  Destination:            flash_bd_i/ps7_0_axi_periph/s00_couplers/auto_pc/inst/gen_axilite.gen_b2s_conv.axilite_b2s/RD.r_channel_0/rd_data_fifo_0/memory_reg[31][28]_srl32/D
                            (rising edge-triggered cell SRLC32E clocked by clk_fpga_0  {rise@0.000ns fall@7.499ns period=14.999ns})
  Path Group:             clk_fpga_0
  Path Type:              Hold (Min at Fast Process Corner)
  Requirement:            0.000ns  (clk_fpga_0 rise@0.000ns - clk_fpga_0 rise@0.000ns)
  Data Path Delay:        0.260ns  (logic 0.141ns (54.185%)  route 0.119ns (45.815%))
  Logic Levels:           0  
  Clock Path Skew:        0.032ns (DCD - SCD - CPR)
    Destination Clock Delay (DCD):    1.204ns
    Source Clock Delay      (SCD):    0.908ns
    Clock Pessimism Removal (CPR):    0.264ns

    Location             Delay type                Incr(ns)  Path(ns)    Netlist Resource(s)
  -------------------------------------------------------------------    -------------------
                         (clock clk_fpga_0 rise edge)
                                                      0.000     0.000 r  
    PS7_X0Y0             PS7                          0.000     0.000 r  flash_bd_i/processing_system7_0/inst/PS7_i/FCLKCLK[0]
                         net (fo=1, routed)           0.310     0.310    flash_bd_i/processing_system7_0/inst/FCLK_CLK_unbuffered[0]
    BUFGCTRL_X0Y16       BUFG (Prop_bufg_I_O)         0.026     0.336 r  flash_bd_i/processing_system7_0/inst/buffer_fclk_clk_0.FCLK_CLK_0_BUFG/O
                         net (fo=5231, routed)        0.572     0.908    flash_bd_i/ps7_0_axi_periph/xbar/inst/gen_sasd.crossbar_sasd_0/reg_slice_r/aclk
    SLICE_X28Y85         FDRE                                         r  flash_bd_i/ps7_0_axi_periph/xbar/inst/gen_sasd.crossbar_sasd_0/reg_slice_r/m_payload_i_reg[31]/C
  -------------------------------------------------------------------    -------------------
    SLICE_X28Y85         FDRE (Prop_fdre_C_Q)         0.141     1.049 r  flash_bd_i/ps7_0_axi_periph/xbar/inst/gen_sasd.crossbar_sasd_0/reg_slice_r/m_payload_i_reg[31]/Q
                         net (fo=1, routed)           0.119     1.168    flash_bd_i/ps7_0_axi_periph/s00_couplers/auto_pc/inst/gen_axilite.gen_b2s_conv.axilite_b2s/RD.r_channel_0/rd_data_fifo_0/in[28]
    SLICE_X26Y85         SRLC32E                                      r  flash_bd_i/ps7_0_axi_periph/s00_couplers/auto_pc/inst/gen_axilite.gen_b2s_conv.axilite_b2s/RD.r_channel_0/rd_data_fifo_0/memory_reg[31][28]_srl32/D
  -------------------------------------------------------------------    -------------------

                         (clock clk_fpga_0 rise edge)
                                                      0.000     0.000 r  
    PS7_X0Y0             PS7                          0.000     0.000 r  flash_bd_i/processing_system7_0/inst/PS7_i/FCLKCLK[0]
                         net (fo=1, routed)           0.337     0.337    flash_bd_i/processing_system7_0/inst/FCLK_CLK_unbuffered[0]
    BUFGCTRL_X0Y16       BUFG (Prop_bufg_I_O)         0.029     0.366 r  flash_bd_i/processing_system7_0/inst/buffer_fclk_clk_0.FCLK_CLK_0_BUFG/O
                         net (fo=5231, routed)        0.838     1.204    flash_bd_i/ps7_0_axi_periph/s00_couplers/auto_pc/inst/gen_axilite.gen_b2s_conv.axilite_b2s/RD.r_channel_0/rd_data_fifo_0/aclk
    SLICE_X26Y85         SRLC32E                                      r  flash_bd_i/ps7_0_axi_periph/s00_couplers/auto_pc/inst/gen_axilite.gen_b2s_conv.axilite_b2s/RD.r_channel_0/rd_data_fifo_0/memory_reg[31][28]_srl32/CLK
                         clock pessimism             -0.264     0.940    
    SLICE_X26Y85         SRLC32E (Hold_srlc32e_CLK_D)
                                                      0.183     1.123    flash_bd_i/ps7_0_axi_periph/s00_couplers/auto_pc/inst/gen_axilite.gen_b2s_conv.axilite_b2s/RD.r_channel_0/rd_data_fifo_0/memory_reg[31][28]_srl32
  -------------------------------------------------------------------
                         required time                         -1.123    
                         arrival time                           1.168    
  -------------------------------------------------------------------
                         slack                                  0.045    

Slack (MET) :             0.046ns  (arrival time - required time)
  Source:                 flash_bd_i/ps7_0_axi_periph/s00_couplers/auto_pc/inst/gen_axilite.gen_b2s_conv.axilite_b2s/SI_REG/b.b_pipe/m_payload_i_reg[12]/C
                            (rising edge-triggered cell FDRE clocked by clk_fpga_0  {rise@0.000ns fall@7.499ns period=14.999ns})
  Destination:            flash_bd_i/processing_system7_0/inst/PS7_i/MAXIGP0BID[10]
                            (rising edge-triggered cell PS7 clocked by clk_fpga_0  {rise@0.000ns fall@7.499ns period=14.999ns})
  Path Group:             clk_fpga_0
  Path Type:              Hold (Min at Fast Process Corner)
  Requirement:            0.000ns  (clk_fpga_0 rise@0.000ns - clk_fpga_0 rise@0.000ns)
  Data Path Delay:        0.270ns  (logic 0.141ns (52.263%)  route 0.129ns (47.737%))
  Logic Levels:           0  
  Clock Path Skew:        0.224ns (DCD - SCD - CPR)
    Destination Clock Delay (DCD):    1.251ns
    Source Clock Delay      (SCD):    0.992ns
    Clock Pessimism Removal (CPR):    0.035ns

    Location             Delay type                Incr(ns)  Path(ns)    Netlist Resource(s)
  -------------------------------------------------------------------    -------------------
                         (clock clk_fpga_0 rise edge)
                                                      0.000     0.000 r  
    PS7_X0Y0             PS7                          0.000     0.000 r  flash_bd_i/processing_system7_0/inst/PS7_i/FCLKCLK[0]
                         net (fo=1, routed)           0.310     0.310    flash_bd_i/processing_system7_0/inst/FCLK_CLK_unbuffered[0]
    BUFGCTRL_X0Y16       BUFG (Prop_bufg_I_O)         0.026     0.336 r  flash_bd_i/processing_system7_0/inst/buffer_fclk_clk_0.FCLK_CLK_0_BUFG/O
                         net (fo=5231, routed)        0.656     0.992    flash_bd_i/ps7_0_axi_periph/s00_couplers/auto_pc/inst/gen_axilite.gen_b2s_conv.axilite_b2s/SI_REG/b.b_pipe/aclk
    SLICE_X27Y100        FDRE                                         r  flash_bd_i/ps7_0_axi_periph/s00_couplers/auto_pc/inst/gen_axilite.gen_b2s_conv.axilite_b2s/SI_REG/b.b_pipe/m_payload_i_reg[12]/C
  -------------------------------------------------------------------    -------------------
    SLICE_X27Y100        FDRE (Prop_fdre_C_Q)         0.141     1.133 r  flash_bd_i/ps7_0_axi_periph/s00_couplers/auto_pc/inst/gen_axilite.gen_b2s_conv.axilite_b2s/SI_REG/b.b_pipe/m_payload_i_reg[12]/Q
                         net (fo=1, routed)           0.129     1.262    flash_bd_i/processing_system7_0/inst/M_AXI_GP0_BID[10]
    PS7_X0Y0             PS7                                          r  flash_bd_i/processing_system7_0/inst/PS7_i/MAXIGP0BID[10]
  -------------------------------------------------------------------    -------------------

                         (clock clk_fpga_0 rise edge)
                                                      0.000     0.000 r  
    PS7_X0Y0             PS7                          0.000     0.000 r  flash_bd_i/processing_system7_0/inst/PS7_i/FCLKCLK[0]
                         net (fo=1, routed)           0.337     0.337    flash_bd_i/processing_system7_0/inst/FCLK_CLK_unbuffered[0]
    BUFGCTRL_X0Y16       BUFG (Prop_bufg_I_O)         0.029     0.366 r  flash_bd_i/processing_system7_0/inst/buffer_fclk_clk_0.FCLK_CLK_0_BUFG/O
                         net (fo=5231, routed)        0.885     1.251    flash_bd_i/processing_system7_0/inst/M_AXI_GP0_ACLK
    PS7_X0Y0             PS7                                          r  flash_bd_i/processing_system7_0/inst/PS7_i/MAXIGP0ACLK
                         clock pessimism             -0.035     1.216    
    PS7_X0Y0             PS7 (Hold_ps7_MAXIGP0ACLK_MAXIGP0BID[10])
                                                      0.000     1.216    flash_bd_i/processing_system7_0/inst/PS7_i
  -------------------------------------------------------------------
                         required time                         -1.216    
                         arrival time                           1.262    
  -------------------------------------------------------------------
                         slack                                  0.046    

Slack (MET) :             0.046ns  (arrival time - required time)
  Source:                 flash_bd_i/ps7_0_axi_periph/s00_couplers/auto_pc/inst/gen_axilite.gen_b2s_conv.axilite_b2s/SI_REG/b.b_pipe/m_payload_i_reg[10]/C
                            (rising edge-triggered cell FDRE clocked by clk_fpga_0  {rise@0.000ns fall@7.499ns period=14.999ns})
  Destination:            flash_bd_i/processing_system7_0/inst/PS7_i/MAXIGP0BID[8]
                            (rising edge-triggered cell PS7 clocked by clk_fpga_0  {rise@0.000ns fall@7.499ns period=14.999ns})
  Path Group:             clk_fpga_0
  Path Type:              Hold (Min at Fast Process Corner)
  Requirement:            0.000ns  (clk_fpga_0 rise@0.000ns - clk_fpga_0 rise@0.000ns)
  Data Path Delay:        0.270ns  (logic 0.141ns (52.263%)  route 0.129ns (47.737%))
  Logic Levels:           0  
  Clock Path Skew:        0.224ns (DCD - SCD - CPR)
    Destination Clock Delay (DCD):    1.251ns
    Source Clock Delay      (SCD):    0.992ns
    Clock Pessimism Removal (CPR):    0.035ns

    Location             Delay type                Incr(ns)  Path(ns)    Netlist Resource(s)
  -------------------------------------------------------------------    -------------------
                         (clock clk_fpga_0 rise edge)
                                                      0.000     0.000 r  
    PS7_X0Y0             PS7                          0.000     0.000 r  flash_bd_i/processing_system7_0/inst/PS7_i/FCLKCLK[0]
                         net (fo=1, routed)           0.310     0.310    flash_bd_i/processing_system7_0/inst/FCLK_CLK_unbuffered[0]
    BUFGCTRL_X0Y16       BUFG (Prop_bufg_I_O)         0.026     0.336 r  flash_bd_i/processing_system7_0/inst/buffer_fclk_clk_0.FCLK_CLK_0_BUFG/O
                         net (fo=5231, routed)        0.656     0.992    flash_bd_i/ps7_0_axi_periph/s00_couplers/auto_pc/inst/gen_axilite.gen_b2s_conv.axilite_b2s/SI_REG/b.b_pipe/aclk
    SLICE_X27Y100        FDRE                                         r  flash_bd_i/ps7_0_axi_periph/s00_couplers/auto_pc/inst/gen_axilite.gen_b2s_conv.axilite_b2s/SI_REG/b.b_pipe/m_payload_i_reg[10]/C
  -------------------------------------------------------------------    -------------------
    SLICE_X27Y100        FDRE (Prop_fdre_C_Q)         0.141     1.133 r  flash_bd_i/ps7_0_axi_periph/s00_couplers/auto_pc/inst/gen_axilite.gen_b2s_conv.axilite_b2s/SI_REG/b.b_pipe/m_payload_i_reg[10]/Q
                         net (fo=1, routed)           0.129     1.262    flash_bd_i/processing_system7_0/inst/M_AXI_GP0_BID[8]
    PS7_X0Y0             PS7                                          r  flash_bd_i/processing_system7_0/inst/PS7_i/MAXIGP0BID[8]
  -------------------------------------------------------------------    -------------------

                         (clock clk_fpga_0 rise edge)
                                                      0.000     0.000 r  
    PS7_X0Y0             PS7                          0.000     0.000 r  flash_bd_i/processing_system7_0/inst/PS7_i/FCLKCLK[0]
                         net (fo=1, routed)           0.337     0.337    flash_bd_i/processing_system7_0/inst/FCLK_CLK_unbuffered[0]
    BUFGCTRL_X0Y16       BUFG (Prop_bufg_I_O)         0.029     0.366 r  flash_bd_i/processing_system7_0/inst/buffer_fclk_clk_0.FCLK_CLK_0_BUFG/O
                         net (fo=5231, routed)        0.885     1.251    flash_bd_i/processing_system7_0/inst/M_AXI_GP0_ACLK
    PS7_X0Y0             PS7                                          r  flash_bd_i/processing_system7_0/inst/PS7_i/MAXIGP0ACLK
                         clock pessimism             -0.035     1.216    
    PS7_X0Y0             PS7 (Hold_ps7_MAXIGP0ACLK_MAXIGP0BID[8])
                                                      0.000     1.216    flash_bd_i/processing_system7_0/inst/PS7_i
  -------------------------------------------------------------------
                         required time                         -1.216    
                         arrival time                           1.262    
  -------------------------------------------------------------------
                         slack                                  0.046    

Slack (MET) :             0.052ns  (arrival time - required time)
  Source:                 flash_bd_i/top_v1_axi_0/inst/u_core/u_gap/shift_r_reg[3]_rep__4/C
                            (rising edge-triggered cell FDRE clocked by clk_fpga_0  {rise@0.000ns fall@7.499ns period=14.999ns})
  Destination:            flash_bd_i/top_v1_axi_0/inst/u_core/u_gap/gap_out_flat_reg[889]/D
                            (rising edge-triggered cell FDSE clocked by clk_fpga_0  {rise@0.000ns fall@7.499ns period=14.999ns})
  Path Group:             clk_fpga_0
  Path Type:              Hold (Min at Fast Process Corner)
  Requirement:            0.000ns  (clk_fpga_0 rise@0.000ns - clk_fpga_0 rise@0.000ns)
  Data Path Delay:        0.403ns  (logic 0.186ns (46.188%)  route 0.217ns (53.812%))
  Logic Levels:           1  (LUT6=1)
  Clock Path Skew:        0.259ns (DCD - SCD - CPR)
    Destination Clock Delay (DCD):    1.186ns
    Source Clock Delay      (SCD):    0.892ns
    Clock Pessimism Removal (CPR):    0.035ns

    Location             Delay type                Incr(ns)  Path(ns)    Netlist Resource(s)
  -------------------------------------------------------------------    -------------------
                         (clock clk_fpga_0 rise edge)
                                                      0.000     0.000 r  
    PS7_X0Y0             PS7                          0.000     0.000 r  flash_bd_i/processing_system7_0/inst/PS7_i/FCLKCLK[0]
                         net (fo=1, routed)           0.310     0.310    flash_bd_i/processing_system7_0/inst/FCLK_CLK_unbuffered[0]
    BUFGCTRL_X0Y16       BUFG (Prop_bufg_I_O)         0.026     0.336 r  flash_bd_i/processing_system7_0/inst/buffer_fclk_clk_0.FCLK_CLK_0_BUFG/O
                         net (fo=5231, routed)        0.556     0.892    flash_bd_i/top_v1_axi_0/inst/u_core/u_gap/aclk
    SLICE_X47Y54         FDRE                                         r  flash_bd_i/top_v1_axi_0/inst/u_core/u_gap/shift_r_reg[3]_rep__4/C
  -------------------------------------------------------------------    -------------------
    SLICE_X47Y54         FDRE (Prop_fdre_C_Q)         0.141     1.033 f  flash_bd_i/top_v1_axi_0/inst/u_core/u_gap/shift_r_reg[3]_rep__4/Q
                         net (fo=52, routed)          0.217     1.249    flash_bd_i/top_v1_axi_0/inst/u_core/u_gap/shift_r_reg[3]_rep__4_n_0
    SLICE_X53Y54         LUT6 (Prop_lut6_I1_O)        0.045     1.294 r  flash_bd_i/top_v1_axi_0/inst/u_core/u_gap/gap_out_flat[889]_i_3/O
                         net (fo=1, routed)           0.000     1.294    flash_bd_i/top_v1_axi_0/inst/u_core/u_gap/gap_out_flat[889]_i_3_n_0
    SLICE_X53Y54         FDSE                                         r  flash_bd_i/top_v1_axi_0/inst/u_core/u_gap/gap_out_flat_reg[889]/D
  -------------------------------------------------------------------    -------------------

                         (clock clk_fpga_0 rise edge)
                                                      0.000     0.000 r  
    PS7_X0Y0             PS7                          0.000     0.000 r  flash_bd_i/processing_system7_0/inst/PS7_i/FCLKCLK[0]
                         net (fo=1, routed)           0.337     0.337    flash_bd_i/processing_system7_0/inst/FCLK_CLK_unbuffered[0]
    BUFGCTRL_X0Y16       BUFG (Prop_bufg_I_O)         0.029     0.366 r  flash_bd_i/processing_system7_0/inst/buffer_fclk_clk_0.FCLK_CLK_0_BUFG/O
                         net (fo=5231, routed)        0.820     1.186    flash_bd_i/top_v1_axi_0/inst/u_core/u_gap/aclk
    SLICE_X53Y54         FDSE                                         r  flash_bd_i/top_v1_axi_0/inst/u_core/u_gap/gap_out_flat_reg[889]/C
                         clock pessimism             -0.035     1.151    
    SLICE_X53Y54         FDSE (Hold_fdse_C_D)         0.091     1.242    flash_bd_i/top_v1_axi_0/inst/u_core/u_gap/gap_out_flat_reg[889]
  -------------------------------------------------------------------
                         required time                         -1.242    
                         arrival time                           1.294    
  -------------------------------------------------------------------
                         slack                                  0.052    

Slack (MET) :             0.055ns  (arrival time - required time)
  Source:                 flash_bd_i/top_v1_axi_0/inst/u_core/u_conv/fm_wr_addr_reg[2]__0_rep__30/C
                            (rising edge-triggered cell FDRE clocked by clk_fpga_0  {rise@0.000ns fall@7.499ns period=14.999ns})
  Destination:            flash_bd_i/top_v1_axi_0/inst/u_core/u_ram_b/mem_reg_3_7/ADDRARDADDR[2]
                            (rising edge-triggered cell RAMB36E1 clocked by clk_fpga_0  {rise@0.000ns fall@7.499ns period=14.999ns})
  Path Group:             clk_fpga_0
  Path Type:              Hold (Min at Fast Process Corner)
  Requirement:            0.000ns  (clk_fpga_0 rise@0.000ns - clk_fpga_0 rise@0.000ns)
  Data Path Delay:        0.297ns  (logic 0.141ns (47.454%)  route 0.156ns (52.546%))
  Logic Levels:           0  
  Clock Path Skew:        0.059ns (DCD - SCD - CPR)
    Destination Clock Delay (DCD):    1.259ns
    Source Clock Delay      (SCD):    0.918ns
    Clock Pessimism Removal (CPR):    0.282ns

    Location             Delay type                Incr(ns)  Path(ns)    Netlist Resource(s)
  -------------------------------------------------------------------    -------------------
                         (clock clk_fpga_0 rise edge)
                                                      0.000     0.000 r  
    PS7_X0Y0             PS7                          0.000     0.000 r  flash_bd_i/processing_system7_0/inst/PS7_i/FCLKCLK[0]
                         net (fo=1, routed)           0.310     0.310    flash_bd_i/processing_system7_0/inst/FCLK_CLK_unbuffered[0]
    BUFGCTRL_X0Y16       BUFG (Prop_bufg_I_O)         0.026     0.336 r  flash_bd_i/processing_system7_0/inst/buffer_fclk_clk_0.FCLK_CLK_0_BUFG/O
                         net (fo=5231, routed)        0.582     0.918    flash_bd_i/top_v1_axi_0/inst/u_core/u_conv/aclk
    SLICE_X23Y25         FDRE                                         r  flash_bd_i/top_v1_axi_0/inst/u_core/u_conv/fm_wr_addr_reg[2]__0_rep__30/C
  -------------------------------------------------------------------    -------------------
    SLICE_X23Y25         FDRE (Prop_fdre_C_Q)         0.141     1.059 r  flash_bd_i/top_v1_axi_0/inst/u_core/u_conv/fm_wr_addr_reg[2]__0_rep__30/Q
                         net (fo=1, routed)           0.156     1.215    flash_bd_i/top_v1_axi_0/inst/u_core/u_ram_b/mem_reg_3_7_2[2]
    RAMB36_X1Y5          RAMB36E1                                     r  flash_bd_i/top_v1_axi_0/inst/u_core/u_ram_b/mem_reg_3_7/ADDRARDADDR[2]
  -------------------------------------------------------------------    -------------------

                         (clock clk_fpga_0 rise edge)
                                                      0.000     0.000 r  
    PS7_X0Y0             PS7                          0.000     0.000 r  flash_bd_i/processing_system7_0/inst/PS7_i/FCLKCLK[0]
                         net (fo=1, routed)           0.337     0.337    flash_bd_i/processing_system7_0/inst/FCLK_CLK_unbuffered[0]
    BUFGCTRL_X0Y16       BUFG (Prop_bufg_I_O)         0.029     0.366 r  flash_bd_i/processing_system7_0/inst/buffer_fclk_clk_0.FCLK_CLK_0_BUFG/O
                         net (fo=5231, routed)        0.893     1.259    flash_bd_i/top_v1_axi_0/inst/u_core/u_ram_b/aclk
    RAMB36_X1Y5          RAMB36E1                                     r  flash_bd_i/top_v1_axi_0/inst/u_core/u_ram_b/mem_reg_3_7/CLKARDCLK
                         clock pessimism             -0.282     0.977    
    RAMB36_X1Y5          RAMB36E1 (Hold_ramb36e1_CLKARDCLK_ADDRARDADDR[2])
                                                      0.183     1.160    flash_bd_i/top_v1_axi_0/inst/u_core/u_ram_b/mem_reg_3_7
  -------------------------------------------------------------------
                         required time                         -1.160    
                         arrival time                           1.215    
  -------------------------------------------------------------------
                         slack                                  0.055    

Slack (MET) :             0.056ns  (arrival time - required time)
  Source:                 flash_bd_i/top_v1_axi_0/inst/u_core/u_conv/fm_wr_addr_reg[4]__0_rep__30/C
                            (rising edge-triggered cell FDRE clocked by clk_fpga_0  {rise@0.000ns fall@7.499ns period=14.999ns})
  Destination:            flash_bd_i/top_v1_axi_0/inst/u_core/u_ram_b/mem_reg_3_7/ADDRARDADDR[4]
                            (rising edge-triggered cell RAMB36E1 clocked by clk_fpga_0  {rise@0.000ns fall@7.499ns period=14.999ns})
  Path Group:             clk_fpga_0
  Path Type:              Hold (Min at Fast Process Corner)
  Requirement:            0.000ns  (clk_fpga_0 rise@0.000ns - clk_fpga_0 rise@0.000ns)
  Data Path Delay:        0.298ns  (logic 0.141ns (47.294%)  route 0.157ns (52.706%))
  Logic Levels:           0  
  Clock Path Skew:        0.059ns (DCD - SCD - CPR)
    Destination Clock Delay (DCD):    1.259ns
    Source Clock Delay      (SCD):    0.918ns
    Clock Pessimism Removal (CPR):    0.282ns

    Location             Delay type                Incr(ns)  Path(ns)    Netlist Resource(s)
  -------------------------------------------------------------------    -------------------
                         (clock clk_fpga_0 rise edge)
                                                      0.000     0.000 r  
    PS7_X0Y0             PS7                          0.000     0.000 r  flash_bd_i/processing_system7_0/inst/PS7_i/FCLKCLK[0]
                         net (fo=1, routed)           0.310     0.310    flash_bd_i/processing_system7_0/inst/FCLK_CLK_unbuffered[0]
    BUFGCTRL_X0Y16       BUFG (Prop_bufg_I_O)         0.026     0.336 r  flash_bd_i/processing_system7_0/inst/buffer_fclk_clk_0.FCLK_CLK_0_BUFG/O
                         net (fo=5231, routed)        0.582     0.918    flash_bd_i/top_v1_axi_0/inst/u_core/u_conv/aclk
    SLICE_X23Y25         FDRE                                         r  flash_bd_i/top_v1_axi_0/inst/u_core/u_conv/fm_wr_addr_reg[4]__0_rep__30/C
  -------------------------------------------------------------------    -------------------
    SLICE_X23Y25         FDRE (Prop_fdre_C_Q)         0.141     1.059 r  flash_bd_i/top_v1_axi_0/inst/u_core/u_conv/fm_wr_addr_reg[4]__0_rep__30/Q
                         net (fo=1, routed)           0.157     1.216    flash_bd_i/top_v1_axi_0/inst/u_core/u_ram_b/mem_reg_3_7_2[4]
    RAMB36_X1Y5          RAMB36E1                                     r  flash_bd_i/top_v1_axi_0/inst/u_core/u_ram_b/mem_reg_3_7/ADDRARDADDR[4]
  -------------------------------------------------------------------    -------------------

                         (clock clk_fpga_0 rise edge)
                                                      0.000     0.000 r  
    PS7_X0Y0             PS7                          0.000     0.000 r  flash_bd_i/processing_system7_0/inst/PS7_i/FCLKCLK[0]
                         net (fo=1, routed)           0.337     0.337    flash_bd_i/processing_system7_0/inst/FCLK_CLK_unbuffered[0]
    BUFGCTRL_X0Y16       BUFG (Prop_bufg_I_O)         0.029     0.366 r  flash_bd_i/processing_system7_0/inst/buffer_fclk_clk_0.FCLK_CLK_0_BUFG/O
                         net (fo=5231, routed)        0.893     1.259    flash_bd_i/top_v1_axi_0/inst/u_core/u_ram_b/aclk
    RAMB36_X1Y5          RAMB36E1                                     r  flash_bd_i/top_v1_axi_0/inst/u_core/u_ram_b/mem_reg_3_7/CLKARDCLK
                         clock pessimism             -0.282     0.977    
    RAMB36_X1Y5          RAMB36E1 (Hold_ramb36e1_CLKARDCLK_ADDRARDADDR[4])
                                                      0.183     1.160    flash_bd_i/top_v1_axi_0/inst/u_core/u_ram_b/mem_reg_3_7
  -------------------------------------------------------------------
                         required time                         -1.160    
                         arrival time                           1.216    
  -------------------------------------------------------------------
                         slack                                  0.056    





Pulse Width Checks
--------------------------------------------------------------------------------------
Clock Name:         clk_fpga_0
Waveform(ns):       { 0.000 7.499 }
Period(ns):         14.999
Sources:            { flash_bd_i/processing_system7_0/inst/PS7_i/FCLKCLK[0] }

Check Type        Corner  Lib Pin             Reference Pin  Required(ns)  Actual(ns)  Slack(ns)  Location      Pin
Min Period        n/a     RAMB36E1/CLKARDCLK  n/a            3.363         14.999      11.636     RAMB36_X2Y19  flash_bd_i/top_v1_axi_0/inst/u_core/u_ram_a/mem_reg_0_0/CLKARDCLK
Min Period        n/a     RAMB36E1/CLKARDCLK  n/a            3.363         14.999      11.636     RAMB36_X1Y8   flash_bd_i/top_v1_axi_0/inst/u_core/u_ram_a/mem_reg_0_1/CLKARDCLK
Min Period        n/a     RAMB36E1/CLKARDCLK  n/a            3.363         14.999      11.636     RAMB36_X3Y14  flash_bd_i/top_v1_axi_0/inst/u_core/u_ram_a/mem_reg_0_2/CLKARDCLK
Min Period        n/a     RAMB36E1/CLKARDCLK  n/a            3.363         14.999      11.636     RAMB36_X4Y9   flash_bd_i/top_v1_axi_0/inst/u_core/u_ram_a/mem_reg_0_3/CLKARDCLK
Min Period        n/a     RAMB36E1/CLKARDCLK  n/a            3.363         14.999      11.636     RAMB36_X4Y5   flash_bd_i/top_v1_axi_0/inst/u_core/u_ram_a/mem_reg_0_4/CLKARDCLK
Min Period        n/a     RAMB36E1/CLKARDCLK  n/a            3.363         14.999      11.636     RAMB36_X0Y6   flash_bd_i/top_v1_axi_0/inst/u_core/u_ram_a/mem_reg_0_5/CLKARDCLK
Min Period        n/a     RAMB36E1/CLKARDCLK  n/a            3.363         14.999      11.636     RAMB36_X2Y4   flash_bd_i/top_v1_axi_0/inst/u_core/u_ram_a/mem_reg_0_6/CLKARDCLK
Min Period        n/a     RAMB36E1/CLKARDCLK  n/a            3.363         14.999      11.636     RAMB36_X1Y2   flash_bd_i/top_v1_axi_0/inst/u_core/u_ram_a/mem_reg_0_7/CLKARDCLK
Min Period        n/a     RAMB36E1/CLKARDCLK  n/a            3.363         14.999      11.636     RAMB36_X2Y20  flash_bd_i/top_v1_axi_0/inst/u_core/u_ram_a/mem_reg_1_0/CLKARDCLK
Min Period        n/a     RAMB36E1/CLKARDCLK  n/a            3.363         14.999      11.636     RAMB36_X1Y9   flash_bd_i/top_v1_axi_0/inst/u_core/u_ram_a/mem_reg_1_1/CLKARDCLK
Low Pulse Width   Slow    RAMD32/CLK          n/a            1.250         7.499       6.249      SLICE_X16Y44  flash_bd_i/axi_mem_intercon/s00_couplers/auto_pc/inst/gen_axi4_axi3.axi3_conv_inst/USE_READ.USE_SPLIT_R.read_addr_inst/USE_R_CHANNEL.cmd_queue/inst/fifo_gen_inst/inst_fifo_gen/gconvfifo.rf/grf.rf/gntv_or_sync_fifo.mem/gdm.dm_gen.dm/RAM_reg_0_31_0_0/DP/CLK
Low Pulse Width   Fast    RAMD32/CLK          n/a            1.250         7.500       6.250      SLICE_X16Y44  flash_bd_i/axi_mem_intercon/s00_couplers/auto_pc/inst/gen_axi4_axi3.axi3_conv_inst/USE_READ.USE_SPLIT_R.read_addr_inst/USE_R_CHANNEL.cmd_queue/inst/fifo_gen_inst/inst_fifo_gen/gconvfifo.rf/grf.rf/gntv_or_sync_fifo.mem/gdm.dm_gen.dm/RAM_reg_0_31_0_0/DP/CLK
Low Pulse Width   Slow    RAMD32/CLK          n/a            1.250         7.499       6.249      SLICE_X16Y44  flash_bd_i/axi_mem_intercon/s00_couplers/auto_pc/inst/gen_axi4_axi3.axi3_conv_inst/USE_READ.USE_SPLIT_R.read_addr_inst/USE_R_CHANNEL.cmd_queue/inst/fifo_gen_inst/inst_fifo_gen/gconvfifo.rf/grf.rf/gntv_or_sync_fifo.mem/gdm.dm_gen.dm/RAM_reg_0_31_0_0/SP/CLK
Low Pulse Width   Fast    RAMD32/CLK          n/a            1.250         7.500       6.250      SLICE_X16Y44  flash_bd_i/axi_mem_intercon/s00_couplers/auto_pc/inst/gen_axi4_axi3.axi3_conv_inst/USE_READ.USE_SPLIT_R.read_addr_inst/USE_R_CHANNEL.cmd_queue/inst/fifo_gen_inst/inst_fifo_gen/gconvfifo.rf/grf.rf/gntv_or_sync_fifo.mem/gdm.dm_gen.dm/RAM_reg_0_31_0_0/SP/CLK
Low Pulse Width   Slow    SRL16E/CLK          n/a            0.980         7.499       6.519      SLICE_X34Y56  flash_bd_i/axi_dma_0/U0/I_PRMRY_DATAMOVER/GEN_MM2S_FULL.I_MM2S_FULL_WRAPPER/GEN_INCLUDE_MM2S_SF.I_RD_SF/OMIT_DRE_CNTL.I_DRE_CNTL_FIFO/USE_SRL_FIFO.I_SYNC_FIFO/I_SRL_FIFO_RBU_F/DYNSHREG_F_I/INFERRED_GEN.data_reg[3][0]_srl4/CLK
Low Pulse Width   Fast    SRL16E/CLK          n/a            0.980         7.500       6.520      SLICE_X34Y56  flash_bd_i/axi_dma_0/U0/I_PRMRY_DATAMOVER/GEN_MM2S_FULL.I_MM2S_FULL_WRAPPER/GEN_INCLUDE_MM2S_SF.I_RD_SF/OMIT_DRE_CNTL.I_DRE_CNTL_FIFO/USE_SRL_FIFO.I_SYNC_FIFO/I_SRL_FIFO_RBU_F/DYNSHREG_F_I/INFERRED_GEN.data_reg[3][0]_srl4/CLK
Low Pulse Width   Slow    SRL16E/CLK          n/a            0.980         7.499       6.519      SLICE_X26Y53  flash_bd_i/axi_dma_0/U0/I_PRMRY_DATAMOVER/GEN_MM2S_FULL.I_MM2S_FULL_WRAPPER/I_ADDR_CNTL/GEN_ADDR_FIFO.I_ADDR_QUAL_FIFO/USE_SRL_FIFO.I_SYNC_FIFO/I_SRL_FIFO_RBU_F/DYNSHREG_F_I/INFERRED_GEN.data_reg[3][11]_srl4/CLK
Low Pulse Width   Fast    SRL16E/CLK          n/a            0.980         7.499       6.519      SLICE_X26Y53  flash_bd_i/axi_dma_0/U0/I_PRMRY_DATAMOVER/GEN_MM2S_FULL.I_MM2S_FULL_WRAPPER/I_ADDR_CNTL/GEN_ADDR_FIFO.I_ADDR_QUAL_FIFO/USE_SRL_FIFO.I_SYNC_FIFO/I_SRL_FIFO_RBU_F/DYNSHREG_F_I/INFERRED_GEN.data_reg[3][11]_srl4/CLK
Low Pulse Width   Slow    SRL16E/CLK          n/a            0.980         7.499       6.519      SLICE_X26Y53  flash_bd_i/axi_dma_0/U0/I_PRMRY_DATAMOVER/GEN_MM2S_FULL.I_MM2S_FULL_WRAPPER/I_ADDR_CNTL/GEN_ADDR_FIFO.I_ADDR_QUAL_FIFO/USE_SRL_FIFO.I_SYNC_FIFO/I_SRL_FIFO_RBU_F/DYNSHREG_F_I/INFERRED_GEN.data_reg[3][13]_srl4/CLK
Low Pulse Width   Fast    SRL16E/CLK          n/a            0.980         7.499       6.519      SLICE_X26Y53  flash_bd_i/axi_dma_0/U0/I_PRMRY_DATAMOVER/GEN_MM2S_FULL.I_MM2S_FULL_WRAPPER/I_ADDR_CNTL/GEN_ADDR_FIFO.I_ADDR_QUAL_FIFO/USE_SRL_FIFO.I_SYNC_FIFO/I_SRL_FIFO_RBU_F/DYNSHREG_F_I/INFERRED_GEN.data_reg[3][13]_srl4/CLK
High Pulse Width  Slow    RAMD32/CLK          n/a            1.250         7.499       6.249      SLICE_X16Y44  flash_bd_i/axi_mem_intercon/s00_couplers/auto_pc/inst/gen_axi4_axi3.axi3_conv_inst/USE_READ.USE_SPLIT_R.read_addr_inst/USE_R_CHANNEL.cmd_queue/inst/fifo_gen_inst/inst_fifo_gen/gconvfifo.rf/grf.rf/gntv_or_sync_fifo.mem/gdm.dm_gen.dm/RAM_reg_0_31_0_0/DP/CLK
High Pulse Width  Fast    RAMD32/CLK          n/a            1.250         7.499       6.249      SLICE_X16Y44  flash_bd_i/axi_mem_intercon/s00_couplers/auto_pc/inst/gen_axi4_axi3.axi3_conv_inst/USE_READ.USE_SPLIT_R.read_addr_inst/USE_R_CHANNEL.cmd_queue/inst/fifo_gen_inst/inst_fifo_gen/gconvfifo.rf/grf.rf/gntv_or_sync_fifo.mem/gdm.dm_gen.dm/RAM_reg_0_31_0_0/DP/CLK
High Pulse Width  Slow    RAMD32/CLK          n/a            1.250         7.499       6.249      SLICE_X16Y44  flash_bd_i/axi_mem_intercon/s00_couplers/auto_pc/inst/gen_axi4_axi3.axi3_conv_inst/USE_READ.USE_SPLIT_R.read_addr_inst/USE_R_CHANNEL.cmd_queue/inst/fifo_gen_inst/inst_fifo_gen/gconvfifo.rf/grf.rf/gntv_or_sync_fifo.mem/gdm.dm_gen.dm/RAM_reg_0_31_0_0/SP/CLK
High Pulse Width  Fast    RAMD32/CLK          n/a            1.250         7.499       6.249      SLICE_X16Y44  flash_bd_i/axi_mem_intercon/s00_couplers/auto_pc/inst/gen_axi4_axi3.axi3_conv_inst/USE_READ.USE_SPLIT_R.read_addr_inst/USE_R_CHANNEL.cmd_queue/inst/fifo_gen_inst/inst_fifo_gen/gconvfifo.rf/grf.rf/gntv_or_sync_fifo.mem/gdm.dm_gen.dm/RAM_reg_0_31_0_0/SP/CLK
High Pulse Width  Slow    SRL16E/CLK          n/a            0.980         7.500       6.520      SLICE_X34Y56  flash_bd_i/axi_dma_0/U0/I_PRMRY_DATAMOVER/GEN_MM2S_FULL.I_MM2S_FULL_WRAPPER/GEN_INCLUDE_MM2S_SF.I_RD_SF/OMIT_DRE_CNTL.I_DRE_CNTL_FIFO/USE_SRL_FIFO.I_SYNC_FIFO/I_SRL_FIFO_RBU_F/DYNSHREG_F_I/INFERRED_GEN.data_reg[3][0]_srl4/CLK
High Pulse Width  Fast    SRL16E/CLK          n/a            0.980         7.499       6.519      SLICE_X34Y56  flash_bd_i/axi_dma_0/U0/I_PRMRY_DATAMOVER/GEN_MM2S_FULL.I_MM2S_FULL_WRAPPER/GEN_INCLUDE_MM2S_SF.I_RD_SF/OMIT_DRE_CNTL.I_DRE_CNTL_FIFO/USE_SRL_FIFO.I_SYNC_FIFO/I_SRL_FIFO_RBU_F/DYNSHREG_F_I/INFERRED_GEN.data_reg[3][0]_srl4/CLK
High Pulse Width  Slow    SRL16E/CLK          n/a            0.980         7.499       6.519      SLICE_X26Y53  flash_bd_i/axi_dma_0/U0/I_PRMRY_DATAMOVER/GEN_MM2S_FULL.I_MM2S_FULL_WRAPPER/I_ADDR_CNTL/GEN_ADDR_FIFO.I_ADDR_QUAL_FIFO/USE_SRL_FIFO.I_SYNC_FIFO/I_SRL_FIFO_RBU_F/DYNSHREG_F_I/INFERRED_GEN.data_reg[3][11]_srl4/CLK
High Pulse Width  Fast    SRL16E/CLK          n/a            0.980         7.499       6.519      SLICE_X26Y53  flash_bd_i/axi_dma_0/U0/I_PRMRY_DATAMOVER/GEN_MM2S_FULL.I_MM2S_FULL_WRAPPER/I_ADDR_CNTL/GEN_ADDR_FIFO.I_ADDR_QUAL_FIFO/USE_SRL_FIFO.I_SYNC_FIFO/I_SRL_FIFO_RBU_F/DYNSHREG_F_I/INFERRED_GEN.data_reg[3][11]_srl4/CLK
High Pulse Width  Slow    SRL16E/CLK          n/a            0.980         7.499       6.519      SLICE_X26Y53  flash_bd_i/axi_dma_0/U0/I_PRMRY_DATAMOVER/GEN_MM2S_FULL.I_MM2S_FULL_WRAPPER/I_ADDR_CNTL/GEN_ADDR_FIFO.I_ADDR_QUAL_FIFO/USE_SRL_FIFO.I_SYNC_FIFO/I_SRL_FIFO_RBU_F/DYNSHREG_F_I/INFERRED_GEN.data_reg[3][13]_srl4/CLK
High Pulse Width  Fast    SRL16E/CLK          n/a            0.980         7.499       6.519      SLICE_X26Y53  flash_bd_i/axi_dma_0/U0/I_PRMRY_DATAMOVER/GEN_MM2S_FULL.I_MM2S_FULL_WRAPPER/I_ADDR_CNTL/GEN_ADDR_FIFO.I_ADDR_QUAL_FIFO/USE_SRL_FIFO.I_SYNC_FIFO/I_SRL_FIFO_RBU_F/DYNSHREG_F_I/INFERRED_GEN.data_reg[3][13]_srl4/CLK



---------------------------------------------------------------------------------------------------
Path Group:  **async_default**
From Clock:  clk_fpga_0
  To Clock:  clk_fpga_0

Setup :            0  Failing Endpoints,  Worst Slack       11.495ns,  Total Violation        0.000ns
Hold  :            0  Failing Endpoints,  Worst Slack        0.612ns,  Total Violation        0.000ns
---------------------------------------------------------------------------------------------------


Max Delay Paths
--------------------------------------------------------------------------------------
Slack (MET) :             11.495ns  (required time - arrival time)
  Source:                 flash_bd_i/axi_mem_intercon/s00_couplers/auto_pc/inst/gen_axi4_axi3.axi3_conv_inst/USE_READ.USE_SPLIT_R.read_addr_inst/USE_R_CHANNEL.cmd_queue/inst/fifo_gen_inst/inst_fifo_gen/gconvfifo.rf/grf.rf/rstblk/ngwrdrst.grst.g7serrst.gnsckt_wrst.rst_wr_reg2_inst/arststages_ff_reg[1]/C
                            (rising edge-triggered cell FDPE clocked by clk_fpga_0  {rise@0.000ns fall@7.499ns period=14.999ns})
  Destination:            flash_bd_i/axi_mem_intercon/s00_couplers/auto_pc/inst/gen_axi4_axi3.axi3_conv_inst/USE_READ.USE_SPLIT_R.read_addr_inst/USE_R_CHANNEL.cmd_queue/inst/fifo_gen_inst/inst_fifo_gen/gconvfifo.rf/grf.rf/gntv_or_sync_fifo.gl0.rd/rpntr/gc0.count_d1_reg[2]/CLR
                            (recovery check against rising-edge clock clk_fpga_0  {rise@0.000ns fall@7.499ns period=14.999ns})
  Path Group:             **async_default**
  Path Type:              Recovery (Max at Slow Process Corner)
  Requirement:            14.999ns  (clk_fpga_0 rise@14.999ns - clk_fpga_0 rise@0.000ns)
  Data Path Delay:        2.812ns  (logic 0.718ns (25.530%)  route 2.094ns (74.470%))
  Logic Levels:           1  (LUT3=1)
  Clock Path Skew:        -0.059ns (DCD - SCD + CPR)
    Destination Clock Delay (DCD):    2.759ns = ( 17.758 - 14.999 ) 
    Source Clock Delay      (SCD):    3.048ns
    Clock Pessimism Removal (CPR):    0.230ns
  Clock Uncertainty:      0.228ns  ((TSJ^2 + TIJ^2)^1/2 + DJ) / 2 + PE
    Total System Jitter     (TSJ):    0.071ns
    Total Input Jitter      (TIJ):    0.450ns
    Discrete Jitter          (DJ):    0.000ns
    Phase Error              (PE):    0.000ns

    Location             Delay type                Incr(ns)  Path(ns)    Netlist Resource(s)
  -------------------------------------------------------------------    -------------------
                         (clock clk_fpga_0 rise edge)
                                                      0.000     0.000 r  
    PS7_X0Y0             PS7                          0.000     0.000 r  flash_bd_i/processing_system7_0/inst/PS7_i/FCLKCLK[0]
                         net (fo=1, routed)           1.193     1.193    flash_bd_i/processing_system7_0/inst/FCLK_CLK_unbuffered[0]
    BUFGCTRL_X0Y16       BUFG (Prop_bufg_I_O)         0.101     1.294 r  flash_bd_i/processing_system7_0/inst/buffer_fclk_clk_0.FCLK_CLK_0_BUFG/O
                         net (fo=5231, routed)        1.754     3.048    flash_bd_i/axi_mem_intercon/s00_couplers/auto_pc/inst/gen_axi4_axi3.axi3_conv_inst/USE_READ.USE_SPLIT_R.read_addr_inst/USE_R_CHANNEL.cmd_queue/inst/fifo_gen_inst/inst_fifo_gen/gconvfifo.rf/grf.rf/rstblk/ngwrdrst.grst.g7serrst.gnsckt_wrst.rst_wr_reg2_inst/dest_clk
    SLICE_X23Y47         FDPE                                         r  flash_bd_i/axi_mem_intercon/s00_couplers/auto_pc/inst/gen_axi4_axi3.axi3_conv_inst/USE_READ.USE_SPLIT_R.read_addr_inst/USE_R_CHANNEL.cmd_queue/inst/fifo_gen_inst/inst_fifo_gen/gconvfifo.rf/grf.rf/rstblk/ngwrdrst.grst.g7serrst.gnsckt_wrst.rst_wr_reg2_inst/arststages_ff_reg[1]/C
  -------------------------------------------------------------------    -------------------
    SLICE_X23Y47         FDPE (Prop_fdpe_C_Q)         0.419     3.467 f  flash_bd_i/axi_mem_intercon/s00_couplers/auto_pc/inst/gen_axi4_axi3.axi3_conv_inst/USE_READ.USE_SPLIT_R.read_addr_inst/USE_R_CHANNEL.cmd_queue/inst/fifo_gen_inst/inst_fifo_gen/gconvfifo.rf/grf.rf/rstblk/ngwrdrst.grst.g7serrst.gnsckt_wrst.rst_wr_reg2_inst/arststages_ff_reg[1]/Q
                         net (fo=2, routed)           0.828     4.295    flash_bd_i/axi_mem_intercon/s00_couplers/auto_pc/inst/gen_axi4_axi3.axi3_conv_inst/USE_READ.USE_SPLIT_R.read_addr_inst/USE_R_CHANNEL.cmd_queue/inst/fifo_gen_inst/inst_fifo_gen/gconvfifo.rf/grf.rf/rstblk/ngwrdrst.rst_wr_reg2
    SLICE_X21Y47         LUT3 (Prop_lut3_I2_O)        0.299     4.594 f  flash_bd_i/axi_mem_intercon/s00_couplers/auto_pc/inst/gen_axi4_axi3.axi3_conv_inst/USE_READ.USE_SPLIT_R.read_addr_inst/USE_R_CHANNEL.cmd_queue/inst/fifo_gen_inst/inst_fifo_gen/gconvfifo.rf/grf.rf/rstblk/gpregsm1.curr_fwft_state[1]_i_2/O
                         net (fo=33, routed)          1.266     5.860    flash_bd_i/axi_mem_intercon/s00_couplers/auto_pc/inst/gen_axi4_axi3.axi3_conv_inst/USE_READ.USE_SPLIT_R.read_addr_inst/USE_R_CHANNEL.cmd_queue/inst/fifo_gen_inst/inst_fifo_gen/gconvfifo.rf/grf.rf/gntv_or_sync_fifo.gl0.rd/rpntr/gc0.count_d1_reg[4]_1
    SLICE_X17Y44         FDCE                                         f  flash_bd_i/axi_mem_intercon/s00_couplers/auto_pc/inst/gen_axi4_axi3.axi3_conv_inst/USE_READ.USE_SPLIT_R.read_addr_inst/USE_R_CHANNEL.cmd_queue/inst/fifo_gen_inst/inst_fifo_gen/gconvfifo.rf/grf.rf/gntv_or_sync_fifo.gl0.rd/rpntr/gc0.count_d1_reg[2]/CLR
  -------------------------------------------------------------------    -------------------

                         (clock clk_fpga_0 rise edge)
                                                     14.999    14.999 r  
    PS7_X0Y0             PS7                          0.000    14.999 r  flash_bd_i/processing_system7_0/inst/PS7_i/FCLKCLK[0]
                         net (fo=1, routed)           1.088    16.087    flash_bd_i/processing_system7_0/inst/FCLK_CLK_unbuffered[0]
    BUFGCTRL_X0Y16       BUFG (Prop_bufg_I_O)         0.091    16.178 r  flash_bd_i/processing_system7_0/inst/buffer_fclk_clk_0.FCLK_CLK_0_BUFG/O
                         net (fo=5231, routed)        1.580    17.758    flash_bd_i/axi_mem_intercon/s00_couplers/auto_pc/inst/gen_axi4_axi3.axi3_conv_inst/USE_READ.USE_SPLIT_R.read_addr_inst/USE_R_CHANNEL.cmd_queue/inst/fifo_gen_inst/inst_fifo_gen/gconvfifo.rf/grf.rf/gntv_or_sync_fifo.gl0.rd/rpntr/clk
    SLICE_X17Y44         FDCE                                         r  flash_bd_i/axi_mem_intercon/s00_couplers/auto_pc/inst/gen_axi4_axi3.axi3_conv_inst/USE_READ.USE_SPLIT_R.read_addr_inst/USE_R_CHANNEL.cmd_queue/inst/fifo_gen_inst/inst_fifo_gen/gconvfifo.rf/grf.rf/gntv_or_sync_fifo.gl0.rd/rpntr/gc0.count_d1_reg[2]/C
                         clock pessimism              0.230    17.988    
                         clock uncertainty           -0.228    17.760    
    SLICE_X17Y44         FDCE (Recov_fdce_C_CLR)     -0.405    17.355    flash_bd_i/axi_mem_intercon/s00_couplers/auto_pc/inst/gen_axi4_axi3.axi3_conv_inst/USE_READ.USE_SPLIT_R.read_addr_inst/USE_R_CHANNEL.cmd_queue/inst/fifo_gen_inst/inst_fifo_gen/gconvfifo.rf/grf.rf/gntv_or_sync_fifo.gl0.rd/rpntr/gc0.count_d1_reg[2]
  -------------------------------------------------------------------
                         required time                         17.355    
                         arrival time                          -5.860    
  -------------------------------------------------------------------
                         slack                                 11.495    

Slack (MET) :             11.495ns  (required time - arrival time)
  Source:                 flash_bd_i/axi_mem_intercon/s00_couplers/auto_pc/inst/gen_axi4_axi3.axi3_conv_inst/USE_READ.USE_SPLIT_R.read_addr_inst/USE_R_CHANNEL.cmd_queue/inst/fifo_gen_inst/inst_fifo_gen/gconvfifo.rf/grf.rf/rstblk/ngwrdrst.grst.g7serrst.gnsckt_wrst.rst_wr_reg2_inst/arststages_ff_reg[1]/C
                            (rising edge-triggered cell FDPE clocked by clk_fpga_0  {rise@0.000ns fall@7.499ns period=14.999ns})
  Destination:            flash_bd_i/axi_mem_intercon/s00_couplers/auto_pc/inst/gen_axi4_axi3.axi3_conv_inst/USE_READ.USE_SPLIT_R.read_addr_inst/USE_R_CHANNEL.cmd_queue/inst/fifo_gen_inst/inst_fifo_gen/gconvfifo.rf/grf.rf/gntv_or_sync_fifo.gl0.rd/rpntr/gc0.count_d1_reg[3]/CLR
                            (recovery check against rising-edge clock clk_fpga_0  {rise@0.000ns fall@7.499ns period=14.999ns})
  Path Group:             **async_default**
  Path Type:              Recovery (Max at Slow Process Corner)
  Requirement:            14.999ns  (clk_fpga_0 rise@14.999ns - clk_fpga_0 rise@0.000ns)
  Data Path Delay:        2.812ns  (logic 0.718ns (25.530%)  route 2.094ns (74.470%))
  Logic Levels:           1  (LUT3=1)
  Clock Path Skew:        -0.059ns (DCD - SCD + CPR)
    Destination Clock Delay (DCD):    2.759ns = ( 17.758 - 14.999 ) 
    Source Clock Delay      (SCD):    3.048ns
    Clock Pessimism Removal (CPR):    0.230ns
  Clock Uncertainty:      0.228ns  ((TSJ^2 + TIJ^2)^1/2 + DJ) / 2 + PE
    Total System Jitter     (TSJ):    0.071ns
    Total Input Jitter      (TIJ):    0.450ns
    Discrete Jitter          (DJ):    0.000ns
    Phase Error              (PE):    0.000ns

    Location             Delay type                Incr(ns)  Path(ns)    Netlist Resource(s)
  -------------------------------------------------------------------    -------------------
                         (clock clk_fpga_0 rise edge)
                                                      0.000     0.000 r  
    PS7_X0Y0             PS7                          0.000     0.000 r  flash_bd_i/processing_system7_0/inst/PS7_i/FCLKCLK[0]
                         net (fo=1, routed)           1.193     1.193    flash_bd_i/processing_system7_0/inst/FCLK_CLK_unbuffered[0]
    BUFGCTRL_X0Y16       BUFG (Prop_bufg_I_O)         0.101     1.294 r  flash_bd_i/processing_system7_0/inst/buffer_fclk_clk_0.FCLK_CLK_0_BUFG/O
                         net (fo=5231, routed)        1.754     3.048    flash_bd_i/axi_mem_intercon/s00_couplers/auto_pc/inst/gen_axi4_axi3.axi3_conv_inst/USE_READ.USE_SPLIT_R.read_addr_inst/USE_R_CHANNEL.cmd_queue/inst/fifo_gen_inst/inst_fifo_gen/gconvfifo.rf/grf.rf/rstblk/ngwrdrst.grst.g7serrst.gnsckt_wrst.rst_wr_reg2_inst/dest_clk
    SLICE_X23Y47         FDPE                                         r  flash_bd_i/axi_mem_intercon/s00_couplers/auto_pc/inst/gen_axi4_axi3.axi3_conv_inst/USE_READ.USE_SPLIT_R.read_addr_inst/USE_R_CHANNEL.cmd_queue/inst/fifo_gen_inst/inst_fifo_gen/gconvfifo.rf/grf.rf/rstblk/ngwrdrst.grst.g7serrst.gnsckt_wrst.rst_wr_reg2_inst/arststages_ff_reg[1]/C
  -------------------------------------------------------------------    -------------------
    SLICE_X23Y47         FDPE (Prop_fdpe_C_Q)         0.419     3.467 f  flash_bd_i/axi_mem_intercon/s00_couplers/auto_pc/inst/gen_axi4_axi3.axi3_conv_inst/USE_READ.USE_SPLIT_R.read_addr_inst/USE_R_CHANNEL.cmd_queue/inst/fifo_gen_inst/inst_fifo_gen/gconvfifo.rf/grf.rf/rstblk/ngwrdrst.grst.g7serrst.gnsckt_wrst.rst_wr_reg2_inst/arststages_ff_reg[1]/Q
                         net (fo=2, routed)           0.828     4.295    flash_bd_i/axi_mem_intercon/s00_couplers/auto_pc/inst/gen_axi4_axi3.axi3_conv_inst/USE_READ.USE_SPLIT_R.read_addr_inst/USE_R_CHANNEL.cmd_queue/inst/fifo_gen_inst/inst_fifo_gen/gconvfifo.rf/grf.rf/rstblk/ngwrdrst.rst_wr_reg2
    SLICE_X21Y47         LUT3 (Prop_lut3_I2_O)        0.299     4.594 f  flash_bd_i/axi_mem_intercon/s00_couplers/auto_pc/inst/gen_axi4_axi3.axi3_conv_inst/USE_READ.USE_SPLIT_R.read_addr_inst/USE_R_CHANNEL.cmd_queue/inst/fifo_gen_inst/inst_fifo_gen/gconvfifo.rf/grf.rf/rstblk/gpregsm1.curr_fwft_state[1]_i_2/O
                         net (fo=33, routed)          1.266     5.860    flash_bd_i/axi_mem_intercon/s00_couplers/auto_pc/inst/gen_axi4_axi3.axi3_conv_inst/USE_READ.USE_SPLIT_R.read_addr_inst/USE_R_CHANNEL.cmd_queue/inst/fifo_gen_inst/inst_fifo_gen/gconvfifo.rf/grf.rf/gntv_or_sync_fifo.gl0.rd/rpntr/gc0.count_d1_reg[4]_1
    SLICE_X17Y44         FDCE                                         f  flash_bd_i/axi_mem_intercon/s00_couplers/auto_pc/inst/gen_axi4_axi3.axi3_conv_inst/USE_READ.USE_SPLIT_R.read_addr_inst/USE_R_CHANNEL.cmd_queue/inst/fifo_gen_inst/inst_fifo_gen/gconvfifo.rf/grf.rf/gntv_or_sync_fifo.gl0.rd/rpntr/gc0.count_d1_reg[3]/CLR
  -------------------------------------------------------------------    -------------------

                         (clock clk_fpga_0 rise edge)
                                                     14.999    14.999 r  
    PS7_X0Y0             PS7                          0.000    14.999 r  flash_bd_i/processing_system7_0/inst/PS7_i/FCLKCLK[0]
                         net (fo=1, routed)           1.088    16.087    flash_bd_i/processing_system7_0/inst/FCLK_CLK_unbuffered[0]
    BUFGCTRL_X0Y16       BUFG (Prop_bufg_I_O)         0.091    16.178 r  flash_bd_i/processing_system7_0/inst/buffer_fclk_clk_0.FCLK_CLK_0_BUFG/O
                         net (fo=5231, routed)        1.580    17.758    flash_bd_i/axi_mem_intercon/s00_couplers/auto_pc/inst/gen_axi4_axi3.axi3_conv_inst/USE_READ.USE_SPLIT_R.read_addr_inst/USE_R_CHANNEL.cmd_queue/inst/fifo_gen_inst/inst_fifo_gen/gconvfifo.rf/grf.rf/gntv_or_sync_fifo.gl0.rd/rpntr/clk
    SLICE_X17Y44         FDCE                                         r  flash_bd_i/axi_mem_intercon/s00_couplers/auto_pc/inst/gen_axi4_axi3.axi3_conv_inst/USE_READ.USE_SPLIT_R.read_addr_inst/USE_R_CHANNEL.cmd_queue/inst/fifo_gen_inst/inst_fifo_gen/gconvfifo.rf/grf.rf/gntv_or_sync_fifo.gl0.rd/rpntr/gc0.count_d1_reg[3]/C
                         clock pessimism              0.230    17.988    
                         clock uncertainty           -0.228    17.760    
    SLICE_X17Y44         FDCE (Recov_fdce_C_CLR)     -0.405    17.355    flash_bd_i/axi_mem_intercon/s00_couplers/auto_pc/inst/gen_axi4_axi3.axi3_conv_inst/USE_READ.USE_SPLIT_R.read_addr_inst/USE_R_CHANNEL.cmd_queue/inst/fifo_gen_inst/inst_fifo_gen/gconvfifo.rf/grf.rf/gntv_or_sync_fifo.gl0.rd/rpntr/gc0.count_d1_reg[3]
  -------------------------------------------------------------------
                         required time                         17.355    
                         arrival time                          -5.860    
  -------------------------------------------------------------------
                         slack                                 11.495    

Slack (MET) :             11.495ns  (required time - arrival time)
  Source:                 flash_bd_i/axi_mem_intercon/s00_couplers/auto_pc/inst/gen_axi4_axi3.axi3_conv_inst/USE_READ.USE_SPLIT_R.read_addr_inst/USE_R_CHANNEL.cmd_queue/inst/fifo_gen_inst/inst_fifo_gen/gconvfifo.rf/grf.rf/rstblk/ngwrdrst.grst.g7serrst.gnsckt_wrst.rst_wr_reg2_inst/arststages_ff_reg[1]/C
                            (rising edge-triggered cell FDPE clocked by clk_fpga_0  {rise@0.000ns fall@7.499ns period=14.999ns})
  Destination:            flash_bd_i/axi_mem_intercon/s00_couplers/auto_pc/inst/gen_axi4_axi3.axi3_conv_inst/USE_READ.USE_SPLIT_R.read_addr_inst/USE_R_CHANNEL.cmd_queue/inst/fifo_gen_inst/inst_fifo_gen/gconvfifo.rf/grf.rf/gntv_or_sync_fifo.gl0.rd/rpntr/gc0.count_d1_reg[4]/CLR
                            (recovery check against rising-edge clock clk_fpga_0  {rise@0.000ns fall@7.499ns period=14.999ns})
  Path Group:             **async_default**
  Path Type:              Recovery (Max at Slow Process Corner)
  Requirement:            14.999ns  (clk_fpga_0 rise@14.999ns - clk_fpga_0 rise@0.000ns)
  Data Path Delay:        2.812ns  (logic 0.718ns (25.530%)  route 2.094ns (74.470%))
  Logic Levels:           1  (LUT3=1)
  Clock Path Skew:        -0.059ns (DCD - SCD + CPR)
    Destination Clock Delay (DCD):    2.759ns = ( 17.758 - 14.999 ) 
    Source Clock Delay      (SCD):    3.048ns
    Clock Pessimism Removal (CPR):    0.230ns
  Clock Uncertainty:      0.228ns  ((TSJ^2 + TIJ^2)^1/2 + DJ) / 2 + PE
    Total System Jitter     (TSJ):    0.071ns
    Total Input Jitter      (TIJ):    0.450ns
    Discrete Jitter          (DJ):    0.000ns
    Phase Error              (PE):    0.000ns

    Location             Delay type                Incr(ns)  Path(ns)    Netlist Resource(s)
  -------------------------------------------------------------------    -------------------
                         (clock clk_fpga_0 rise edge)
                                                      0.000     0.000 r  
    PS7_X0Y0             PS7                          0.000     0.000 r  flash_bd_i/processing_system7_0/inst/PS7_i/FCLKCLK[0]
                         net (fo=1, routed)           1.193     1.193    flash_bd_i/processing_system7_0/inst/FCLK_CLK_unbuffered[0]
    BUFGCTRL_X0Y16       BUFG (Prop_bufg_I_O)         0.101     1.294 r  flash_bd_i/processing_system7_0/inst/buffer_fclk_clk_0.FCLK_CLK_0_BUFG/O
                         net (fo=5231, routed)        1.754     3.048    flash_bd_i/axi_mem_intercon/s00_couplers/auto_pc/inst/gen_axi4_axi3.axi3_conv_inst/USE_READ.USE_SPLIT_R.read_addr_inst/USE_R_CHANNEL.cmd_queue/inst/fifo_gen_inst/inst_fifo_gen/gconvfifo.rf/grf.rf/rstblk/ngwrdrst.grst.g7serrst.gnsckt_wrst.rst_wr_reg2_inst/dest_clk
    SLICE_X23Y47         FDPE                                         r  flash_bd_i/axi_mem_intercon/s00_couplers/auto_pc/inst/gen_axi4_axi3.axi3_conv_inst/USE_READ.USE_SPLIT_R.read_addr_inst/USE_R_CHANNEL.cmd_queue/inst/fifo_gen_inst/inst_fifo_gen/gconvfifo.rf/grf.rf/rstblk/ngwrdrst.grst.g7serrst.gnsckt_wrst.rst_wr_reg2_inst/arststages_ff_reg[1]/C
  -------------------------------------------------------------------    -------------------
    SLICE_X23Y47         FDPE (Prop_fdpe_C_Q)         0.419     3.467 f  flash_bd_i/axi_mem_intercon/s00_couplers/auto_pc/inst/gen_axi4_axi3.axi3_conv_inst/USE_READ.USE_SPLIT_R.read_addr_inst/USE_R_CHANNEL.cmd_queue/inst/fifo_gen_inst/inst_fifo_gen/gconvfifo.rf/grf.rf/rstblk/ngwrdrst.grst.g7serrst.gnsckt_wrst.rst_wr_reg2_inst/arststages_ff_reg[1]/Q
                         net (fo=2, routed)           0.828     4.295    flash_bd_i/axi_mem_intercon/s00_couplers/auto_pc/inst/gen_axi4_axi3.axi3_conv_inst/USE_READ.USE_SPLIT_R.read_addr_inst/USE_R_CHANNEL.cmd_queue/inst/fifo_gen_inst/inst_fifo_gen/gconvfifo.rf/grf.rf/rstblk/ngwrdrst.rst_wr_reg2
    SLICE_X21Y47         LUT3 (Prop_lut3_I2_O)        0.299     4.594 f  flash_bd_i/axi_mem_intercon/s00_couplers/auto_pc/inst/gen_axi4_axi3.axi3_conv_inst/USE_READ.USE_SPLIT_R.read_addr_inst/USE_R_CHANNEL.cmd_queue/inst/fifo_gen_inst/inst_fifo_gen/gconvfifo.rf/grf.rf/rstblk/gpregsm1.curr_fwft_state[1]_i_2/O
                         net (fo=33, routed)          1.266     5.860    flash_bd_i/axi_mem_intercon/s00_couplers/auto_pc/inst/gen_axi4_axi3.axi3_conv_inst/USE_READ.USE_SPLIT_R.read_addr_inst/USE_R_CHANNEL.cmd_queue/inst/fifo_gen_inst/inst_fifo_gen/gconvfifo.rf/grf.rf/gntv_or_sync_fifo.gl0.rd/rpntr/gc0.count_d1_reg[4]_1
    SLICE_X17Y44         FDCE                                         f  flash_bd_i/axi_mem_intercon/s00_couplers/auto_pc/inst/gen_axi4_axi3.axi3_conv_inst/USE_READ.USE_SPLIT_R.read_addr_inst/USE_R_CHANNEL.cmd_queue/inst/fifo_gen_inst/inst_fifo_gen/gconvfifo.rf/grf.rf/gntv_or_sync_fifo.gl0.rd/rpntr/gc0.count_d1_reg[4]/CLR
  -------------------------------------------------------------------    -------------------

                         (clock clk_fpga_0 rise edge)
                                                     14.999    14.999 r  
    PS7_X0Y0             PS7                          0.000    14.999 r  flash_bd_i/processing_system7_0/inst/PS7_i/FCLKCLK[0]
                         net (fo=1, routed)           1.088    16.087    flash_bd_i/processing_system7_0/inst/FCLK_CLK_unbuffered[0]
    BUFGCTRL_X0Y16       BUFG (Prop_bufg_I_O)         0.091    16.178 r  flash_bd_i/processing_system7_0/inst/buffer_fclk_clk_0.FCLK_CLK_0_BUFG/O
                         net (fo=5231, routed)        1.580    17.758    flash_bd_i/axi_mem_intercon/s00_couplers/auto_pc/inst/gen_axi4_axi3.axi3_conv_inst/USE_READ.USE_SPLIT_R.read_addr_inst/USE_R_CHANNEL.cmd_queue/inst/fifo_gen_inst/inst_fifo_gen/gconvfifo.rf/grf.rf/gntv_or_sync_fifo.gl0.rd/rpntr/clk
    SLICE_X17Y44         FDCE                                         r  flash_bd_i/axi_mem_intercon/s00_couplers/auto_pc/inst/gen_axi4_axi3.axi3_conv_inst/USE_READ.USE_SPLIT_R.read_addr_inst/USE_R_CHANNEL.cmd_queue/inst/fifo_gen_inst/inst_fifo_gen/gconvfifo.rf/grf.rf/gntv_or_sync_fifo.gl0.rd/rpntr/gc0.count_d1_reg[4]/C
                         clock pessimism              0.230    17.988    
                         clock uncertainty           -0.228    17.760    
    SLICE_X17Y44         FDCE (Recov_fdce_C_CLR)     -0.405    17.355    flash_bd_i/axi_mem_intercon/s00_couplers/auto_pc/inst/gen_axi4_axi3.axi3_conv_inst/USE_READ.USE_SPLIT_R.read_addr_inst/USE_R_CHANNEL.cmd_queue/inst/fifo_gen_inst/inst_fifo_gen/gconvfifo.rf/grf.rf/gntv_or_sync_fifo.gl0.rd/rpntr/gc0.count_d1_reg[4]
  -------------------------------------------------------------------
                         required time                         17.355    
                         arrival time                          -5.860    
  -------------------------------------------------------------------
                         slack                                 11.495    

Slack (MET) :             11.495ns  (required time - arrival time)
  Source:                 flash_bd_i/axi_mem_intercon/s00_couplers/auto_pc/inst/gen_axi4_axi3.axi3_conv_inst/USE_READ.USE_SPLIT_R.read_addr_inst/USE_R_CHANNEL.cmd_queue/inst/fifo_gen_inst/inst_fifo_gen/gconvfifo.rf/grf.rf/rstblk/ngwrdrst.grst.g7serrst.gnsckt_wrst.rst_wr_reg2_inst/arststages_ff_reg[1]/C
                            (rising edge-triggered cell FDPE clocked by clk_fpga_0  {rise@0.000ns fall@7.499ns period=14.999ns})
  Destination:            flash_bd_i/axi_mem_intercon/s00_couplers/auto_pc/inst/gen_axi4_axi3.axi3_conv_inst/USE_READ.USE_SPLIT_R.read_addr_inst/USE_R_CHANNEL.cmd_queue/inst/fifo_gen_inst/inst_fifo_gen/gconvfifo.rf/grf.rf/gntv_or_sync_fifo.gl0.rd/rpntr/gc0.count_reg[3]/CLR
                            (recovery check against rising-edge clock clk_fpga_0  {rise@0.000ns fall@7.499ns period=14.999ns})
  Path Group:             **async_default**
  Path Type:              Recovery (Max at Slow Process Corner)
  Requirement:            14.999ns  (clk_fpga_0 rise@14.999ns - clk_fpga_0 rise@0.000ns)
  Data Path Delay:        2.812ns  (logic 0.718ns (25.530%)  route 2.094ns (74.470%))
  Logic Levels:           1  (LUT3=1)
  Clock Path Skew:        -0.059ns (DCD - SCD + CPR)
    Destination Clock Delay (DCD):    2.759ns = ( 17.758 - 14.999 ) 
    Source Clock Delay      (SCD):    3.048ns
    Clock Pessimism Removal (CPR):    0.230ns
  Clock Uncertainty:      0.228ns  ((TSJ^2 + TIJ^2)^1/2 + DJ) / 2 + PE
    Total System Jitter     (TSJ):    0.071ns
    Total Input Jitter      (TIJ):    0.450ns
    Discrete Jitter          (DJ):    0.000ns
    Phase Error              (PE):    0.000ns

    Location             Delay type                Incr(ns)  Path(ns)    Netlist Resource(s)
  -------------------------------------------------------------------    -------------------
                         (clock clk_fpga_0 rise edge)
                                                      0.000     0.000 r  
    PS7_X0Y0             PS7                          0.000     0.000 r  flash_bd_i/processing_system7_0/inst/PS7_i/FCLKCLK[0]
                         net (fo=1, routed)           1.193     1.193    flash_bd_i/processing_system7_0/inst/FCLK_CLK_unbuffered[0]
    BUFGCTRL_X0Y16       BUFG (Prop_bufg_I_O)         0.101     1.294 r  flash_bd_i/processing_system7_0/inst/buffer_fclk_clk_0.FCLK_CLK_0_BUFG/O
                         net (fo=5231, routed)        1.754     3.048    flash_bd_i/axi_mem_intercon/s00_couplers/auto_pc/inst/gen_axi4_axi3.axi3_conv_inst/USE_READ.USE_SPLIT_R.read_addr_inst/USE_R_CHANNEL.cmd_queue/inst/fifo_gen_inst/inst_fifo_gen/gconvfifo.rf/grf.rf/rstblk/ngwrdrst.grst.g7serrst.gnsckt_wrst.rst_wr_reg2_inst/dest_clk
    SLICE_X23Y47         FDPE                                         r  flash_bd_i/axi_mem_intercon/s00_couplers/auto_pc/inst/gen_axi4_axi3.axi3_conv_inst/USE_READ.USE_SPLIT_R.read_addr_inst/USE_R_CHANNEL.cmd_queue/inst/fifo_gen_inst/inst_fifo_gen/gconvfifo.rf/grf.rf/rstblk/ngwrdrst.grst.g7serrst.gnsckt_wrst.rst_wr_reg2_inst/arststages_ff_reg[1]/C
  -------------------------------------------------------------------    -------------------
    SLICE_X23Y47         FDPE (Prop_fdpe_C_Q)         0.419     3.467 f  flash_bd_i/axi_mem_intercon/s00_couplers/auto_pc/inst/gen_axi4_axi3.axi3_conv_inst/USE_READ.USE_SPLIT_R.read_addr_inst/USE_R_CHANNEL.cmd_queue/inst/fifo_gen_inst/inst_fifo_gen/gconvfifo.rf/grf.rf/rstblk/ngwrdrst.grst.g7serrst.gnsckt_wrst.rst_wr_reg2_inst/arststages_ff_reg[1]/Q
                         net (fo=2, routed)           0.828     4.295    flash_bd_i/axi_mem_intercon/s00_couplers/auto_pc/inst/gen_axi4_axi3.axi3_conv_inst/USE_READ.USE_SPLIT_R.read_addr_inst/USE_R_CHANNEL.cmd_queue/inst/fifo_gen_inst/inst_fifo_gen/gconvfifo.rf/grf.rf/rstblk/ngwrdrst.rst_wr_reg2
    SLICE_X21Y47         LUT3 (Prop_lut3_I2_O)        0.299     4.594 f  flash_bd_i/axi_mem_intercon/s00_couplers/auto_pc/inst/gen_axi4_axi3.axi3_conv_inst/USE_READ.USE_SPLIT_R.read_addr_inst/USE_R_CHANNEL.cmd_queue/inst/fifo_gen_inst/inst_fifo_gen/gconvfifo.rf/grf.rf/rstblk/gpregsm1.curr_fwft_state[1]_i_2/O
                         net (fo=33, routed)          1.266     5.860    flash_bd_i/axi_mem_intercon/s00_couplers/auto_pc/inst/gen_axi4_axi3.axi3_conv_inst/USE_READ.USE_SPLIT_R.read_addr_inst/USE_R_CHANNEL.cmd_queue/inst/fifo_gen_inst/inst_fifo_gen/gconvfifo.rf/grf.rf/gntv_or_sync_fifo.gl0.rd/rpntr/gc0.count_d1_reg[4]_1
    SLICE_X17Y44         FDCE                                         f  flash_bd_i/axi_mem_intercon/s00_couplers/auto_pc/inst/gen_axi4_axi3.axi3_conv_inst/USE_READ.USE_SPLIT_R.read_addr_inst/USE_R_CHANNEL.cmd_queue/inst/fifo_gen_inst/inst_fifo_gen/gconvfifo.rf/grf.rf/gntv_or_sync_fifo.gl0.rd/rpntr/gc0.count_reg[3]/CLR
  -------------------------------------------------------------------    -------------------

                         (clock clk_fpga_0 rise edge)
                                                     14.999    14.999 r  
    PS7_X0Y0             PS7                          0.000    14.999 r  flash_bd_i/processing_system7_0/inst/PS7_i/FCLKCLK[0]
                         net (fo=1, routed)           1.088    16.087    flash_bd_i/processing_system7_0/inst/FCLK_CLK_unbuffered[0]
    BUFGCTRL_X0Y16       BUFG (Prop_bufg_I_O)         0.091    16.178 r  flash_bd_i/processing_system7_0/inst/buffer_fclk_clk_0.FCLK_CLK_0_BUFG/O
                         net (fo=5231, routed)        1.580    17.758    flash_bd_i/axi_mem_intercon/s00_couplers/auto_pc/inst/gen_axi4_axi3.axi3_conv_inst/USE_READ.USE_SPLIT_R.read_addr_inst/USE_R_CHANNEL.cmd_queue/inst/fifo_gen_inst/inst_fifo_gen/gconvfifo.rf/grf.rf/gntv_or_sync_fifo.gl0.rd/rpntr/clk
    SLICE_X17Y44         FDCE                                         r  flash_bd_i/axi_mem_intercon/s00_couplers/auto_pc/inst/gen_axi4_axi3.axi3_conv_inst/USE_READ.USE_SPLIT_R.read_addr_inst/USE_R_CHANNEL.cmd_queue/inst/fifo_gen_inst/inst_fifo_gen/gconvfifo.rf/grf.rf/gntv_or_sync_fifo.gl0.rd/rpntr/gc0.count_reg[3]/C
                         clock pessimism              0.230    17.988    
                         clock uncertainty           -0.228    17.760    
    SLICE_X17Y44         FDCE (Recov_fdce_C_CLR)     -0.405    17.355    flash_bd_i/axi_mem_intercon/s00_couplers/auto_pc/inst/gen_axi4_axi3.axi3_conv_inst/USE_READ.USE_SPLIT_R.read_addr_inst/USE_R_CHANNEL.cmd_queue/inst/fifo_gen_inst/inst_fifo_gen/gconvfifo.rf/grf.rf/gntv_or_sync_fifo.gl0.rd/rpntr/gc0.count_reg[3]
  -------------------------------------------------------------------
                         required time                         17.355    
                         arrival time                          -5.860    
  -------------------------------------------------------------------
                         slack                                 11.495    

Slack (MET) :             11.495ns  (required time - arrival time)
  Source:                 flash_bd_i/axi_mem_intercon/s00_couplers/auto_pc/inst/gen_axi4_axi3.axi3_conv_inst/USE_READ.USE_SPLIT_R.read_addr_inst/USE_R_CHANNEL.cmd_queue/inst/fifo_gen_inst/inst_fifo_gen/gconvfifo.rf/grf.rf/rstblk/ngwrdrst.grst.g7serrst.gnsckt_wrst.rst_wr_reg2_inst/arststages_ff_reg[1]/C
                            (rising edge-triggered cell FDPE clocked by clk_fpga_0  {rise@0.000ns fall@7.499ns period=14.999ns})
  Destination:            flash_bd_i/axi_mem_intercon/s00_couplers/auto_pc/inst/gen_axi4_axi3.axi3_conv_inst/USE_READ.USE_SPLIT_R.read_addr_inst/USE_R_CHANNEL.cmd_queue/inst/fifo_gen_inst/inst_fifo_gen/gconvfifo.rf/grf.rf/gntv_or_sync_fifo.gl0.rd/rpntr/gc0.count_reg[4]/CLR
                            (recovery check against rising-edge clock clk_fpga_0  {rise@0.000ns fall@7.499ns period=14.999ns})
  Path Group:             **async_default**
  Path Type:              Recovery (Max at Slow Process Corner)
  Requirement:            14.999ns  (clk_fpga_0 rise@14.999ns - clk_fpga_0 rise@0.000ns)
  Data Path Delay:        2.812ns  (logic 0.718ns (25.530%)  route 2.094ns (74.470%))
  Logic Levels:           1  (LUT3=1)
  Clock Path Skew:        -0.059ns (DCD - SCD + CPR)
    Destination Clock Delay (DCD):    2.759ns = ( 17.758 - 14.999 ) 
    Source Clock Delay      (SCD):    3.048ns
    Clock Pessimism Removal (CPR):    0.230ns
  Clock Uncertainty:      0.228ns  ((TSJ^2 + TIJ^2)^1/2 + DJ) / 2 + PE
    Total System Jitter     (TSJ):    0.071ns
    Total Input Jitter      (TIJ):    0.450ns
    Discrete Jitter          (DJ):    0.000ns
    Phase Error              (PE):    0.000ns

    Location             Delay type                Incr(ns)  Path(ns)    Netlist Resource(s)
  -------------------------------------------------------------------    -------------------
                         (clock clk_fpga_0 rise edge)
                                                      0.000     0.000 r  
    PS7_X0Y0             PS7                          0.000     0.000 r  flash_bd_i/processing_system7_0/inst/PS7_i/FCLKCLK[0]
                         net (fo=1, routed)           1.193     1.193    flash_bd_i/processing_system7_0/inst/FCLK_CLK_unbuffered[0]
    BUFGCTRL_X0Y16       BUFG (Prop_bufg_I_O)         0.101     1.294 r  flash_bd_i/processing_system7_0/inst/buffer_fclk_clk_0.FCLK_CLK_0_BUFG/O
                         net (fo=5231, routed)        1.754     3.048    flash_bd_i/axi_mem_intercon/s00_couplers/auto_pc/inst/gen_axi4_axi3.axi3_conv_inst/USE_READ.USE_SPLIT_R.read_addr_inst/USE_R_CHANNEL.cmd_queue/inst/fifo_gen_inst/inst_fifo_gen/gconvfifo.rf/grf.rf/rstblk/ngwrdrst.grst.g7serrst.gnsckt_wrst.rst_wr_reg2_inst/dest_clk
    SLICE_X23Y47         FDPE                                         r  flash_bd_i/axi_mem_intercon/s00_couplers/auto_pc/inst/gen_axi4_axi3.axi3_conv_inst/USE_READ.USE_SPLIT_R.read_addr_inst/USE_R_CHANNEL.cmd_queue/inst/fifo_gen_inst/inst_fifo_gen/gconvfifo.rf/grf.rf/rstblk/ngwrdrst.grst.g7serrst.gnsckt_wrst.rst_wr_reg2_inst/arststages_ff_reg[1]/C
  -------------------------------------------------------------------    -------------------
    SLICE_X23Y47         FDPE (Prop_fdpe_C_Q)         0.419     3.467 f  flash_bd_i/axi_mem_intercon/s00_couplers/auto_pc/inst/gen_axi4_axi3.axi3_conv_inst/USE_READ.USE_SPLIT_R.read_addr_inst/USE_R_CHANNEL.cmd_queue/inst/fifo_gen_inst/inst_fifo_gen/gconvfifo.rf/grf.rf/rstblk/ngwrdrst.grst.g7serrst.gnsckt_wrst.rst_wr_reg2_inst/arststages_ff_reg[1]/Q
                         net (fo=2, routed)           0.828     4.295    flash_bd_i/axi_mem_intercon/s00_couplers/auto_pc/inst/gen_axi4_axi3.axi3_conv_inst/USE_READ.USE_SPLIT_R.read_addr_inst/USE_R_CHANNEL.cmd_queue/inst/fifo_gen_inst/inst_fifo_gen/gconvfifo.rf/grf.rf/rstblk/ngwrdrst.rst_wr_reg2
    SLICE_X21Y47         LUT3 (Prop_lut3_I2_O)        0.299     4.594 f  flash_bd_i/axi_mem_intercon/s00_couplers/auto_pc/inst/gen_axi4_axi3.axi3_conv_inst/USE_READ.USE_SPLIT_R.read_addr_inst/USE_R_CHANNEL.cmd_queue/inst/fifo_gen_inst/inst_fifo_gen/gconvfifo.rf/grf.rf/rstblk/gpregsm1.curr_fwft_state[1]_i_2/O
                         net (fo=33, routed)          1.266     5.860    flash_bd_i/axi_mem_intercon/s00_couplers/auto_pc/inst/gen_axi4_axi3.axi3_conv_inst/USE_READ.USE_SPLIT_R.read_addr_inst/USE_R_CHANNEL.cmd_queue/inst/fifo_gen_inst/inst_fifo_gen/gconvfifo.rf/grf.rf/gntv_or_sync_fifo.gl0.rd/rpntr/gc0.count_d1_reg[4]_1
    SLICE_X17Y44         FDCE                                         f  flash_bd_i/axi_mem_intercon/s00_couplers/auto_pc/inst/gen_axi4_axi3.axi3_conv_inst/USE_READ.USE_SPLIT_R.read_addr_inst/USE_R_CHANNEL.cmd_queue/inst/fifo_gen_inst/inst_fifo_gen/gconvfifo.rf/grf.rf/gntv_or_sync_fifo.gl0.rd/rpntr/gc0.count_reg[4]/CLR
  -------------------------------------------------------------------    -------------------

                         (clock clk_fpga_0 rise edge)
                                                     14.999    14.999 r  
    PS7_X0Y0             PS7                          0.000    14.999 r  flash_bd_i/processing_system7_0/inst/PS7_i/FCLKCLK[0]
                         net (fo=1, routed)           1.088    16.087    flash_bd_i/processing_system7_0/inst/FCLK_CLK_unbuffered[0]
    BUFGCTRL_X0Y16       BUFG (Prop_bufg_I_O)         0.091    16.178 r  flash_bd_i/processing_system7_0/inst/buffer_fclk_clk_0.FCLK_CLK_0_BUFG/O
                         net (fo=5231, routed)        1.580    17.758    flash_bd_i/axi_mem_intercon/s00_couplers/auto_pc/inst/gen_axi4_axi3.axi3_conv_inst/USE_READ.USE_SPLIT_R.read_addr_inst/USE_R_CHANNEL.cmd_queue/inst/fifo_gen_inst/inst_fifo_gen/gconvfifo.rf/grf.rf/gntv_or_sync_fifo.gl0.rd/rpntr/clk
    SLICE_X17Y44         FDCE                                         r  flash_bd_i/axi_mem_intercon/s00_couplers/auto_pc/inst/gen_axi4_axi3.axi3_conv_inst/USE_READ.USE_SPLIT_R.read_addr_inst/USE_R_CHANNEL.cmd_queue/inst/fifo_gen_inst/inst_fifo_gen/gconvfifo.rf/grf.rf/gntv_or_sync_fifo.gl0.rd/rpntr/gc0.count_reg[4]/C
                         clock pessimism              0.230    17.988    
                         clock uncertainty           -0.228    17.760    
    SLICE_X17Y44         FDCE (Recov_fdce_C_CLR)     -0.405    17.355    flash_bd_i/axi_mem_intercon/s00_couplers/auto_pc/inst/gen_axi4_axi3.axi3_conv_inst/USE_READ.USE_SPLIT_R.read_addr_inst/USE_R_CHANNEL.cmd_queue/inst/fifo_gen_inst/inst_fifo_gen/gconvfifo.rf/grf.rf/gntv_or_sync_fifo.gl0.rd/rpntr/gc0.count_reg[4]
  -------------------------------------------------------------------
                         required time                         17.355    
                         arrival time                          -5.860    
  -------------------------------------------------------------------
                         slack                                 11.495    

Slack (MET) :             11.742ns  (required time - arrival time)
  Source:                 flash_bd_i/axi_mem_intercon/s00_couplers/auto_pc/inst/gen_axi4_axi3.axi3_conv_inst/USE_READ.USE_SPLIT_R.read_addr_inst/USE_R_CHANNEL.cmd_queue/inst/fifo_gen_inst/inst_fifo_gen/gconvfifo.rf/grf.rf/rstblk/ngwrdrst.grst.g7serrst.gnsckt_wrst.rst_wr_reg2_inst/arststages_ff_reg[1]/C
                            (rising edge-triggered cell FDPE clocked by clk_fpga_0  {rise@0.000ns fall@7.499ns period=14.999ns})
  Destination:            flash_bd_i/axi_mem_intercon/s00_couplers/auto_pc/inst/gen_axi4_axi3.axi3_conv_inst/USE_READ.USE_SPLIT_R.read_addr_inst/USE_R_CHANNEL.cmd_queue/inst/fifo_gen_inst/inst_fifo_gen/gconvfifo.rf/grf.rf/gntv_or_sync_fifo.gl0.rd/rpntr/gc0.count_d1_reg[0]/CLR
                            (recovery check against rising-edge clock clk_fpga_0  {rise@0.000ns fall@7.499ns period=14.999ns})
  Path Group:             **async_default**
  Path Type:              Recovery (Max at Slow Process Corner)
  Requirement:            14.999ns  (clk_fpga_0 rise@14.999ns - clk_fpga_0 rise@0.000ns)
  Data Path Delay:        2.565ns  (logic 0.718ns (27.992%)  route 1.847ns (72.008%))
  Logic Levels:           1  (LUT3=1)
  Clock Path Skew:        -0.059ns (DCD - SCD + CPR)
    Destination Clock Delay (DCD):    2.759ns = ( 17.758 - 14.999 ) 
    Source Clock Delay      (SCD):    3.048ns
    Clock Pessimism Removal (CPR):    0.230ns
  Clock Uncertainty:      0.228ns  ((TSJ^2 + TIJ^2)^1/2 + DJ) / 2 + PE
    Total System Jitter     (TSJ):    0.071ns
    Total Input Jitter      (TIJ):    0.450ns
    Discrete Jitter          (DJ):    0.000ns
    Phase Error              (PE):    0.000ns

    Location             Delay type                Incr(ns)  Path(ns)    Netlist Resource(s)
  -------------------------------------------------------------------    -------------------
                         (clock clk_fpga_0 rise edge)
                                                      0.000     0.000 r  
    PS7_X0Y0             PS7                          0.000     0.000 r  flash_bd_i/processing_system7_0/inst/PS7_i/FCLKCLK[0]
                         net (fo=1, routed)           1.193     1.193    flash_bd_i/processing_system7_0/inst/FCLK_CLK_unbuffered[0]
    BUFGCTRL_X0Y16       BUFG (Prop_bufg_I_O)         0.101     1.294 r  flash_bd_i/processing_system7_0/inst/buffer_fclk_clk_0.FCLK_CLK_0_BUFG/O
                         net (fo=5231, routed)        1.754     3.048    flash_bd_i/axi_mem_intercon/s00_couplers/auto_pc/inst/gen_axi4_axi3.axi3_conv_inst/USE_READ.USE_SPLIT_R.read_addr_inst/USE_R_CHANNEL.cmd_queue/inst/fifo_gen_inst/inst_fifo_gen/gconvfifo.rf/grf.rf/rstblk/ngwrdrst.grst.g7serrst.gnsckt_wrst.rst_wr_reg2_inst/dest_clk
    SLICE_X23Y47         FDPE                                         r  flash_bd_i/axi_mem_intercon/s00_couplers/auto_pc/inst/gen_axi4_axi3.axi3_conv_inst/USE_READ.USE_SPLIT_R.read_addr_inst/USE_R_CHANNEL.cmd_queue/inst/fifo_gen_inst/inst_fifo_gen/gconvfifo.rf/grf.rf/rstblk/ngwrdrst.grst.g7serrst.gnsckt_wrst.rst_wr_reg2_inst/arststages_ff_reg[1]/C
  -------------------------------------------------------------------    -------------------
    SLICE_X23Y47         FDPE (Prop_fdpe_C_Q)         0.419     3.467 f  flash_bd_i/axi_mem_intercon/s00_couplers/auto_pc/inst/gen_axi4_axi3.axi3_conv_inst/USE_READ.USE_SPLIT_R.read_addr_inst/USE_R_CHANNEL.cmd_queue/inst/fifo_gen_inst/inst_fifo_gen/gconvfifo.rf/grf.rf/rstblk/ngwrdrst.grst.g7serrst.gnsckt_wrst.rst_wr_reg2_inst/arststages_ff_reg[1]/Q
                         net (fo=2, routed)           0.828     4.295    flash_bd_i/axi_mem_intercon/s00_couplers/auto_pc/inst/gen_axi4_axi3.axi3_conv_inst/USE_READ.USE_SPLIT_R.read_addr_inst/USE_R_CHANNEL.cmd_queue/inst/fifo_gen_inst/inst_fifo_gen/gconvfifo.rf/grf.rf/rstblk/ngwrdrst.rst_wr_reg2
    SLICE_X21Y47         LUT3 (Prop_lut3_I2_O)        0.299     4.594 f  flash_bd_i/axi_mem_intercon/s00_couplers/auto_pc/inst/gen_axi4_axi3.axi3_conv_inst/USE_READ.USE_SPLIT_R.read_addr_inst/USE_R_CHANNEL.cmd_queue/inst/fifo_gen_inst/inst_fifo_gen/gconvfifo.rf/grf.rf/rstblk/gpregsm1.curr_fwft_state[1]_i_2/O
                         net (fo=33, routed)          1.019     5.613    flash_bd_i/axi_mem_intercon/s00_couplers/auto_pc/inst/gen_axi4_axi3.axi3_conv_inst/USE_READ.USE_SPLIT_R.read_addr_inst/USE_R_CHANNEL.cmd_queue/inst/fifo_gen_inst/inst_fifo_gen/gconvfifo.rf/grf.rf/gntv_or_sync_fifo.gl0.rd/rpntr/gc0.count_d1_reg[4]_1
    SLICE_X17Y46         FDCE                                         f  flash_bd_i/axi_mem_intercon/s00_couplers/auto_pc/inst/gen_axi4_axi3.axi3_conv_inst/USE_READ.USE_SPLIT_R.read_addr_inst/USE_R_CHANNEL.cmd_queue/inst/fifo_gen_inst/inst_fifo_gen/gconvfifo.rf/grf.rf/gntv_or_sync_fifo.gl0.rd/rpntr/gc0.count_d1_reg[0]/CLR
  -------------------------------------------------------------------    -------------------

                         (clock clk_fpga_0 rise edge)
                                                     14.999    14.999 r  
    PS7_X0Y0             PS7                          0.000    14.999 r  flash_bd_i/processing_system7_0/inst/PS7_i/FCLKCLK[0]
                         net (fo=1, routed)           1.088    16.087    flash_bd_i/processing_system7_0/inst/FCLK_CLK_unbuffered[0]
    BUFGCTRL_X0Y16       BUFG (Prop_bufg_I_O)         0.091    16.178 r  flash_bd_i/processing_system7_0/inst/buffer_fclk_clk_0.FCLK_CLK_0_BUFG/O
                         net (fo=5231, routed)        1.580    17.758    flash_bd_i/axi_mem_intercon/s00_couplers/auto_pc/inst/gen_axi4_axi3.axi3_conv_inst/USE_READ.USE_SPLIT_R.read_addr_inst/USE_R_CHANNEL.cmd_queue/inst/fifo_gen_inst/inst_fifo_gen/gconvfifo.rf/grf.rf/gntv_or_sync_fifo.gl0.rd/rpntr/clk
    SLICE_X17Y46         FDCE                                         r  flash_bd_i/axi_mem_intercon/s00_couplers/auto_pc/inst/gen_axi4_axi3.axi3_conv_inst/USE_READ.USE_SPLIT_R.read_addr_inst/USE_R_CHANNEL.cmd_queue/inst/fifo_gen_inst/inst_fifo_gen/gconvfifo.rf/grf.rf/gntv_or_sync_fifo.gl0.rd/rpntr/gc0.count_d1_reg[0]/C
                         clock pessimism              0.230    17.988    
                         clock uncertainty           -0.228    17.760    
    SLICE_X17Y46         FDCE (Recov_fdce_C_CLR)     -0.405    17.355    flash_bd_i/axi_mem_intercon/s00_couplers/auto_pc/inst/gen_axi4_axi3.axi3_conv_inst/USE_READ.USE_SPLIT_R.read_addr_inst/USE_R_CHANNEL.cmd_queue/inst/fifo_gen_inst/inst_fifo_gen/gconvfifo.rf/grf.rf/gntv_or_sync_fifo.gl0.rd/rpntr/gc0.count_d1_reg[0]
  -------------------------------------------------------------------
                         required time                         17.355    
                         arrival time                          -5.613    
  -------------------------------------------------------------------
                         slack                                 11.742    

Slack (MET) :             11.774ns  (required time - arrival time)
  Source:                 flash_bd_i/axi_mem_intercon/s00_couplers/auto_pc/inst/gen_axi4_axi3.axi3_conv_inst/USE_READ.USE_SPLIT_R.read_addr_inst/USE_R_CHANNEL.cmd_queue/inst/fifo_gen_inst/inst_fifo_gen/gconvfifo.rf/grf.rf/rstblk/ngwrdrst.grst.g7serrst.gnsckt_wrst.rst_wr_reg2_inst/arststages_ff_reg[1]/C
                            (rising edge-triggered cell FDPE clocked by clk_fpga_0  {rise@0.000ns fall@7.499ns period=14.999ns})
  Destination:            flash_bd_i/axi_mem_intercon/s00_couplers/auto_pc/inst/gen_axi4_axi3.axi3_conv_inst/USE_READ.USE_SPLIT_R.read_addr_inst/USE_R_CHANNEL.cmd_queue/inst/fifo_gen_inst/inst_fifo_gen/gconvfifo.rf/grf.rf/gntv_or_sync_fifo.gl0.wr/wpntr/gcc0.gc0.count_d1_reg[4]/CLR
                            (recovery check against rising-edge clock clk_fpga_0  {rise@0.000ns fall@7.499ns period=14.999ns})
  Path Group:             **async_default**
  Path Type:              Recovery (Max at Slow Process Corner)
  Requirement:            14.999ns  (clk_fpga_0 rise@14.999ns - clk_fpga_0 rise@0.000ns)
  Data Path Delay:        2.533ns  (logic 0.718ns (28.347%)  route 1.815ns (71.653%))
  Logic Levels:           1  (LUT3=1)
  Clock Path Skew:        -0.059ns (DCD - SCD + CPR)
    Destination Clock Delay (DCD):    2.759ns = ( 17.758 - 14.999 ) 
    Source Clock Delay      (SCD):    3.048ns
    Clock Pessimism Removal (CPR):    0.230ns
  Clock Uncertainty:      0.228ns  ((TSJ^2 + TIJ^2)^1/2 + DJ) / 2 + PE
    Total System Jitter     (TSJ):    0.071ns
    Total Input Jitter      (TIJ):    0.450ns
    Discrete Jitter          (DJ):    0.000ns
    Phase Error              (PE):    0.000ns

    Location             Delay type                Incr(ns)  Path(ns)    Netlist Resource(s)
  -------------------------------------------------------------------    -------------------
                         (clock clk_fpga_0 rise edge)
                                                      0.000     0.000 r  
    PS7_X0Y0             PS7                          0.000     0.000 r  flash_bd_i/processing_system7_0/inst/PS7_i/FCLKCLK[0]
                         net (fo=1, routed)           1.193     1.193    flash_bd_i/processing_system7_0/inst/FCLK_CLK_unbuffered[0]
    BUFGCTRL_X0Y16       BUFG (Prop_bufg_I_O)         0.101     1.294 r  flash_bd_i/processing_system7_0/inst/buffer_fclk_clk_0.FCLK_CLK_0_BUFG/O
                         net (fo=5231, routed)        1.754     3.048    flash_bd_i/axi_mem_intercon/s00_couplers/auto_pc/inst/gen_axi4_axi3.axi3_conv_inst/USE_READ.USE_SPLIT_R.read_addr_inst/USE_R_CHANNEL.cmd_queue/inst/fifo_gen_inst/inst_fifo_gen/gconvfifo.rf/grf.rf/rstblk/ngwrdrst.grst.g7serrst.gnsckt_wrst.rst_wr_reg2_inst/dest_clk
    SLICE_X23Y47         FDPE                                         r  flash_bd_i/axi_mem_intercon/s00_couplers/auto_pc/inst/gen_axi4_axi3.axi3_conv_inst/USE_READ.USE_SPLIT_R.read_addr_inst/USE_R_CHANNEL.cmd_queue/inst/fifo_gen_inst/inst_fifo_gen/gconvfifo.rf/grf.rf/rstblk/ngwrdrst.grst.g7serrst.gnsckt_wrst.rst_wr_reg2_inst/arststages_ff_reg[1]/C
  -------------------------------------------------------------------    -------------------
    SLICE_X23Y47         FDPE (Prop_fdpe_C_Q)         0.419     3.467 f  flash_bd_i/axi_mem_intercon/s00_couplers/auto_pc/inst/gen_axi4_axi3.axi3_conv_inst/USE_READ.USE_SPLIT_R.read_addr_inst/USE_R_CHANNEL.cmd_queue/inst/fifo_gen_inst/inst_fifo_gen/gconvfifo.rf/grf.rf/rstblk/ngwrdrst.grst.g7serrst.gnsckt_wrst.rst_wr_reg2_inst/arststages_ff_reg[1]/Q
                         net (fo=2, routed)           0.828     4.295    flash_bd_i/axi_mem_intercon/s00_couplers/auto_pc/inst/gen_axi4_axi3.axi3_conv_inst/USE_READ.USE_SPLIT_R.read_addr_inst/USE_R_CHANNEL.cmd_queue/inst/fifo_gen_inst/inst_fifo_gen/gconvfifo.rf/grf.rf/rstblk/ngwrdrst.rst_wr_reg2
    SLICE_X21Y47         LUT3 (Prop_lut3_I2_O)        0.299     4.594 f  flash_bd_i/axi_mem_intercon/s00_couplers/auto_pc/inst/gen_axi4_axi3.axi3_conv_inst/USE_READ.USE_SPLIT_R.read_addr_inst/USE_R_CHANNEL.cmd_queue/inst/fifo_gen_inst/inst_fifo_gen/gconvfifo.rf/grf.rf/rstblk/gpregsm1.curr_fwft_state[1]_i_2/O
                         net (fo=33, routed)          0.987     5.581    flash_bd_i/axi_mem_intercon/s00_couplers/auto_pc/inst/gen_axi4_axi3.axi3_conv_inst/USE_READ.USE_SPLIT_R.read_addr_inst/USE_R_CHANNEL.cmd_queue/inst/fifo_gen_inst/inst_fifo_gen/gconvfifo.rf/grf.rf/gntv_or_sync_fifo.gl0.wr/wpntr/gcc0.gc0.count_d1_reg[0]_0
    SLICE_X17Y45         FDCE                                         f  flash_bd_i/axi_mem_intercon/s00_couplers/auto_pc/inst/gen_axi4_axi3.axi3_conv_inst/USE_READ.USE_SPLIT_R.read_addr_inst/USE_R_CHANNEL.cmd_queue/inst/fifo_gen_inst/inst_fifo_gen/gconvfifo.rf/grf.rf/gntv_or_sync_fifo.gl0.wr/wpntr/gcc0.gc0.count_d1_reg[4]/CLR
  -------------------------------------------------------------------    -------------------

                         (clock clk_fpga_0 rise edge)
                                                     14.999    14.999 r  
    PS7_X0Y0             PS7                          0.000    14.999 r  flash_bd_i/processing_system7_0/inst/PS7_i/FCLKCLK[0]
                         net (fo=1, routed)           1.088    16.087    flash_bd_i/processing_system7_0/inst/FCLK_CLK_unbuffered[0]
    BUFGCTRL_X0Y16       BUFG (Prop_bufg_I_O)         0.091    16.178 r  flash_bd_i/processing_system7_0/inst/buffer_fclk_clk_0.FCLK_CLK_0_BUFG/O
                         net (fo=5231, routed)        1.580    17.758    flash_bd_i/axi_mem_intercon/s00_couplers/auto_pc/inst/gen_axi4_axi3.axi3_conv_inst/USE_READ.USE_SPLIT_R.read_addr_inst/USE_R_CHANNEL.cmd_queue/inst/fifo_gen_inst/inst_fifo_gen/gconvfifo.rf/grf.rf/gntv_or_sync_fifo.gl0.wr/wpntr/clk
    SLICE_X17Y45         FDCE                                         r  flash_bd_i/axi_mem_intercon/s00_couplers/auto_pc/inst/gen_axi4_axi3.axi3_conv_inst/USE_READ.USE_SPLIT_R.read_addr_inst/USE_R_CHANNEL.cmd_queue/inst/fifo_gen_inst/inst_fifo_gen/gconvfifo.rf/grf.rf/gntv_or_sync_fifo.gl0.wr/wpntr/gcc0.gc0.count_d1_reg[4]/C
                         clock pessimism              0.230    17.988    
                         clock uncertainty           -0.228    17.760    
    SLICE_X17Y45         FDCE (Recov_fdce_C_CLR)     -0.405    17.355    flash_bd_i/axi_mem_intercon/s00_couplers/auto_pc/inst/gen_axi4_axi3.axi3_conv_inst/USE_READ.USE_SPLIT_R.read_addr_inst/USE_R_CHANNEL.cmd_queue/inst/fifo_gen_inst/inst_fifo_gen/gconvfifo.rf/grf.rf/gntv_or_sync_fifo.gl0.wr/wpntr/gcc0.gc0.count_d1_reg[4]
  -------------------------------------------------------------------
                         required time                         17.355    
                         arrival time                          -5.581    
  -------------------------------------------------------------------
                         slack                                 11.774    

Slack (MET) :             11.774ns  (required time - arrival time)
  Source:                 flash_bd_i/axi_mem_intercon/s00_couplers/auto_pc/inst/gen_axi4_axi3.axi3_conv_inst/USE_READ.USE_SPLIT_R.read_addr_inst/USE_R_CHANNEL.cmd_queue/inst/fifo_gen_inst/inst_fifo_gen/gconvfifo.rf/grf.rf/rstblk/ngwrdrst.grst.g7serrst.gnsckt_wrst.rst_wr_reg2_inst/arststages_ff_reg[1]/C
                            (rising edge-triggered cell FDPE clocked by clk_fpga_0  {rise@0.000ns fall@7.499ns period=14.999ns})
  Destination:            flash_bd_i/axi_mem_intercon/s00_couplers/auto_pc/inst/gen_axi4_axi3.axi3_conv_inst/USE_READ.USE_SPLIT_R.read_addr_inst/USE_R_CHANNEL.cmd_queue/inst/fifo_gen_inst/inst_fifo_gen/gconvfifo.rf/grf.rf/gntv_or_sync_fifo.gl0.wr/wpntr/gcc0.gc0.count_reg[2]/CLR
                            (recovery check against rising-edge clock clk_fpga_0  {rise@0.000ns fall@7.499ns period=14.999ns})
  Path Group:             **async_default**
  Path Type:              Recovery (Max at Slow Process Corner)
  Requirement:            14.999ns  (clk_fpga_0 rise@14.999ns - clk_fpga_0 rise@0.000ns)
  Data Path Delay:        2.533ns  (logic 0.718ns (28.347%)  route 1.815ns (71.653%))
  Logic Levels:           1  (LUT3=1)
  Clock Path Skew:        -0.059ns (DCD - SCD + CPR)
    Destination Clock Delay (DCD):    2.759ns = ( 17.758 - 14.999 ) 
    Source Clock Delay      (SCD):    3.048ns
    Clock Pessimism Removal (CPR):    0.230ns
  Clock Uncertainty:      0.228ns  ((TSJ^2 + TIJ^2)^1/2 + DJ) / 2 + PE
    Total System Jitter     (TSJ):    0.071ns
    Total Input Jitter      (TIJ):    0.450ns
    Discrete Jitter          (DJ):    0.000ns
    Phase Error              (PE):    0.000ns

    Location             Delay type                Incr(ns)  Path(ns)    Netlist Resource(s)
  -------------------------------------------------------------------    -------------------
                         (clock clk_fpga_0 rise edge)
                                                      0.000     0.000 r  
    PS7_X0Y0             PS7                          0.000     0.000 r  flash_bd_i/processing_system7_0/inst/PS7_i/FCLKCLK[0]
                         net (fo=1, routed)           1.193     1.193    flash_bd_i/processing_system7_0/inst/FCLK_CLK_unbuffered[0]
    BUFGCTRL_X0Y16       BUFG (Prop_bufg_I_O)         0.101     1.294 r  flash_bd_i/processing_system7_0/inst/buffer_fclk_clk_0.FCLK_CLK_0_BUFG/O
                         net (fo=5231, routed)        1.754     3.048    flash_bd_i/axi_mem_intercon/s00_couplers/auto_pc/inst/gen_axi4_axi3.axi3_conv_inst/USE_READ.USE_SPLIT_R.read_addr_inst/USE_R_CHANNEL.cmd_queue/inst/fifo_gen_inst/inst_fifo_gen/gconvfifo.rf/grf.rf/rstblk/ngwrdrst.grst.g7serrst.gnsckt_wrst.rst_wr_reg2_inst/dest_clk
    SLICE_X23Y47         FDPE                                         r  flash_bd_i/axi_mem_intercon/s00_couplers/auto_pc/inst/gen_axi4_axi3.axi3_conv_inst/USE_READ.USE_SPLIT_R.read_addr_inst/USE_R_CHANNEL.cmd_queue/inst/fifo_gen_inst/inst_fifo_gen/gconvfifo.rf/grf.rf/rstblk/ngwrdrst.grst.g7serrst.gnsckt_wrst.rst_wr_reg2_inst/arststages_ff_reg[1]/C
  -------------------------------------------------------------------    -------------------
    SLICE_X23Y47         FDPE (Prop_fdpe_C_Q)         0.419     3.467 f  flash_bd_i/axi_mem_intercon/s00_couplers/auto_pc/inst/gen_axi4_axi3.axi3_conv_inst/USE_READ.USE_SPLIT_R.read_addr_inst/USE_R_CHANNEL.cmd_queue/inst/fifo_gen_inst/inst_fifo_gen/gconvfifo.rf/grf.rf/rstblk/ngwrdrst.grst.g7serrst.gnsckt_wrst.rst_wr_reg2_inst/arststages_ff_reg[1]/Q
                         net (fo=2, routed)           0.828     4.295    flash_bd_i/axi_mem_intercon/s00_couplers/auto_pc/inst/gen_axi4_axi3.axi3_conv_inst/USE_READ.USE_SPLIT_R.read_addr_inst/USE_R_CHANNEL.cmd_queue/inst/fifo_gen_inst/inst_fifo_gen/gconvfifo.rf/grf.rf/rstblk/ngwrdrst.rst_wr_reg2
    SLICE_X21Y47         LUT3 (Prop_lut3_I2_O)        0.299     4.594 f  flash_bd_i/axi_mem_intercon/s00_couplers/auto_pc/inst/gen_axi4_axi3.axi3_conv_inst/USE_READ.USE_SPLIT_R.read_addr_inst/USE_R_CHANNEL.cmd_queue/inst/fifo_gen_inst/inst_fifo_gen/gconvfifo.rf/grf.rf/rstblk/gpregsm1.curr_fwft_state[1]_i_2/O
                         net (fo=33, routed)          0.987     5.581    flash_bd_i/axi_mem_intercon/s00_couplers/auto_pc/inst/gen_axi4_axi3.axi3_conv_inst/USE_READ.USE_SPLIT_R.read_addr_inst/USE_R_CHANNEL.cmd_queue/inst/fifo_gen_inst/inst_fifo_gen/gconvfifo.rf/grf.rf/gntv_or_sync_fifo.gl0.wr/wpntr/gcc0.gc0.count_d1_reg[0]_0
    SLICE_X17Y45         FDCE                                         f  flash_bd_i/axi_mem_intercon/s00_couplers/auto_pc/inst/gen_axi4_axi3.axi3_conv_inst/USE_READ.USE_SPLIT_R.read_addr_inst/USE_R_CHANNEL.cmd_queue/inst/fifo_gen_inst/inst_fifo_gen/gconvfifo.rf/grf.rf/gntv_or_sync_fifo.gl0.wr/wpntr/gcc0.gc0.count_reg[2]/CLR
  -------------------------------------------------------------------    -------------------

                         (clock clk_fpga_0 rise edge)
                                                     14.999    14.999 r  
    PS7_X0Y0             PS7                          0.000    14.999 r  flash_bd_i/processing_system7_0/inst/PS7_i/FCLKCLK[0]
                         net (fo=1, routed)           1.088    16.087    flash_bd_i/processing_system7_0/inst/FCLK_CLK_unbuffered[0]
    BUFGCTRL_X0Y16       BUFG (Prop_bufg_I_O)         0.091    16.178 r  flash_bd_i/processing_system7_0/inst/buffer_fclk_clk_0.FCLK_CLK_0_BUFG/O
                         net (fo=5231, routed)        1.580    17.758    flash_bd_i/axi_mem_intercon/s00_couplers/auto_pc/inst/gen_axi4_axi3.axi3_conv_inst/USE_READ.USE_SPLIT_R.read_addr_inst/USE_R_CHANNEL.cmd_queue/inst/fifo_gen_inst/inst_fifo_gen/gconvfifo.rf/grf.rf/gntv_or_sync_fifo.gl0.wr/wpntr/clk
    SLICE_X17Y45         FDCE                                         r  flash_bd_i/axi_mem_intercon/s00_couplers/auto_pc/inst/gen_axi4_axi3.axi3_conv_inst/USE_READ.USE_SPLIT_R.read_addr_inst/USE_R_CHANNEL.cmd_queue/inst/fifo_gen_inst/inst_fifo_gen/gconvfifo.rf/grf.rf/gntv_or_sync_fifo.gl0.wr/wpntr/gcc0.gc0.count_reg[2]/C
                         clock pessimism              0.230    17.988    
                         clock uncertainty           -0.228    17.760    
    SLICE_X17Y45         FDCE (Recov_fdce_C_CLR)     -0.405    17.355    flash_bd_i/axi_mem_intercon/s00_couplers/auto_pc/inst/gen_axi4_axi3.axi3_conv_inst/USE_READ.USE_SPLIT_R.read_addr_inst/USE_R_CHANNEL.cmd_queue/inst/fifo_gen_inst/inst_fifo_gen/gconvfifo.rf/grf.rf/gntv_or_sync_fifo.gl0.wr/wpntr/gcc0.gc0.count_reg[2]
  -------------------------------------------------------------------
                         required time                         17.355    
                         arrival time                          -5.581    
  -------------------------------------------------------------------
                         slack                                 11.774    

Slack (MET) :             11.774ns  (required time - arrival time)
  Source:                 flash_bd_i/axi_mem_intercon/s00_couplers/auto_pc/inst/gen_axi4_axi3.axi3_conv_inst/USE_READ.USE_SPLIT_R.read_addr_inst/USE_R_CHANNEL.cmd_queue/inst/fifo_gen_inst/inst_fifo_gen/gconvfifo.rf/grf.rf/rstblk/ngwrdrst.grst.g7serrst.gnsckt_wrst.rst_wr_reg2_inst/arststages_ff_reg[1]/C
                            (rising edge-triggered cell FDPE clocked by clk_fpga_0  {rise@0.000ns fall@7.499ns period=14.999ns})
  Destination:            flash_bd_i/axi_mem_intercon/s00_couplers/auto_pc/inst/gen_axi4_axi3.axi3_conv_inst/USE_READ.USE_SPLIT_R.read_addr_inst/USE_R_CHANNEL.cmd_queue/inst/fifo_gen_inst/inst_fifo_gen/gconvfifo.rf/grf.rf/gntv_or_sync_fifo.gl0.wr/wpntr/gcc0.gc0.count_reg[3]/CLR
                            (recovery check against rising-edge clock clk_fpga_0  {rise@0.000ns fall@7.499ns period=14.999ns})
  Path Group:             **async_default**
  Path Type:              Recovery (Max at Slow Process Corner)
  Requirement:            14.999ns  (clk_fpga_0 rise@14.999ns - clk_fpga_0 rise@0.000ns)
  Data Path Delay:        2.533ns  (logic 0.718ns (28.347%)  route 1.815ns (71.653%))
  Logic Levels:           1  (LUT3=1)
  Clock Path Skew:        -0.059ns (DCD - SCD + CPR)
    Destination Clock Delay (DCD):    2.759ns = ( 17.758 - 14.999 ) 
    Source Clock Delay      (SCD):    3.048ns
    Clock Pessimism Removal (CPR):    0.230ns
  Clock Uncertainty:      0.228ns  ((TSJ^2 + TIJ^2)^1/2 + DJ) / 2 + PE
    Total System Jitter     (TSJ):    0.071ns
    Total Input Jitter      (TIJ):    0.450ns
    Discrete Jitter          (DJ):    0.000ns
    Phase Error              (PE):    0.000ns

    Location             Delay type                Incr(ns)  Path(ns)    Netlist Resource(s)
  -------------------------------------------------------------------    -------------------
                         (clock clk_fpga_0 rise edge)
                                                      0.000     0.000 r  
    PS7_X0Y0             PS7                          0.000     0.000 r  flash_bd_i/processing_system7_0/inst/PS7_i/FCLKCLK[0]
                         net (fo=1, routed)           1.193     1.193    flash_bd_i/processing_system7_0/inst/FCLK_CLK_unbuffered[0]
    BUFGCTRL_X0Y16       BUFG (Prop_bufg_I_O)         0.101     1.294 r  flash_bd_i/processing_system7_0/inst/buffer_fclk_clk_0.FCLK_CLK_0_BUFG/O
                         net (fo=5231, routed)        1.754     3.048    flash_bd_i/axi_mem_intercon/s00_couplers/auto_pc/inst/gen_axi4_axi3.axi3_conv_inst/USE_READ.USE_SPLIT_R.read_addr_inst/USE_R_CHANNEL.cmd_queue/inst/fifo_gen_inst/inst_fifo_gen/gconvfifo.rf/grf.rf/rstblk/ngwrdrst.grst.g7serrst.gnsckt_wrst.rst_wr_reg2_inst/dest_clk
    SLICE_X23Y47         FDPE                                         r  flash_bd_i/axi_mem_intercon/s00_couplers/auto_pc/inst/gen_axi4_axi3.axi3_conv_inst/USE_READ.USE_SPLIT_R.read_addr_inst/USE_R_CHANNEL.cmd_queue/inst/fifo_gen_inst/inst_fifo_gen/gconvfifo.rf/grf.rf/rstblk/ngwrdrst.grst.g7serrst.gnsckt_wrst.rst_wr_reg2_inst/arststages_ff_reg[1]/C
  -------------------------------------------------------------------    -------------------
    SLICE_X23Y47         FDPE (Prop_fdpe_C_Q)         0.419     3.467 f  flash_bd_i/axi_mem_intercon/s00_couplers/auto_pc/inst/gen_axi4_axi3.axi3_conv_inst/USE_READ.USE_SPLIT_R.read_addr_inst/USE_R_CHANNEL.cmd_queue/inst/fifo_gen_inst/inst_fifo_gen/gconvfifo.rf/grf.rf/rstblk/ngwrdrst.grst.g7serrst.gnsckt_wrst.rst_wr_reg2_inst/arststages_ff_reg[1]/Q
                         net (fo=2, routed)           0.828     4.295    flash_bd_i/axi_mem_intercon/s00_couplers/auto_pc/inst/gen_axi4_axi3.axi3_conv_inst/USE_READ.USE_SPLIT_R.read_addr_inst/USE_R_CHANNEL.cmd_queue/inst/fifo_gen_inst/inst_fifo_gen/gconvfifo.rf/grf.rf/rstblk/ngwrdrst.rst_wr_reg2
    SLICE_X21Y47         LUT3 (Prop_lut3_I2_O)        0.299     4.594 f  flash_bd_i/axi_mem_intercon/s00_couplers/auto_pc/inst/gen_axi4_axi3.axi3_conv_inst/USE_READ.USE_SPLIT_R.read_addr_inst/USE_R_CHANNEL.cmd_queue/inst/fifo_gen_inst/inst_fifo_gen/gconvfifo.rf/grf.rf/rstblk/gpregsm1.curr_fwft_state[1]_i_2/O
                         net (fo=33, routed)          0.987     5.581    flash_bd_i/axi_mem_intercon/s00_couplers/auto_pc/inst/gen_axi4_axi3.axi3_conv_inst/USE_READ.USE_SPLIT_R.read_addr_inst/USE_R_CHANNEL.cmd_queue/inst/fifo_gen_inst/inst_fifo_gen/gconvfifo.rf/grf.rf/gntv_or_sync_fifo.gl0.wr/wpntr/gcc0.gc0.count_d1_reg[0]_0
    SLICE_X17Y45         FDCE                                         f  flash_bd_i/axi_mem_intercon/s00_couplers/auto_pc/inst/gen_axi4_axi3.axi3_conv_inst/USE_READ.USE_SPLIT_R.read_addr_inst/USE_R_CHANNEL.cmd_queue/inst/fifo_gen_inst/inst_fifo_gen/gconvfifo.rf/grf.rf/gntv_or_sync_fifo.gl0.wr/wpntr/gcc0.gc0.count_reg[3]/CLR
  -------------------------------------------------------------------    -------------------

                         (clock clk_fpga_0 rise edge)
                                                     14.999    14.999 r  
    PS7_X0Y0             PS7                          0.000    14.999 r  flash_bd_i/processing_system7_0/inst/PS7_i/FCLKCLK[0]
                         net (fo=1, routed)           1.088    16.087    flash_bd_i/processing_system7_0/inst/FCLK_CLK_unbuffered[0]
    BUFGCTRL_X0Y16       BUFG (Prop_bufg_I_O)         0.091    16.178 r  flash_bd_i/processing_system7_0/inst/buffer_fclk_clk_0.FCLK_CLK_0_BUFG/O
                         net (fo=5231, routed)        1.580    17.758    flash_bd_i/axi_mem_intercon/s00_couplers/auto_pc/inst/gen_axi4_axi3.axi3_conv_inst/USE_READ.USE_SPLIT_R.read_addr_inst/USE_R_CHANNEL.cmd_queue/inst/fifo_gen_inst/inst_fifo_gen/gconvfifo.rf/grf.rf/gntv_or_sync_fifo.gl0.wr/wpntr/clk
    SLICE_X17Y45         FDCE                                         r  flash_bd_i/axi_mem_intercon/s00_couplers/auto_pc/inst/gen_axi4_axi3.axi3_conv_inst/USE_READ.USE_SPLIT_R.read_addr_inst/USE_R_CHANNEL.cmd_queue/inst/fifo_gen_inst/inst_fifo_gen/gconvfifo.rf/grf.rf/gntv_or_sync_fifo.gl0.wr/wpntr/gcc0.gc0.count_reg[3]/C
                         clock pessimism              0.230    17.988    
                         clock uncertainty           -0.228    17.760    
    SLICE_X17Y45         FDCE (Recov_fdce_C_CLR)     -0.405    17.355    flash_bd_i/axi_mem_intercon/s00_couplers/auto_pc/inst/gen_axi4_axi3.axi3_conv_inst/USE_READ.USE_SPLIT_R.read_addr_inst/USE_R_CHANNEL.cmd_queue/inst/fifo_gen_inst/inst_fifo_gen/gconvfifo.rf/grf.rf/gntv_or_sync_fifo.gl0.wr/wpntr/gcc0.gc0.count_reg[3]
  -------------------------------------------------------------------
                         required time                         17.355    
                         arrival time                          -5.581    
  -------------------------------------------------------------------
                         slack                                 11.774    

Slack (MET) :             11.774ns  (required time - arrival time)
  Source:                 flash_bd_i/axi_mem_intercon/s00_couplers/auto_pc/inst/gen_axi4_axi3.axi3_conv_inst/USE_READ.USE_SPLIT_R.read_addr_inst/USE_R_CHANNEL.cmd_queue/inst/fifo_gen_inst/inst_fifo_gen/gconvfifo.rf/grf.rf/rstblk/ngwrdrst.grst.g7serrst.gnsckt_wrst.rst_wr_reg2_inst/arststages_ff_reg[1]/C
                            (rising edge-triggered cell FDPE clocked by clk_fpga_0  {rise@0.000ns fall@7.499ns period=14.999ns})
  Destination:            flash_bd_i/axi_mem_intercon/s00_couplers/auto_pc/inst/gen_axi4_axi3.axi3_conv_inst/USE_READ.USE_SPLIT_R.read_addr_inst/USE_R_CHANNEL.cmd_queue/inst/fifo_gen_inst/inst_fifo_gen/gconvfifo.rf/grf.rf/gntv_or_sync_fifo.gl0.wr/wpntr/gcc0.gc0.count_reg[4]/CLR
                            (recovery check against rising-edge clock clk_fpga_0  {rise@0.000ns fall@7.499ns period=14.999ns})
  Path Group:             **async_default**
  Path Type:              Recovery (Max at Slow Process Corner)
  Requirement:            14.999ns  (clk_fpga_0 rise@14.999ns - clk_fpga_0 rise@0.000ns)
  Data Path Delay:        2.533ns  (logic 0.718ns (28.347%)  route 1.815ns (71.653%))
  Logic Levels:           1  (LUT3=1)
  Clock Path Skew:        -0.059ns (DCD - SCD + CPR)
    Destination Clock Delay (DCD):    2.759ns = ( 17.758 - 14.999 ) 
    Source Clock Delay      (SCD):    3.048ns
    Clock Pessimism Removal (CPR):    0.230ns
  Clock Uncertainty:      0.228ns  ((TSJ^2 + TIJ^2)^1/2 + DJ) / 2 + PE
    Total System Jitter     (TSJ):    0.071ns
    Total Input Jitter      (TIJ):    0.450ns
    Discrete Jitter          (DJ):    0.000ns
    Phase Error              (PE):    0.000ns

    Location             Delay type                Incr(ns)  Path(ns)    Netlist Resource(s)
  -------------------------------------------------------------------    -------------------
                         (clock clk_fpga_0 rise edge)
                                                      0.000     0.000 r  
    PS7_X0Y0             PS7                          0.000     0.000 r  flash_bd_i/processing_system7_0/inst/PS7_i/FCLKCLK[0]
                         net (fo=1, routed)           1.193     1.193    flash_bd_i/processing_system7_0/inst/FCLK_CLK_unbuffered[0]
    BUFGCTRL_X0Y16       BUFG (Prop_bufg_I_O)         0.101     1.294 r  flash_bd_i/processing_system7_0/inst/buffer_fclk_clk_0.FCLK_CLK_0_BUFG/O
                         net (fo=5231, routed)        1.754     3.048    flash_bd_i/axi_mem_intercon/s00_couplers/auto_pc/inst/gen_axi4_axi3.axi3_conv_inst/USE_READ.USE_SPLIT_R.read_addr_inst/USE_R_CHANNEL.cmd_queue/inst/fifo_gen_inst/inst_fifo_gen/gconvfifo.rf/grf.rf/rstblk/ngwrdrst.grst.g7serrst.gnsckt_wrst.rst_wr_reg2_inst/dest_clk
    SLICE_X23Y47         FDPE                                         r  flash_bd_i/axi_mem_intercon/s00_couplers/auto_pc/inst/gen_axi4_axi3.axi3_conv_inst/USE_READ.USE_SPLIT_R.read_addr_inst/USE_R_CHANNEL.cmd_queue/inst/fifo_gen_inst/inst_fifo_gen/gconvfifo.rf/grf.rf/rstblk/ngwrdrst.grst.g7serrst.gnsckt_wrst.rst_wr_reg2_inst/arststages_ff_reg[1]/C
  -------------------------------------------------------------------    -------------------
    SLICE_X23Y47         FDPE (Prop_fdpe_C_Q)         0.419     3.467 f  flash_bd_i/axi_mem_intercon/s00_couplers/auto_pc/inst/gen_axi4_axi3.axi3_conv_inst/USE_READ.USE_SPLIT_R.read_addr_inst/USE_R_CHANNEL.cmd_queue/inst/fifo_gen_inst/inst_fifo_gen/gconvfifo.rf/grf.rf/rstblk/ngwrdrst.grst.g7serrst.gnsckt_wrst.rst_wr_reg2_inst/arststages_ff_reg[1]/Q
                         net (fo=2, routed)           0.828     4.295    flash_bd_i/axi_mem_intercon/s00_couplers/auto_pc/inst/gen_axi4_axi3.axi3_conv_inst/USE_READ.USE_SPLIT_R.read_addr_inst/USE_R_CHANNEL.cmd_queue/inst/fifo_gen_inst/inst_fifo_gen/gconvfifo.rf/grf.rf/rstblk/ngwrdrst.rst_wr_reg2
    SLICE_X21Y47         LUT3 (Prop_lut3_I2_O)        0.299     4.594 f  flash_bd_i/axi_mem_intercon/s00_couplers/auto_pc/inst/gen_axi4_axi3.axi3_conv_inst/USE_READ.USE_SPLIT_R.read_addr_inst/USE_R_CHANNEL.cmd_queue/inst/fifo_gen_inst/inst_fifo_gen/gconvfifo.rf/grf.rf/rstblk/gpregsm1.curr_fwft_state[1]_i_2/O
                         net (fo=33, routed)          0.987     5.581    flash_bd_i/axi_mem_intercon/s00_couplers/auto_pc/inst/gen_axi4_axi3.axi3_conv_inst/USE_READ.USE_SPLIT_R.read_addr_inst/USE_R_CHANNEL.cmd_queue/inst/fifo_gen_inst/inst_fifo_gen/gconvfifo.rf/grf.rf/gntv_or_sync_fifo.gl0.wr/wpntr/gcc0.gc0.count_d1_reg[0]_0
    SLICE_X17Y45         FDCE                                         f  flash_bd_i/axi_mem_intercon/s00_couplers/auto_pc/inst/gen_axi4_axi3.axi3_conv_inst/USE_READ.USE_SPLIT_R.read_addr_inst/USE_R_CHANNEL.cmd_queue/inst/fifo_gen_inst/inst_fifo_gen/gconvfifo.rf/grf.rf/gntv_or_sync_fifo.gl0.wr/wpntr/gcc0.gc0.count_reg[4]/CLR
  -------------------------------------------------------------------    -------------------

                         (clock clk_fpga_0 rise edge)
                                                     14.999    14.999 r  
    PS7_X0Y0             PS7                          0.000    14.999 r  flash_bd_i/processing_system7_0/inst/PS7_i/FCLKCLK[0]
                         net (fo=1, routed)           1.088    16.087    flash_bd_i/processing_system7_0/inst/FCLK_CLK_unbuffered[0]
    BUFGCTRL_X0Y16       BUFG (Prop_bufg_I_O)         0.091    16.178 r  flash_bd_i/processing_system7_0/inst/buffer_fclk_clk_0.FCLK_CLK_0_BUFG/O
                         net (fo=5231, routed)        1.580    17.758    flash_bd_i/axi_mem_intercon/s00_couplers/auto_pc/inst/gen_axi4_axi3.axi3_conv_inst/USE_READ.USE_SPLIT_R.read_addr_inst/USE_R_CHANNEL.cmd_queue/inst/fifo_gen_inst/inst_fifo_gen/gconvfifo.rf/grf.rf/gntv_or_sync_fifo.gl0.wr/wpntr/clk
    SLICE_X17Y45         FDCE                                         r  flash_bd_i/axi_mem_intercon/s00_couplers/auto_pc/inst/gen_axi4_axi3.axi3_conv_inst/USE_READ.USE_SPLIT_R.read_addr_inst/USE_R_CHANNEL.cmd_queue/inst/fifo_gen_inst/inst_fifo_gen/gconvfifo.rf/grf.rf/gntv_or_sync_fifo.gl0.wr/wpntr/gcc0.gc0.count_reg[4]/C
                         clock pessimism              0.230    17.988    
                         clock uncertainty           -0.228    17.760    
    SLICE_X17Y45         FDCE (Recov_fdce_C_CLR)     -0.405    17.355    flash_bd_i/axi_mem_intercon/s00_couplers/auto_pc/inst/gen_axi4_axi3.axi3_conv_inst/USE_READ.USE_SPLIT_R.read_addr_inst/USE_R_CHANNEL.cmd_queue/inst/fifo_gen_inst/inst_fifo_gen/gconvfifo.rf/grf.rf/gntv_or_sync_fifo.gl0.wr/wpntr/gcc0.gc0.count_reg[4]
  -------------------------------------------------------------------
                         required time                         17.355    
                         arrival time                          -5.581    
  -------------------------------------------------------------------
                         slack                                 11.774    





Min Delay Paths
--------------------------------------------------------------------------------------
Slack (MET) :             0.612ns  (arrival time - required time)
  Source:                 flash_bd_i/axi_mem_intercon/s00_couplers/auto_pc/inst/gen_axi4_axi3.axi3_conv_inst/USE_READ.USE_SPLIT_R.read_addr_inst/USE_R_CHANNEL.cmd_queue/inst/fifo_gen_inst/inst_fifo_gen/gconvfifo.rf/grf.rf/rstblk/ngwrdrst.grst.g7serrst.gnsckt_wrst.gcc_rst.sckt_wr_rst_cc_reg[0]/C
                            (rising edge-triggered cell FDRE clocked by clk_fpga_0  {rise@0.000ns fall@7.499ns period=14.999ns})
  Destination:            flash_bd_i/axi_mem_intercon/s00_couplers/auto_pc/inst/gen_axi4_axi3.axi3_conv_inst/USE_READ.USE_SPLIT_R.read_addr_inst/USE_R_CHANNEL.cmd_queue/inst/fifo_gen_inst/inst_fifo_gen/gconvfifo.rf/grf.rf/gntv_or_sync_fifo.gl0.rd/gr1.gr1_int.rfwft/aempty_fwft_fb_i_reg/PRE
                            (removal check against rising-edge clock clk_fpga_0  {rise@0.000ns fall@7.499ns period=14.999ns})
  Path Group:             **async_default**
  Path Type:              Removal (Min at Fast Process Corner)
  Requirement:            0.000ns  (clk_fpga_0 rise@0.000ns - clk_fpga_0 rise@0.000ns)
  Data Path Delay:        0.556ns  (logic 0.186ns (33.478%)  route 0.370ns (66.522%))
  Logic Levels:           1  (LUT3=1)
  Clock Path Skew:        0.015ns (DCD - SCD - CPR)
    Destination Clock Delay (DCD):    1.230ns
    Source Clock Delay      (SCD):    0.932ns
    Clock Pessimism Removal (CPR):    0.283ns

    Location             Delay type                Incr(ns)  Path(ns)    Netlist Resource(s)
  -------------------------------------------------------------------    -------------------
                         (clock clk_fpga_0 rise edge)
                                                      0.000     0.000 r  
    PS7_X0Y0             PS7                          0.000     0.000 r  flash_bd_i/processing_system7_0/inst/PS7_i/FCLKCLK[0]
                         net (fo=1, routed)           0.310     0.310    flash_bd_i/processing_system7_0/inst/FCLK_CLK_unbuffered[0]
    BUFGCTRL_X0Y16       BUFG (Prop_bufg_I_O)         0.026     0.336 r  flash_bd_i/processing_system7_0/inst/buffer_fclk_clk_0.FCLK_CLK_0_BUFG/O
                         net (fo=5231, routed)        0.596     0.932    flash_bd_i/axi_mem_intercon/s00_couplers/auto_pc/inst/gen_axi4_axi3.axi3_conv_inst/USE_READ.USE_SPLIT_R.read_addr_inst/USE_R_CHANNEL.cmd_queue/inst/fifo_gen_inst/inst_fifo_gen/gconvfifo.rf/grf.rf/rstblk/clk
    SLICE_X21Y47         FDRE                                         r  flash_bd_i/axi_mem_intercon/s00_couplers/auto_pc/inst/gen_axi4_axi3.axi3_conv_inst/USE_READ.USE_SPLIT_R.read_addr_inst/USE_R_CHANNEL.cmd_queue/inst/fifo_gen_inst/inst_fifo_gen/gconvfifo.rf/grf.rf/rstblk/ngwrdrst.grst.g7serrst.gnsckt_wrst.gcc_rst.sckt_wr_rst_cc_reg[0]/C
  -------------------------------------------------------------------    -------------------
    SLICE_X21Y47         FDRE (Prop_fdre_C_Q)         0.141     1.073 f  flash_bd_i/axi_mem_intercon/s00_couplers/auto_pc/inst/gen_axi4_axi3.axi3_conv_inst/USE_READ.USE_SPLIT_R.read_addr_inst/USE_R_CHANNEL.cmd_queue/inst/fifo_gen_inst/inst_fifo_gen/gconvfifo.rf/grf.rf/rstblk/ngwrdrst.grst.g7serrst.gnsckt_wrst.gcc_rst.sckt_wr_rst_cc_reg[0]/Q
                         net (fo=2, routed)           0.168     1.241    flash_bd_i/axi_mem_intercon/s00_couplers/auto_pc/inst/gen_axi4_axi3.axi3_conv_inst/USE_READ.USE_SPLIT_R.read_addr_inst/USE_R_CHANNEL.cmd_queue/inst/fifo_gen_inst/inst_fifo_gen/gconvfifo.rf/grf.rf/rstblk/ngwrdrst.grst.g7serrst.gnsckt_wrst.gcc_rst.sckt_wr_rst_cc[0]
    SLICE_X21Y47         LUT3 (Prop_lut3_I1_O)        0.045     1.286 f  flash_bd_i/axi_mem_intercon/s00_couplers/auto_pc/inst/gen_axi4_axi3.axi3_conv_inst/USE_READ.USE_SPLIT_R.read_addr_inst/USE_R_CHANNEL.cmd_queue/inst/fifo_gen_inst/inst_fifo_gen/gconvfifo.rf/grf.rf/rstblk/gpregsm1.curr_fwft_state[1]_i_2/O
                         net (fo=33, routed)          0.201     1.487    flash_bd_i/axi_mem_intercon/s00_couplers/auto_pc/inst/gen_axi4_axi3.axi3_conv_inst/USE_READ.USE_SPLIT_R.read_addr_inst/USE_R_CHANNEL.cmd_queue/inst/fifo_gen_inst/inst_fifo_gen/gconvfifo.rf/grf.rf/gntv_or_sync_fifo.gl0.rd/gr1.gr1_int.rfwft/gpregsm1.user_valid_reg_0
    SLICE_X20Y46         FDPE                                         f  flash_bd_i/axi_mem_intercon/s00_couplers/auto_pc/inst/gen_axi4_axi3.axi3_conv_inst/USE_READ.USE_SPLIT_R.read_addr_inst/USE_R_CHANNEL.cmd_queue/inst/fifo_gen_inst/inst_fifo_gen/gconvfifo.rf/grf.rf/gntv_or_sync_fifo.gl0.rd/gr1.gr1_int.rfwft/aempty_fwft_fb_i_reg/PRE
  -------------------------------------------------------------------    -------------------

                         (clock clk_fpga_0 rise edge)
                                                      0.000     0.000 r  
    PS7_X0Y0             PS7                          0.000     0.000 r  flash_bd_i/processing_system7_0/inst/PS7_i/FCLKCLK[0]
                         net (fo=1, routed)           0.337     0.337    flash_bd_i/processing_system7_0/inst/FCLK_CLK_unbuffered[0]
    BUFGCTRL_X0Y16       BUFG (Prop_bufg_I_O)         0.029     0.366 r  flash_bd_i/processing_system7_0/inst/buffer_fclk_clk_0.FCLK_CLK_0_BUFG/O
                         net (fo=5231, routed)        0.864     1.230    flash_bd_i/axi_mem_intercon/s00_couplers/auto_pc/inst/gen_axi4_axi3.axi3_conv_inst/USE_READ.USE_SPLIT_R.read_addr_inst/USE_R_CHANNEL.cmd_queue/inst/fifo_gen_inst/inst_fifo_gen/gconvfifo.rf/grf.rf/gntv_or_sync_fifo.gl0.rd/gr1.gr1_int.rfwft/clk
    SLICE_X20Y46         FDPE                                         r  flash_bd_i/axi_mem_intercon/s00_couplers/auto_pc/inst/gen_axi4_axi3.axi3_conv_inst/USE_READ.USE_SPLIT_R.read_addr_inst/USE_R_CHANNEL.cmd_queue/inst/fifo_gen_inst/inst_fifo_gen/gconvfifo.rf/grf.rf/gntv_or_sync_fifo.gl0.rd/gr1.gr1_int.rfwft/aempty_fwft_fb_i_reg/C
                         clock pessimism             -0.283     0.947    
    SLICE_X20Y46         FDPE (Remov_fdpe_C_PRE)     -0.071     0.876    flash_bd_i/axi_mem_intercon/s00_couplers/auto_pc/inst/gen_axi4_axi3.axi3_conv_inst/USE_READ.USE_SPLIT_R.read_addr_inst/USE_R_CHANNEL.cmd_queue/inst/fifo_gen_inst/inst_fifo_gen/gconvfifo.rf/grf.rf/gntv_or_sync_fifo.gl0.rd/gr1.gr1_int.rfwft/aempty_fwft_fb_i_reg
  -------------------------------------------------------------------
                         required time                         -0.876    
                         arrival time                           1.487    
  -------------------------------------------------------------------
                         slack                                  0.612    

Slack (MET) :             0.612ns  (arrival time - required time)
  Source:                 flash_bd_i/axi_mem_intercon/s00_couplers/auto_pc/inst/gen_axi4_axi3.axi3_conv_inst/USE_READ.USE_SPLIT_R.read_addr_inst/USE_R_CHANNEL.cmd_queue/inst/fifo_gen_inst/inst_fifo_gen/gconvfifo.rf/grf.rf/rstblk/ngwrdrst.grst.g7serrst.gnsckt_wrst.gcc_rst.sckt_wr_rst_cc_reg[0]/C
                            (rising edge-triggered cell FDRE clocked by clk_fpga_0  {rise@0.000ns fall@7.499ns period=14.999ns})
  Destination:            flash_bd_i/axi_mem_intercon/s00_couplers/auto_pc/inst/gen_axi4_axi3.axi3_conv_inst/USE_READ.USE_SPLIT_R.read_addr_inst/USE_R_CHANNEL.cmd_queue/inst/fifo_gen_inst/inst_fifo_gen/gconvfifo.rf/grf.rf/gntv_or_sync_fifo.gl0.rd/gr1.gr1_int.rfwft/aempty_fwft_i_reg/PRE
                            (removal check against rising-edge clock clk_fpga_0  {rise@0.000ns fall@7.499ns period=14.999ns})
  Path Group:             **async_default**
  Path Type:              Removal (Min at Fast Process Corner)
  Requirement:            0.000ns  (clk_fpga_0 rise@0.000ns - clk_fpga_0 rise@0.000ns)
  Data Path Delay:        0.556ns  (logic 0.186ns (33.478%)  route 0.370ns (66.522%))
  Logic Levels:           1  (LUT3=1)
  Clock Path Skew:        0.015ns (DCD - SCD - CPR)
    Destination Clock Delay (DCD):    1.230ns
    Source Clock Delay      (SCD):    0.932ns
    Clock Pessimism Removal (CPR):    0.283ns

    Location             Delay type                Incr(ns)  Path(ns)    Netlist Resource(s)
  -------------------------------------------------------------------    -------------------
                         (clock clk_fpga_0 rise edge)
                                                      0.000     0.000 r  
    PS7_X0Y0             PS7                          0.000     0.000 r  flash_bd_i/processing_system7_0/inst/PS7_i/FCLKCLK[0]
                         net (fo=1, routed)           0.310     0.310    flash_bd_i/processing_system7_0/inst/FCLK_CLK_unbuffered[0]
    BUFGCTRL_X0Y16       BUFG (Prop_bufg_I_O)         0.026     0.336 r  flash_bd_i/processing_system7_0/inst/buffer_fclk_clk_0.FCLK_CLK_0_BUFG/O
                         net (fo=5231, routed)        0.596     0.932    flash_bd_i/axi_mem_intercon/s00_couplers/auto_pc/inst/gen_axi4_axi3.axi3_conv_inst/USE_READ.USE_SPLIT_R.read_addr_inst/USE_R_CHANNEL.cmd_queue/inst/fifo_gen_inst/inst_fifo_gen/gconvfifo.rf/grf.rf/rstblk/clk
    SLICE_X21Y47         FDRE                                         r  flash_bd_i/axi_mem_intercon/s00_couplers/auto_pc/inst/gen_axi4_axi3.axi3_conv_inst/USE_READ.USE_SPLIT_R.read_addr_inst/USE_R_CHANNEL.cmd_queue/inst/fifo_gen_inst/inst_fifo_gen/gconvfifo.rf/grf.rf/rstblk/ngwrdrst.grst.g7serrst.gnsckt_wrst.gcc_rst.sckt_wr_rst_cc_reg[0]/C
  -------------------------------------------------------------------    -------------------
    SLICE_X21Y47         FDRE (Prop_fdre_C_Q)         0.141     1.073 f  flash_bd_i/axi_mem_intercon/s00_couplers/auto_pc/inst/gen_axi4_axi3.axi3_conv_inst/USE_READ.USE_SPLIT_R.read_addr_inst/USE_R_CHANNEL.cmd_queue/inst/fifo_gen_inst/inst_fifo_gen/gconvfifo.rf/grf.rf/rstblk/ngwrdrst.grst.g7serrst.gnsckt_wrst.gcc_rst.sckt_wr_rst_cc_reg[0]/Q
                         net (fo=2, routed)           0.168     1.241    flash_bd_i/axi_mem_intercon/s00_couplers/auto_pc/inst/gen_axi4_axi3.axi3_conv_inst/USE_READ.USE_SPLIT_R.read_addr_inst/USE_R_CHANNEL.cmd_queue/inst/fifo_gen_inst/inst_fifo_gen/gconvfifo.rf/grf.rf/rstblk/ngwrdrst.grst.g7serrst.gnsckt_wrst.gcc_rst.sckt_wr_rst_cc[0]
    SLICE_X21Y47         LUT3 (Prop_lut3_I1_O)        0.045     1.286 f  flash_bd_i/axi_mem_intercon/s00_couplers/auto_pc/inst/gen_axi4_axi3.axi3_conv_inst/USE_READ.USE_SPLIT_R.read_addr_inst/USE_R_CHANNEL.cmd_queue/inst/fifo_gen_inst/inst_fifo_gen/gconvfifo.rf/grf.rf/rstblk/gpregsm1.curr_fwft_state[1]_i_2/O
                         net (fo=33, routed)          0.201     1.487    flash_bd_i/axi_mem_intercon/s00_couplers/auto_pc/inst/gen_axi4_axi3.axi3_conv_inst/USE_READ.USE_SPLIT_R.read_addr_inst/USE_R_CHANNEL.cmd_queue/inst/fifo_gen_inst/inst_fifo_gen/gconvfifo.rf/grf.rf/gntv_or_sync_fifo.gl0.rd/gr1.gr1_int.rfwft/gpregsm1.user_valid_reg_0
    SLICE_X20Y46         FDPE                                         f  flash_bd_i/axi_mem_intercon/s00_couplers/auto_pc/inst/gen_axi4_axi3.axi3_conv_inst/USE_READ.USE_SPLIT_R.read_addr_inst/USE_R_CHANNEL.cmd_queue/inst/fifo_gen_inst/inst_fifo_gen/gconvfifo.rf/grf.rf/gntv_or_sync_fifo.gl0.rd/gr1.gr1_int.rfwft/aempty_fwft_i_reg/PRE
  -------------------------------------------------------------------    -------------------

                         (clock clk_fpga_0 rise edge)
                                                      0.000     0.000 r  
    PS7_X0Y0             PS7                          0.000     0.000 r  flash_bd_i/processing_system7_0/inst/PS7_i/FCLKCLK[0]
                         net (fo=1, routed)           0.337     0.337    flash_bd_i/processing_system7_0/inst/FCLK_CLK_unbuffered[0]
    BUFGCTRL_X0Y16       BUFG (Prop_bufg_I_O)         0.029     0.366 r  flash_bd_i/processing_system7_0/inst/buffer_fclk_clk_0.FCLK_CLK_0_BUFG/O
                         net (fo=5231, routed)        0.864     1.230    flash_bd_i/axi_mem_intercon/s00_couplers/auto_pc/inst/gen_axi4_axi3.axi3_conv_inst/USE_READ.USE_SPLIT_R.read_addr_inst/USE_R_CHANNEL.cmd_queue/inst/fifo_gen_inst/inst_fifo_gen/gconvfifo.rf/grf.rf/gntv_or_sync_fifo.gl0.rd/gr1.gr1_int.rfwft/clk
    SLICE_X20Y46         FDPE                                         r  flash_bd_i/axi_mem_intercon/s00_couplers/auto_pc/inst/gen_axi4_axi3.axi3_conv_inst/USE_READ.USE_SPLIT_R.read_addr_inst/USE_R_CHANNEL.cmd_queue/inst/fifo_gen_inst/inst_fifo_gen/gconvfifo.rf/grf.rf/gntv_or_sync_fifo.gl0.rd/gr1.gr1_int.rfwft/aempty_fwft_i_reg/C
                         clock pessimism             -0.283     0.947    
    SLICE_X20Y46         FDPE (Remov_fdpe_C_PRE)     -0.071     0.876    flash_bd_i/axi_mem_intercon/s00_couplers/auto_pc/inst/gen_axi4_axi3.axi3_conv_inst/USE_READ.USE_SPLIT_R.read_addr_inst/USE_R_CHANNEL.cmd_queue/inst/fifo_gen_inst/inst_fifo_gen/gconvfifo.rf/grf.rf/gntv_or_sync_fifo.gl0.rd/gr1.gr1_int.rfwft/aempty_fwft_i_reg
  -------------------------------------------------------------------
                         required time                         -0.876    
                         arrival time                           1.487    
  -------------------------------------------------------------------
                         slack                                  0.612    

Slack (MET) :             0.612ns  (arrival time - required time)
  Source:                 flash_bd_i/axi_mem_intercon/s00_couplers/auto_pc/inst/gen_axi4_axi3.axi3_conv_inst/USE_READ.USE_SPLIT_R.read_addr_inst/USE_R_CHANNEL.cmd_queue/inst/fifo_gen_inst/inst_fifo_gen/gconvfifo.rf/grf.rf/rstblk/ngwrdrst.grst.g7serrst.gnsckt_wrst.gcc_rst.sckt_wr_rst_cc_reg[0]/C
                            (rising edge-triggered cell FDRE clocked by clk_fpga_0  {rise@0.000ns fall@7.499ns period=14.999ns})
  Destination:            flash_bd_i/axi_mem_intercon/s00_couplers/auto_pc/inst/gen_axi4_axi3.axi3_conv_inst/USE_READ.USE_SPLIT_R.read_addr_inst/USE_R_CHANNEL.cmd_queue/inst/fifo_gen_inst/inst_fifo_gen/gconvfifo.rf/grf.rf/gntv_or_sync_fifo.gl0.rd/gr1.gr1_int.rfwft/gpregsm1.curr_fwft_state_reg[0]/CLR
                            (removal check against rising-edge clock clk_fpga_0  {rise@0.000ns fall@7.499ns period=14.999ns})
  Path Group:             **async_default**
  Path Type:              Removal (Min at Fast Process Corner)
  Requirement:            0.000ns  (clk_fpga_0 rise@0.000ns - clk_fpga_0 rise@0.000ns)
  Data Path Delay:        0.558ns  (logic 0.186ns (33.327%)  route 0.372ns (66.673%))
  Logic Levels:           1  (LUT3=1)
  Clock Path Skew:        0.013ns (DCD - SCD - CPR)
    Destination Clock Delay (DCD):    1.231ns
    Source Clock Delay      (SCD):    0.932ns
    Clock Pessimism Removal (CPR):    0.286ns

    Location             Delay type                Incr(ns)  Path(ns)    Netlist Resource(s)
  -------------------------------------------------------------------    -------------------
                         (clock clk_fpga_0 rise edge)
                                                      0.000     0.000 r  
    PS7_X0Y0             PS7                          0.000     0.000 r  flash_bd_i/processing_system7_0/inst/PS7_i/FCLKCLK[0]
                         net (fo=1, routed)           0.310     0.310    flash_bd_i/processing_system7_0/inst/FCLK_CLK_unbuffered[0]
    BUFGCTRL_X0Y16       BUFG (Prop_bufg_I_O)         0.026     0.336 r  flash_bd_i/processing_system7_0/inst/buffer_fclk_clk_0.FCLK_CLK_0_BUFG/O
                         net (fo=5231, routed)        0.596     0.932    flash_bd_i/axi_mem_intercon/s00_couplers/auto_pc/inst/gen_axi4_axi3.axi3_conv_inst/USE_READ.USE_SPLIT_R.read_addr_inst/USE_R_CHANNEL.cmd_queue/inst/fifo_gen_inst/inst_fifo_gen/gconvfifo.rf/grf.rf/rstblk/clk
    SLICE_X21Y47         FDRE                                         r  flash_bd_i/axi_mem_intercon/s00_couplers/auto_pc/inst/gen_axi4_axi3.axi3_conv_inst/USE_READ.USE_SPLIT_R.read_addr_inst/USE_R_CHANNEL.cmd_queue/inst/fifo_gen_inst/inst_fifo_gen/gconvfifo.rf/grf.rf/rstblk/ngwrdrst.grst.g7serrst.gnsckt_wrst.gcc_rst.sckt_wr_rst_cc_reg[0]/C
  -------------------------------------------------------------------    -------------------
    SLICE_X21Y47         FDRE (Prop_fdre_C_Q)         0.141     1.073 f  flash_bd_i/axi_mem_intercon/s00_couplers/auto_pc/inst/gen_axi4_axi3.axi3_conv_inst/USE_READ.USE_SPLIT_R.read_addr_inst/USE_R_CHANNEL.cmd_queue/inst/fifo_gen_inst/inst_fifo_gen/gconvfifo.rf/grf.rf/rstblk/ngwrdrst.grst.g7serrst.gnsckt_wrst.gcc_rst.sckt_wr_rst_cc_reg[0]/Q
                         net (fo=2, routed)           0.168     1.241    flash_bd_i/axi_mem_intercon/s00_couplers/auto_pc/inst/gen_axi4_axi3.axi3_conv_inst/USE_READ.USE_SPLIT_R.read_addr_inst/USE_R_CHANNEL.cmd_queue/inst/fifo_gen_inst/inst_fifo_gen/gconvfifo.rf/grf.rf/rstblk/ngwrdrst.grst.g7serrst.gnsckt_wrst.gcc_rst.sckt_wr_rst_cc[0]
    SLICE_X21Y47         LUT3 (Prop_lut3_I1_O)        0.045     1.286 f  flash_bd_i/axi_mem_intercon/s00_couplers/auto_pc/inst/gen_axi4_axi3.axi3_conv_inst/USE_READ.USE_SPLIT_R.read_addr_inst/USE_R_CHANNEL.cmd_queue/inst/fifo_gen_inst/inst_fifo_gen/gconvfifo.rf/grf.rf/rstblk/gpregsm1.curr_fwft_state[1]_i_2/O
                         net (fo=33, routed)          0.204     1.490    flash_bd_i/axi_mem_intercon/s00_couplers/auto_pc/inst/gen_axi4_axi3.axi3_conv_inst/USE_READ.USE_SPLIT_R.read_addr_inst/USE_R_CHANNEL.cmd_queue/inst/fifo_gen_inst/inst_fifo_gen/gconvfifo.rf/grf.rf/gntv_or_sync_fifo.gl0.rd/gr1.gr1_int.rfwft/gpregsm1.user_valid_reg_0
    SLICE_X20Y47         FDCE                                         f  flash_bd_i/axi_mem_intercon/s00_couplers/auto_pc/inst/gen_axi4_axi3.axi3_conv_inst/USE_READ.USE_SPLIT_R.read_addr_inst/USE_R_CHANNEL.cmd_queue/inst/fifo_gen_inst/inst_fifo_gen/gconvfifo.rf/grf.rf/gntv_or_sync_fifo.gl0.rd/gr1.gr1_int.rfwft/gpregsm1.curr_fwft_state_reg[0]/CLR
  -------------------------------------------------------------------    -------------------

                         (clock clk_fpga_0 rise edge)
                                                      0.000     0.000 r  
    PS7_X0Y0             PS7                          0.000     0.000 r  flash_bd_i/processing_system7_0/inst/PS7_i/FCLKCLK[0]
                         net (fo=1, routed)           0.337     0.337    flash_bd_i/processing_system7_0/inst/FCLK_CLK_unbuffered[0]
    BUFGCTRL_X0Y16       BUFG (Prop_bufg_I_O)         0.029     0.366 r  flash_bd_i/processing_system7_0/inst/buffer_fclk_clk_0.FCLK_CLK_0_BUFG/O
                         net (fo=5231, routed)        0.865     1.231    flash_bd_i/axi_mem_intercon/s00_couplers/auto_pc/inst/gen_axi4_axi3.axi3_conv_inst/USE_READ.USE_SPLIT_R.read_addr_inst/USE_R_CHANNEL.cmd_queue/inst/fifo_gen_inst/inst_fifo_gen/gconvfifo.rf/grf.rf/gntv_or_sync_fifo.gl0.rd/gr1.gr1_int.rfwft/clk
    SLICE_X20Y47         FDCE                                         r  flash_bd_i/axi_mem_intercon/s00_couplers/auto_pc/inst/gen_axi4_axi3.axi3_conv_inst/USE_READ.USE_SPLIT_R.read_addr_inst/USE_R_CHANNEL.cmd_queue/inst/fifo_gen_inst/inst_fifo_gen/gconvfifo.rf/grf.rf/gntv_or_sync_fifo.gl0.rd/gr1.gr1_int.rfwft/gpregsm1.curr_fwft_state_reg[0]/C
                         clock pessimism             -0.286     0.945    
    SLICE_X20Y47         FDCE (Remov_fdce_C_CLR)     -0.067     0.878    flash_bd_i/axi_mem_intercon/s00_couplers/auto_pc/inst/gen_axi4_axi3.axi3_conv_inst/USE_READ.USE_SPLIT_R.read_addr_inst/USE_R_CHANNEL.cmd_queue/inst/fifo_gen_inst/inst_fifo_gen/gconvfifo.rf/grf.rf/gntv_or_sync_fifo.gl0.rd/gr1.gr1_int.rfwft/gpregsm1.curr_fwft_state_reg[0]
  -------------------------------------------------------------------
                         required time                         -0.877    
                         arrival time                           1.490    
  -------------------------------------------------------------------
                         slack                                  0.612    

Slack (MET) :             0.612ns  (arrival time - required time)
  Source:                 flash_bd_i/axi_mem_intercon/s00_couplers/auto_pc/inst/gen_axi4_axi3.axi3_conv_inst/USE_READ.USE_SPLIT_R.read_addr_inst/USE_R_CHANNEL.cmd_queue/inst/fifo_gen_inst/inst_fifo_gen/gconvfifo.rf/grf.rf/rstblk/ngwrdrst.grst.g7serrst.gnsckt_wrst.gcc_rst.sckt_wr_rst_cc_reg[0]/C
                            (rising edge-triggered cell FDRE clocked by clk_fpga_0  {rise@0.000ns fall@7.499ns period=14.999ns})
  Destination:            flash_bd_i/axi_mem_intercon/s00_couplers/auto_pc/inst/gen_axi4_axi3.axi3_conv_inst/USE_READ.USE_SPLIT_R.read_addr_inst/USE_R_CHANNEL.cmd_queue/inst/fifo_gen_inst/inst_fifo_gen/gconvfifo.rf/grf.rf/gntv_or_sync_fifo.gl0.rd/gr1.gr1_int.rfwft/gpregsm1.curr_fwft_state_reg[1]/CLR
                            (removal check against rising-edge clock clk_fpga_0  {rise@0.000ns fall@7.499ns period=14.999ns})
  Path Group:             **async_default**
  Path Type:              Removal (Min at Fast Process Corner)
  Requirement:            0.000ns  (clk_fpga_0 rise@0.000ns - clk_fpga_0 rise@0.000ns)
  Data Path Delay:        0.558ns  (logic 0.186ns (33.327%)  route 0.372ns (66.673%))
  Logic Levels:           1  (LUT3=1)
  Clock Path Skew:        0.013ns (DCD - SCD - CPR)
    Destination Clock Delay (DCD):    1.231ns
    Source Clock Delay      (SCD):    0.932ns
    Clock Pessimism Removal (CPR):    0.286ns

    Location             Delay type                Incr(ns)  Path(ns)    Netlist Resource(s)
  -------------------------------------------------------------------    -------------------
                         (clock clk_fpga_0 rise edge)
                                                      0.000     0.000 r  
    PS7_X0Y0             PS7                          0.000     0.000 r  flash_bd_i/processing_system7_0/inst/PS7_i/FCLKCLK[0]
                         net (fo=1, routed)           0.310     0.310    flash_bd_i/processing_system7_0/inst/FCLK_CLK_unbuffered[0]
    BUFGCTRL_X0Y16       BUFG (Prop_bufg_I_O)         0.026     0.336 r  flash_bd_i/processing_system7_0/inst/buffer_fclk_clk_0.FCLK_CLK_0_BUFG/O
                         net (fo=5231, routed)        0.596     0.932    flash_bd_i/axi_mem_intercon/s00_couplers/auto_pc/inst/gen_axi4_axi3.axi3_conv_inst/USE_READ.USE_SPLIT_R.read_addr_inst/USE_R_CHANNEL.cmd_queue/inst/fifo_gen_inst/inst_fifo_gen/gconvfifo.rf/grf.rf/rstblk/clk
    SLICE_X21Y47         FDRE                                         r  flash_bd_i/axi_mem_intercon/s00_couplers/auto_pc/inst/gen_axi4_axi3.axi3_conv_inst/USE_READ.USE_SPLIT_R.read_addr_inst/USE_R_CHANNEL.cmd_queue/inst/fifo_gen_inst/inst_fifo_gen/gconvfifo.rf/grf.rf/rstblk/ngwrdrst.grst.g7serrst.gnsckt_wrst.gcc_rst.sckt_wr_rst_cc_reg[0]/C
  -------------------------------------------------------------------    -------------------
    SLICE_X21Y47         FDRE (Prop_fdre_C_Q)         0.141     1.073 f  flash_bd_i/axi_mem_intercon/s00_couplers/auto_pc/inst/gen_axi4_axi3.axi3_conv_inst/USE_READ.USE_SPLIT_R.read_addr_inst/USE_R_CHANNEL.cmd_queue/inst/fifo_gen_inst/inst_fifo_gen/gconvfifo.rf/grf.rf/rstblk/ngwrdrst.grst.g7serrst.gnsckt_wrst.gcc_rst.sckt_wr_rst_cc_reg[0]/Q
                         net (fo=2, routed)           0.168     1.241    flash_bd_i/axi_mem_intercon/s00_couplers/auto_pc/inst/gen_axi4_axi3.axi3_conv_inst/USE_READ.USE_SPLIT_R.read_addr_inst/USE_R_CHANNEL.cmd_queue/inst/fifo_gen_inst/inst_fifo_gen/gconvfifo.rf/grf.rf/rstblk/ngwrdrst.grst.g7serrst.gnsckt_wrst.gcc_rst.sckt_wr_rst_cc[0]
    SLICE_X21Y47         LUT3 (Prop_lut3_I1_O)        0.045     1.286 f  flash_bd_i/axi_mem_intercon/s00_couplers/auto_pc/inst/gen_axi4_axi3.axi3_conv_inst/USE_READ.USE_SPLIT_R.read_addr_inst/USE_R_CHANNEL.cmd_queue/inst/fifo_gen_inst/inst_fifo_gen/gconvfifo.rf/grf.rf/rstblk/gpregsm1.curr_fwft_state[1]_i_2/O
                         net (fo=33, routed)          0.204     1.490    flash_bd_i/axi_mem_intercon/s00_couplers/auto_pc/inst/gen_axi4_axi3.axi3_conv_inst/USE_READ.USE_SPLIT_R.read_addr_inst/USE_R_CHANNEL.cmd_queue/inst/fifo_gen_inst/inst_fifo_gen/gconvfifo.rf/grf.rf/gntv_or_sync_fifo.gl0.rd/gr1.gr1_int.rfwft/gpregsm1.user_valid_reg_0
    SLICE_X20Y47         FDCE                                         f  flash_bd_i/axi_mem_intercon/s00_couplers/auto_pc/inst/gen_axi4_axi3.axi3_conv_inst/USE_READ.USE_SPLIT_R.read_addr_inst/USE_R_CHANNEL.cmd_queue/inst/fifo_gen_inst/inst_fifo_gen/gconvfifo.rf/grf.rf/gntv_or_sync_fifo.gl0.rd/gr1.gr1_int.rfwft/gpregsm1.curr_fwft_state_reg[1]/CLR
  -------------------------------------------------------------------    -------------------

                         (clock clk_fpga_0 rise edge)
                                                      0.000     0.000 r  
    PS7_X0Y0             PS7                          0.000     0.000 r  flash_bd_i/processing_system7_0/inst/PS7_i/FCLKCLK[0]
                         net (fo=1, routed)           0.337     0.337    flash_bd_i/processing_system7_0/inst/FCLK_CLK_unbuffered[0]
    BUFGCTRL_X0Y16       BUFG (Prop_bufg_I_O)         0.029     0.366 r  flash_bd_i/processing_system7_0/inst/buffer_fclk_clk_0.FCLK_CLK_0_BUFG/O
                         net (fo=5231, routed)        0.865     1.231    flash_bd_i/axi_mem_intercon/s00_couplers/auto_pc/inst/gen_axi4_axi3.axi3_conv_inst/USE_READ.USE_SPLIT_R.read_addr_inst/USE_R_CHANNEL.cmd_queue/inst/fifo_gen_inst/inst_fifo_gen/gconvfifo.rf/grf.rf/gntv_or_sync_fifo.gl0.rd/gr1.gr1_int.rfwft/clk
    SLICE_X20Y47         FDCE                                         r  flash_bd_i/axi_mem_intercon/s00_couplers/auto_pc/inst/gen_axi4_axi3.axi3_conv_inst/USE_READ.USE_SPLIT_R.read_addr_inst/USE_R_CHANNEL.cmd_queue/inst/fifo_gen_inst/inst_fifo_gen/gconvfifo.rf/grf.rf/gntv_or_sync_fifo.gl0.rd/gr1.gr1_int.rfwft/gpregsm1.curr_fwft_state_reg[1]/C
                         clock pessimism             -0.286     0.945    
    SLICE_X20Y47         FDCE (Remov_fdce_C_CLR)     -0.067     0.878    flash_bd_i/axi_mem_intercon/s00_couplers/auto_pc/inst/gen_axi4_axi3.axi3_conv_inst/USE_READ.USE_SPLIT_R.read_addr_inst/USE_R_CHANNEL.cmd_queue/inst/fifo_gen_inst/inst_fifo_gen/gconvfifo.rf/grf.rf/gntv_or_sync_fifo.gl0.rd/gr1.gr1_int.rfwft/gpregsm1.curr_fwft_state_reg[1]
  -------------------------------------------------------------------
                         required time                         -0.877    
                         arrival time                           1.490    
  -------------------------------------------------------------------
                         slack                                  0.612    

Slack (MET) :             0.612ns  (arrival time - required time)
  Source:                 flash_bd_i/axi_mem_intercon/s00_couplers/auto_pc/inst/gen_axi4_axi3.axi3_conv_inst/USE_READ.USE_SPLIT_R.read_addr_inst/USE_R_CHANNEL.cmd_queue/inst/fifo_gen_inst/inst_fifo_gen/gconvfifo.rf/grf.rf/rstblk/ngwrdrst.grst.g7serrst.gnsckt_wrst.gcc_rst.sckt_wr_rst_cc_reg[0]/C
                            (rising edge-triggered cell FDRE clocked by clk_fpga_0  {rise@0.000ns fall@7.499ns period=14.999ns})
  Destination:            flash_bd_i/axi_mem_intercon/s00_couplers/auto_pc/inst/gen_axi4_axi3.axi3_conv_inst/USE_READ.USE_SPLIT_R.read_addr_inst/USE_R_CHANNEL.cmd_queue/inst/fifo_gen_inst/inst_fifo_gen/gconvfifo.rf/grf.rf/gntv_or_sync_fifo.gl0.rd/gr1.gr1_int.rfwft/gpregsm1.user_valid_reg/CLR
                            (removal check against rising-edge clock clk_fpga_0  {rise@0.000ns fall@7.499ns period=14.999ns})
  Path Group:             **async_default**
  Path Type:              Removal (Min at Fast Process Corner)
  Requirement:            0.000ns  (clk_fpga_0 rise@0.000ns - clk_fpga_0 rise@0.000ns)
  Data Path Delay:        0.558ns  (logic 0.186ns (33.327%)  route 0.372ns (66.673%))
  Logic Levels:           1  (LUT3=1)
  Clock Path Skew:        0.013ns (DCD - SCD - CPR)
    Destination Clock Delay (DCD):    1.231ns
    Source Clock Delay      (SCD):    0.932ns
    Clock Pessimism Removal (CPR):    0.286ns

    Location             Delay type                Incr(ns)  Path(ns)    Netlist Resource(s)
  -------------------------------------------------------------------    -------------------
                         (clock clk_fpga_0 rise edge)
                                                      0.000     0.000 r  
    PS7_X0Y0             PS7                          0.000     0.000 r  flash_bd_i/processing_system7_0/inst/PS7_i/FCLKCLK[0]
                         net (fo=1, routed)           0.310     0.310    flash_bd_i/processing_system7_0/inst/FCLK_CLK_unbuffered[0]
    BUFGCTRL_X0Y16       BUFG (Prop_bufg_I_O)         0.026     0.336 r  flash_bd_i/processing_system7_0/inst/buffer_fclk_clk_0.FCLK_CLK_0_BUFG/O
                         net (fo=5231, routed)        0.596     0.932    flash_bd_i/axi_mem_intercon/s00_couplers/auto_pc/inst/gen_axi4_axi3.axi3_conv_inst/USE_READ.USE_SPLIT_R.read_addr_inst/USE_R_CHANNEL.cmd_queue/inst/fifo_gen_inst/inst_fifo_gen/gconvfifo.rf/grf.rf/rstblk/clk
    SLICE_X21Y47         FDRE                                         r  flash_bd_i/axi_mem_intercon/s00_couplers/auto_pc/inst/gen_axi4_axi3.axi3_conv_inst/USE_READ.USE_SPLIT_R.read_addr_inst/USE_R_CHANNEL.cmd_queue/inst/fifo_gen_inst/inst_fifo_gen/gconvfifo.rf/grf.rf/rstblk/ngwrdrst.grst.g7serrst.gnsckt_wrst.gcc_rst.sckt_wr_rst_cc_reg[0]/C
  -------------------------------------------------------------------    -------------------
    SLICE_X21Y47         FDRE (Prop_fdre_C_Q)         0.141     1.073 f  flash_bd_i/axi_mem_intercon/s00_couplers/auto_pc/inst/gen_axi4_axi3.axi3_conv_inst/USE_READ.USE_SPLIT_R.read_addr_inst/USE_R_CHANNEL.cmd_queue/inst/fifo_gen_inst/inst_fifo_gen/gconvfifo.rf/grf.rf/rstblk/ngwrdrst.grst.g7serrst.gnsckt_wrst.gcc_rst.sckt_wr_rst_cc_reg[0]/Q
                         net (fo=2, routed)           0.168     1.241    flash_bd_i/axi_mem_intercon/s00_couplers/auto_pc/inst/gen_axi4_axi3.axi3_conv_inst/USE_READ.USE_SPLIT_R.read_addr_inst/USE_R_CHANNEL.cmd_queue/inst/fifo_gen_inst/inst_fifo_gen/gconvfifo.rf/grf.rf/rstblk/ngwrdrst.grst.g7serrst.gnsckt_wrst.gcc_rst.sckt_wr_rst_cc[0]
    SLICE_X21Y47         LUT3 (Prop_lut3_I1_O)        0.045     1.286 f  flash_bd_i/axi_mem_intercon/s00_couplers/auto_pc/inst/gen_axi4_axi3.axi3_conv_inst/USE_READ.USE_SPLIT_R.read_addr_inst/USE_R_CHANNEL.cmd_queue/inst/fifo_gen_inst/inst_fifo_gen/gconvfifo.rf/grf.rf/rstblk/gpregsm1.curr_fwft_state[1]_i_2/O
                         net (fo=33, routed)          0.204     1.490    flash_bd_i/axi_mem_intercon/s00_couplers/auto_pc/inst/gen_axi4_axi3.axi3_conv_inst/USE_READ.USE_SPLIT_R.read_addr_inst/USE_R_CHANNEL.cmd_queue/inst/fifo_gen_inst/inst_fifo_gen/gconvfifo.rf/grf.rf/gntv_or_sync_fifo.gl0.rd/gr1.gr1_int.rfwft/gpregsm1.user_valid_reg_0
    SLICE_X20Y47         FDCE                                         f  flash_bd_i/axi_mem_intercon/s00_couplers/auto_pc/inst/gen_axi4_axi3.axi3_conv_inst/USE_READ.USE_SPLIT_R.read_addr_inst/USE_R_CHANNEL.cmd_queue/inst/fifo_gen_inst/inst_fifo_gen/gconvfifo.rf/grf.rf/gntv_or_sync_fifo.gl0.rd/gr1.gr1_int.rfwft/gpregsm1.user_valid_reg/CLR
  -------------------------------------------------------------------    -------------------

                         (clock clk_fpga_0 rise edge)
                                                      0.000     0.000 r  
    PS7_X0Y0             PS7                          0.000     0.000 r  flash_bd_i/processing_system7_0/inst/PS7_i/FCLKCLK[0]
                         net (fo=1, routed)           0.337     0.337    flash_bd_i/processing_system7_0/inst/FCLK_CLK_unbuffered[0]
    BUFGCTRL_X0Y16       BUFG (Prop_bufg_I_O)         0.029     0.366 r  flash_bd_i/processing_system7_0/inst/buffer_fclk_clk_0.FCLK_CLK_0_BUFG/O
                         net (fo=5231, routed)        0.865     1.231    flash_bd_i/axi_mem_intercon/s00_couplers/auto_pc/inst/gen_axi4_axi3.axi3_conv_inst/USE_READ.USE_SPLIT_R.read_addr_inst/USE_R_CHANNEL.cmd_queue/inst/fifo_gen_inst/inst_fifo_gen/gconvfifo.rf/grf.rf/gntv_or_sync_fifo.gl0.rd/gr1.gr1_int.rfwft/clk
    SLICE_X20Y47         FDCE                                         r  flash_bd_i/axi_mem_intercon/s00_couplers/auto_pc/inst/gen_axi4_axi3.axi3_conv_inst/USE_READ.USE_SPLIT_R.read_addr_inst/USE_R_CHANNEL.cmd_queue/inst/fifo_gen_inst/inst_fifo_gen/gconvfifo.rf/grf.rf/gntv_or_sync_fifo.gl0.rd/gr1.gr1_int.rfwft/gpregsm1.user_valid_reg/C
                         clock pessimism             -0.286     0.945    
    SLICE_X20Y47         FDCE (Remov_fdce_C_CLR)     -0.067     0.878    flash_bd_i/axi_mem_intercon/s00_couplers/auto_pc/inst/gen_axi4_axi3.axi3_conv_inst/USE_READ.USE_SPLIT_R.read_addr_inst/USE_R_CHANNEL.cmd_queue/inst/fifo_gen_inst/inst_fifo_gen/gconvfifo.rf/grf.rf/gntv_or_sync_fifo.gl0.rd/gr1.gr1_int.rfwft/gpregsm1.user_valid_reg
  -------------------------------------------------------------------
                         required time                         -0.877    
                         arrival time                           1.490    
  -------------------------------------------------------------------
                         slack                                  0.612    

Slack (MET) :             0.616ns  (arrival time - required time)
  Source:                 flash_bd_i/axi_mem_intercon/s00_couplers/auto_pc/inst/gen_axi4_axi3.axi3_conv_inst/USE_READ.USE_SPLIT_R.read_addr_inst/USE_R_CHANNEL.cmd_queue/inst/fifo_gen_inst/inst_fifo_gen/gconvfifo.rf/grf.rf/rstblk/ngwrdrst.grst.g7serrst.gnsckt_wrst.gcc_rst.sckt_wr_rst_cc_reg[0]/C
                            (rising edge-triggered cell FDRE clocked by clk_fpga_0  {rise@0.000ns fall@7.499ns period=14.999ns})
  Destination:            flash_bd_i/axi_mem_intercon/s00_couplers/auto_pc/inst/gen_axi4_axi3.axi3_conv_inst/USE_READ.USE_SPLIT_R.read_addr_inst/USE_R_CHANNEL.cmd_queue/inst/fifo_gen_inst/inst_fifo_gen/gconvfifo.rf/grf.rf/gntv_or_sync_fifo.gl0.rd/gr1.gr1_int.rfwft/empty_fwft_fb_i_reg/PRE
                            (removal check against rising-edge clock clk_fpga_0  {rise@0.000ns fall@7.499ns period=14.999ns})
  Path Group:             **async_default**
  Path Type:              Removal (Min at Fast Process Corner)
  Requirement:            0.000ns  (clk_fpga_0 rise@0.000ns - clk_fpga_0 rise@0.000ns)
  Data Path Delay:        0.558ns  (logic 0.186ns (33.327%)  route 0.372ns (66.673%))
  Logic Levels:           1  (LUT3=1)
  Clock Path Skew:        0.013ns (DCD - SCD - CPR)
    Destination Clock Delay (DCD):    1.231ns
    Source Clock Delay      (SCD):    0.932ns
    Clock Pessimism Removal (CPR):    0.286ns

    Location             Delay type                Incr(ns)  Path(ns)    Netlist Resource(s)
  -------------------------------------------------------------------    -------------------
                         (clock clk_fpga_0 rise edge)
                                                      0.000     0.000 r  
    PS7_X0Y0             PS7                          0.000     0.000 r  flash_bd_i/processing_system7_0/inst/PS7_i/FCLKCLK[0]
                         net (fo=1, routed)           0.310     0.310    flash_bd_i/processing_system7_0/inst/FCLK_CLK_unbuffered[0]
    BUFGCTRL_X0Y16       BUFG (Prop_bufg_I_O)         0.026     0.336 r  flash_bd_i/processing_system7_0/inst/buffer_fclk_clk_0.FCLK_CLK_0_BUFG/O
                         net (fo=5231, routed)        0.596     0.932    flash_bd_i/axi_mem_intercon/s00_couplers/auto_pc/inst/gen_axi4_axi3.axi3_conv_inst/USE_READ.USE_SPLIT_R.read_addr_inst/USE_R_CHANNEL.cmd_queue/inst/fifo_gen_inst/inst_fifo_gen/gconvfifo.rf/grf.rf/rstblk/clk
    SLICE_X21Y47         FDRE                                         r  flash_bd_i/axi_mem_intercon/s00_couplers/auto_pc/inst/gen_axi4_axi3.axi3_conv_inst/USE_READ.USE_SPLIT_R.read_addr_inst/USE_R_CHANNEL.cmd_queue/inst/fifo_gen_inst/inst_fifo_gen/gconvfifo.rf/grf.rf/rstblk/ngwrdrst.grst.g7serrst.gnsckt_wrst.gcc_rst.sckt_wr_rst_cc_reg[0]/C
  -------------------------------------------------------------------    -------------------
    SLICE_X21Y47         FDRE (Prop_fdre_C_Q)         0.141     1.073 f  flash_bd_i/axi_mem_intercon/s00_couplers/auto_pc/inst/gen_axi4_axi3.axi3_conv_inst/USE_READ.USE_SPLIT_R.read_addr_inst/USE_R_CHANNEL.cmd_queue/inst/fifo_gen_inst/inst_fifo_gen/gconvfifo.rf/grf.rf/rstblk/ngwrdrst.grst.g7serrst.gnsckt_wrst.gcc_rst.sckt_wr_rst_cc_reg[0]/Q
                         net (fo=2, routed)           0.168     1.241    flash_bd_i/axi_mem_intercon/s00_couplers/auto_pc/inst/gen_axi4_axi3.axi3_conv_inst/USE_READ.USE_SPLIT_R.read_addr_inst/USE_R_CHANNEL.cmd_queue/inst/fifo_gen_inst/inst_fifo_gen/gconvfifo.rf/grf.rf/rstblk/ngwrdrst.grst.g7serrst.gnsckt_wrst.gcc_rst.sckt_wr_rst_cc[0]
    SLICE_X21Y47         LUT3 (Prop_lut3_I1_O)        0.045     1.286 f  flash_bd_i/axi_mem_intercon/s00_couplers/auto_pc/inst/gen_axi4_axi3.axi3_conv_inst/USE_READ.USE_SPLIT_R.read_addr_inst/USE_R_CHANNEL.cmd_queue/inst/fifo_gen_inst/inst_fifo_gen/gconvfifo.rf/grf.rf/rstblk/gpregsm1.curr_fwft_state[1]_i_2/O
                         net (fo=33, routed)          0.204     1.490    flash_bd_i/axi_mem_intercon/s00_couplers/auto_pc/inst/gen_axi4_axi3.axi3_conv_inst/USE_READ.USE_SPLIT_R.read_addr_inst/USE_R_CHANNEL.cmd_queue/inst/fifo_gen_inst/inst_fifo_gen/gconvfifo.rf/grf.rf/gntv_or_sync_fifo.gl0.rd/gr1.gr1_int.rfwft/gpregsm1.user_valid_reg_0
    SLICE_X20Y47         FDPE                                         f  flash_bd_i/axi_mem_intercon/s00_couplers/auto_pc/inst/gen_axi4_axi3.axi3_conv_inst/USE_READ.USE_SPLIT_R.read_addr_inst/USE_R_CHANNEL.cmd_queue/inst/fifo_gen_inst/inst_fifo_gen/gconvfifo.rf/grf.rf/gntv_or_sync_fifo.gl0.rd/gr1.gr1_int.rfwft/empty_fwft_fb_i_reg/PRE
  -------------------------------------------------------------------    -------------------

                         (clock clk_fpga_0 rise edge)
                                                      0.000     0.000 r  
    PS7_X0Y0             PS7                          0.000     0.000 r  flash_bd_i/processing_system7_0/inst/PS7_i/FCLKCLK[0]
                         net (fo=1, routed)           0.337     0.337    flash_bd_i/processing_system7_0/inst/FCLK_CLK_unbuffered[0]
    BUFGCTRL_X0Y16       BUFG (Prop_bufg_I_O)         0.029     0.366 r  flash_bd_i/processing_system7_0/inst/buffer_fclk_clk_0.FCLK_CLK_0_BUFG/O
                         net (fo=5231, routed)        0.865     1.231    flash_bd_i/axi_mem_intercon/s00_couplers/auto_pc/inst/gen_axi4_axi3.axi3_conv_inst/USE_READ.USE_SPLIT_R.read_addr_inst/USE_R_CHANNEL.cmd_queue/inst/fifo_gen_inst/inst_fifo_gen/gconvfifo.rf/grf.rf/gntv_or_sync_fifo.gl0.rd/gr1.gr1_int.rfwft/clk
    SLICE_X20Y47         FDPE                                         r  flash_bd_i/axi_mem_intercon/s00_couplers/auto_pc/inst/gen_axi4_axi3.axi3_conv_inst/USE_READ.USE_SPLIT_R.read_addr_inst/USE_R_CHANNEL.cmd_queue/inst/fifo_gen_inst/inst_fifo_gen/gconvfifo.rf/grf.rf/gntv_or_sync_fifo.gl0.rd/gr1.gr1_int.rfwft/empty_fwft_fb_i_reg/C
                         clock pessimism             -0.286     0.945    
    SLICE_X20Y47         FDPE (Remov_fdpe_C_PRE)     -0.071     0.874    flash_bd_i/axi_mem_intercon/s00_couplers/auto_pc/inst/gen_axi4_axi3.axi3_conv_inst/USE_READ.USE_SPLIT_R.read_addr_inst/USE_R_CHANNEL.cmd_queue/inst/fifo_gen_inst/inst_fifo_gen/gconvfifo.rf/grf.rf/gntv_or_sync_fifo.gl0.rd/gr1.gr1_int.rfwft/empty_fwft_fb_i_reg
  -------------------------------------------------------------------
                         required time                         -0.874    
                         arrival time                           1.490    
  -------------------------------------------------------------------
                         slack                                  0.616    

Slack (MET) :             0.616ns  (arrival time - required time)
  Source:                 flash_bd_i/axi_mem_intercon/s00_couplers/auto_pc/inst/gen_axi4_axi3.axi3_conv_inst/USE_READ.USE_SPLIT_R.read_addr_inst/USE_R_CHANNEL.cmd_queue/inst/fifo_gen_inst/inst_fifo_gen/gconvfifo.rf/grf.rf/rstblk/ngwrdrst.grst.g7serrst.gnsckt_wrst.gcc_rst.sckt_wr_rst_cc_reg[0]/C
                            (rising edge-triggered cell FDRE clocked by clk_fpga_0  {rise@0.000ns fall@7.499ns period=14.999ns})
  Destination:            flash_bd_i/axi_mem_intercon/s00_couplers/auto_pc/inst/gen_axi4_axi3.axi3_conv_inst/USE_READ.USE_SPLIT_R.read_addr_inst/USE_R_CHANNEL.cmd_queue/inst/fifo_gen_inst/inst_fifo_gen/gconvfifo.rf/grf.rf/gntv_or_sync_fifo.gl0.rd/gr1.gr1_int.rfwft/empty_fwft_fb_o_i_reg/PRE
                            (removal check against rising-edge clock clk_fpga_0  {rise@0.000ns fall@7.499ns period=14.999ns})
  Path Group:             **async_default**
  Path Type:              Removal (Min at Fast Process Corner)
  Requirement:            0.000ns  (clk_fpga_0 rise@0.000ns - clk_fpga_0 rise@0.000ns)
  Data Path Delay:        0.558ns  (logic 0.186ns (33.327%)  route 0.372ns (66.673%))
  Logic Levels:           1  (LUT3=1)
  Clock Path Skew:        0.013ns (DCD - SCD - CPR)
    Destination Clock Delay (DCD):    1.231ns
    Source Clock Delay      (SCD):    0.932ns
    Clock Pessimism Removal (CPR):    0.286ns

    Location             Delay type                Incr(ns)  Path(ns)    Netlist Resource(s)
  -------------------------------------------------------------------    -------------------
                         (clock clk_fpga_0 rise edge)
                                                      0.000     0.000 r  
    PS7_X0Y0             PS7                          0.000     0.000 r  flash_bd_i/processing_system7_0/inst/PS7_i/FCLKCLK[0]
                         net (fo=1, routed)           0.310     0.310    flash_bd_i/processing_system7_0/inst/FCLK_CLK_unbuffered[0]
    BUFGCTRL_X0Y16       BUFG (Prop_bufg_I_O)         0.026     0.336 r  flash_bd_i/processing_system7_0/inst/buffer_fclk_clk_0.FCLK_CLK_0_BUFG/O
                         net (fo=5231, routed)        0.596     0.932    flash_bd_i/axi_mem_intercon/s00_couplers/auto_pc/inst/gen_axi4_axi3.axi3_conv_inst/USE_READ.USE_SPLIT_R.read_addr_inst/USE_R_CHANNEL.cmd_queue/inst/fifo_gen_inst/inst_fifo_gen/gconvfifo.rf/grf.rf/rstblk/clk
    SLICE_X21Y47         FDRE                                         r  flash_bd_i/axi_mem_intercon/s00_couplers/auto_pc/inst/gen_axi4_axi3.axi3_conv_inst/USE_READ.USE_SPLIT_R.read_addr_inst/USE_R_CHANNEL.cmd_queue/inst/fifo_gen_inst/inst_fifo_gen/gconvfifo.rf/grf.rf/rstblk/ngwrdrst.grst.g7serrst.gnsckt_wrst.gcc_rst.sckt_wr_rst_cc_reg[0]/C
  -------------------------------------------------------------------    -------------------
    SLICE_X21Y47         FDRE (Prop_fdre_C_Q)         0.141     1.073 f  flash_bd_i/axi_mem_intercon/s00_couplers/auto_pc/inst/gen_axi4_axi3.axi3_conv_inst/USE_READ.USE_SPLIT_R.read_addr_inst/USE_R_CHANNEL.cmd_queue/inst/fifo_gen_inst/inst_fifo_gen/gconvfifo.rf/grf.rf/rstblk/ngwrdrst.grst.g7serrst.gnsckt_wrst.gcc_rst.sckt_wr_rst_cc_reg[0]/Q
                         net (fo=2, routed)           0.168     1.241    flash_bd_i/axi_mem_intercon/s00_couplers/auto_pc/inst/gen_axi4_axi3.axi3_conv_inst/USE_READ.USE_SPLIT_R.read_addr_inst/USE_R_CHANNEL.cmd_queue/inst/fifo_gen_inst/inst_fifo_gen/gconvfifo.rf/grf.rf/rstblk/ngwrdrst.grst.g7serrst.gnsckt_wrst.gcc_rst.sckt_wr_rst_cc[0]
    SLICE_X21Y47         LUT3 (Prop_lut3_I1_O)        0.045     1.286 f  flash_bd_i/axi_mem_intercon/s00_couplers/auto_pc/inst/gen_axi4_axi3.axi3_conv_inst/USE_READ.USE_SPLIT_R.read_addr_inst/USE_R_CHANNEL.cmd_queue/inst/fifo_gen_inst/inst_fifo_gen/gconvfifo.rf/grf.rf/rstblk/gpregsm1.curr_fwft_state[1]_i_2/O
                         net (fo=33, routed)          0.204     1.490    flash_bd_i/axi_mem_intercon/s00_couplers/auto_pc/inst/gen_axi4_axi3.axi3_conv_inst/USE_READ.USE_SPLIT_R.read_addr_inst/USE_R_CHANNEL.cmd_queue/inst/fifo_gen_inst/inst_fifo_gen/gconvfifo.rf/grf.rf/gntv_or_sync_fifo.gl0.rd/gr1.gr1_int.rfwft/gpregsm1.user_valid_reg_0
    SLICE_X20Y47         FDPE                                         f  flash_bd_i/axi_mem_intercon/s00_couplers/auto_pc/inst/gen_axi4_axi3.axi3_conv_inst/USE_READ.USE_SPLIT_R.read_addr_inst/USE_R_CHANNEL.cmd_queue/inst/fifo_gen_inst/inst_fifo_gen/gconvfifo.rf/grf.rf/gntv_or_sync_fifo.gl0.rd/gr1.gr1_int.rfwft/empty_fwft_fb_o_i_reg/PRE
  -------------------------------------------------------------------    -------------------

                         (clock clk_fpga_0 rise edge)
                                                      0.000     0.000 r  
    PS7_X0Y0             PS7                          0.000     0.000 r  flash_bd_i/processing_system7_0/inst/PS7_i/FCLKCLK[0]
                         net (fo=1, routed)           0.337     0.337    flash_bd_i/processing_system7_0/inst/FCLK_CLK_unbuffered[0]
    BUFGCTRL_X0Y16       BUFG (Prop_bufg_I_O)         0.029     0.366 r  flash_bd_i/processing_system7_0/inst/buffer_fclk_clk_0.FCLK_CLK_0_BUFG/O
                         net (fo=5231, routed)        0.865     1.231    flash_bd_i/axi_mem_intercon/s00_couplers/auto_pc/inst/gen_axi4_axi3.axi3_conv_inst/USE_READ.USE_SPLIT_R.read_addr_inst/USE_R_CHANNEL.cmd_queue/inst/fifo_gen_inst/inst_fifo_gen/gconvfifo.rf/grf.rf/gntv_or_sync_fifo.gl0.rd/gr1.gr1_int.rfwft/clk
    SLICE_X20Y47         FDPE                                         r  flash_bd_i/axi_mem_intercon/s00_couplers/auto_pc/inst/gen_axi4_axi3.axi3_conv_inst/USE_READ.USE_SPLIT_R.read_addr_inst/USE_R_CHANNEL.cmd_queue/inst/fifo_gen_inst/inst_fifo_gen/gconvfifo.rf/grf.rf/gntv_or_sync_fifo.gl0.rd/gr1.gr1_int.rfwft/empty_fwft_fb_o_i_reg/C
                         clock pessimism             -0.286     0.945    
    SLICE_X20Y47         FDPE (Remov_fdpe_C_PRE)     -0.071     0.874    flash_bd_i/axi_mem_intercon/s00_couplers/auto_pc/inst/gen_axi4_axi3.axi3_conv_inst/USE_READ.USE_SPLIT_R.read_addr_inst/USE_R_CHANNEL.cmd_queue/inst/fifo_gen_inst/inst_fifo_gen/gconvfifo.rf/grf.rf/gntv_or_sync_fifo.gl0.rd/gr1.gr1_int.rfwft/empty_fwft_fb_o_i_reg
  -------------------------------------------------------------------
                         required time                         -0.874    
                         arrival time                           1.490    
  -------------------------------------------------------------------
                         slack                                  0.616    

Slack (MET) :             0.616ns  (arrival time - required time)
  Source:                 flash_bd_i/axi_mem_intercon/s00_couplers/auto_pc/inst/gen_axi4_axi3.axi3_conv_inst/USE_READ.USE_SPLIT_R.read_addr_inst/USE_R_CHANNEL.cmd_queue/inst/fifo_gen_inst/inst_fifo_gen/gconvfifo.rf/grf.rf/rstblk/ngwrdrst.grst.g7serrst.gnsckt_wrst.gcc_rst.sckt_wr_rst_cc_reg[0]/C
                            (rising edge-triggered cell FDRE clocked by clk_fpga_0  {rise@0.000ns fall@7.499ns period=14.999ns})
  Destination:            flash_bd_i/axi_mem_intercon/s00_couplers/auto_pc/inst/gen_axi4_axi3.axi3_conv_inst/USE_READ.USE_SPLIT_R.read_addr_inst/USE_R_CHANNEL.cmd_queue/inst/fifo_gen_inst/inst_fifo_gen/gconvfifo.rf/grf.rf/gntv_or_sync_fifo.gl0.rd/gr1.gr1_int.rfwft/empty_fwft_i_reg/PRE
                            (removal check against rising-edge clock clk_fpga_0  {rise@0.000ns fall@7.499ns period=14.999ns})
  Path Group:             **async_default**
  Path Type:              Removal (Min at Fast Process Corner)
  Requirement:            0.000ns  (clk_fpga_0 rise@0.000ns - clk_fpga_0 rise@0.000ns)
  Data Path Delay:        0.558ns  (logic 0.186ns (33.327%)  route 0.372ns (66.673%))
  Logic Levels:           1  (LUT3=1)
  Clock Path Skew:        0.013ns (DCD - SCD - CPR)
    Destination Clock Delay (DCD):    1.231ns
    Source Clock Delay      (SCD):    0.932ns
    Clock Pessimism Removal (CPR):    0.286ns

    Location             Delay type                Incr(ns)  Path(ns)    Netlist Resource(s)
  -------------------------------------------------------------------    -------------------
                         (clock clk_fpga_0 rise edge)
                                                      0.000     0.000 r  
    PS7_X0Y0             PS7                          0.000     0.000 r  flash_bd_i/processing_system7_0/inst/PS7_i/FCLKCLK[0]
                         net (fo=1, routed)           0.310     0.310    flash_bd_i/processing_system7_0/inst/FCLK_CLK_unbuffered[0]
    BUFGCTRL_X0Y16       BUFG (Prop_bufg_I_O)         0.026     0.336 r  flash_bd_i/processing_system7_0/inst/buffer_fclk_clk_0.FCLK_CLK_0_BUFG/O
                         net (fo=5231, routed)        0.596     0.932    flash_bd_i/axi_mem_intercon/s00_couplers/auto_pc/inst/gen_axi4_axi3.axi3_conv_inst/USE_READ.USE_SPLIT_R.read_addr_inst/USE_R_CHANNEL.cmd_queue/inst/fifo_gen_inst/inst_fifo_gen/gconvfifo.rf/grf.rf/rstblk/clk
    SLICE_X21Y47         FDRE                                         r  flash_bd_i/axi_mem_intercon/s00_couplers/auto_pc/inst/gen_axi4_axi3.axi3_conv_inst/USE_READ.USE_SPLIT_R.read_addr_inst/USE_R_CHANNEL.cmd_queue/inst/fifo_gen_inst/inst_fifo_gen/gconvfifo.rf/grf.rf/rstblk/ngwrdrst.grst.g7serrst.gnsckt_wrst.gcc_rst.sckt_wr_rst_cc_reg[0]/C
  -------------------------------------------------------------------    -------------------
    SLICE_X21Y47         FDRE (Prop_fdre_C_Q)         0.141     1.073 f  flash_bd_i/axi_mem_intercon/s00_couplers/auto_pc/inst/gen_axi4_axi3.axi3_conv_inst/USE_READ.USE_SPLIT_R.read_addr_inst/USE_R_CHANNEL.cmd_queue/inst/fifo_gen_inst/inst_fifo_gen/gconvfifo.rf/grf.rf/rstblk/ngwrdrst.grst.g7serrst.gnsckt_wrst.gcc_rst.sckt_wr_rst_cc_reg[0]/Q
                         net (fo=2, routed)           0.168     1.241    flash_bd_i/axi_mem_intercon/s00_couplers/auto_pc/inst/gen_axi4_axi3.axi3_conv_inst/USE_READ.USE_SPLIT_R.read_addr_inst/USE_R_CHANNEL.cmd_queue/inst/fifo_gen_inst/inst_fifo_gen/gconvfifo.rf/grf.rf/rstblk/ngwrdrst.grst.g7serrst.gnsckt_wrst.gcc_rst.sckt_wr_rst_cc[0]
    SLICE_X21Y47         LUT3 (Prop_lut3_I1_O)        0.045     1.286 f  flash_bd_i/axi_mem_intercon/s00_couplers/auto_pc/inst/gen_axi4_axi3.axi3_conv_inst/USE_READ.USE_SPLIT_R.read_addr_inst/USE_R_CHANNEL.cmd_queue/inst/fifo_gen_inst/inst_fifo_gen/gconvfifo.rf/grf.rf/rstblk/gpregsm1.curr_fwft_state[1]_i_2/O
                         net (fo=33, routed)          0.204     1.490    flash_bd_i/axi_mem_intercon/s00_couplers/auto_pc/inst/gen_axi4_axi3.axi3_conv_inst/USE_READ.USE_SPLIT_R.read_addr_inst/USE_R_CHANNEL.cmd_queue/inst/fifo_gen_inst/inst_fifo_gen/gconvfifo.rf/grf.rf/gntv_or_sync_fifo.gl0.rd/gr1.gr1_int.rfwft/gpregsm1.user_valid_reg_0
    SLICE_X20Y47         FDPE                                         f  flash_bd_i/axi_mem_intercon/s00_couplers/auto_pc/inst/gen_axi4_axi3.axi3_conv_inst/USE_READ.USE_SPLIT_R.read_addr_inst/USE_R_CHANNEL.cmd_queue/inst/fifo_gen_inst/inst_fifo_gen/gconvfifo.rf/grf.rf/gntv_or_sync_fifo.gl0.rd/gr1.gr1_int.rfwft/empty_fwft_i_reg/PRE
  -------------------------------------------------------------------    -------------------

                         (clock clk_fpga_0 rise edge)
                                                      0.000     0.000 r  
    PS7_X0Y0             PS7                          0.000     0.000 r  flash_bd_i/processing_system7_0/inst/PS7_i/FCLKCLK[0]
                         net (fo=1, routed)           0.337     0.337    flash_bd_i/processing_system7_0/inst/FCLK_CLK_unbuffered[0]
    BUFGCTRL_X0Y16       BUFG (Prop_bufg_I_O)         0.029     0.366 r  flash_bd_i/processing_system7_0/inst/buffer_fclk_clk_0.FCLK_CLK_0_BUFG/O
                         net (fo=5231, routed)        0.865     1.231    flash_bd_i/axi_mem_intercon/s00_couplers/auto_pc/inst/gen_axi4_axi3.axi3_conv_inst/USE_READ.USE_SPLIT_R.read_addr_inst/USE_R_CHANNEL.cmd_queue/inst/fifo_gen_inst/inst_fifo_gen/gconvfifo.rf/grf.rf/gntv_or_sync_fifo.gl0.rd/gr1.gr1_int.rfwft/clk
    SLICE_X20Y47         FDPE                                         r  flash_bd_i/axi_mem_intercon/s00_couplers/auto_pc/inst/gen_axi4_axi3.axi3_conv_inst/USE_READ.USE_SPLIT_R.read_addr_inst/USE_R_CHANNEL.cmd_queue/inst/fifo_gen_inst/inst_fifo_gen/gconvfifo.rf/grf.rf/gntv_or_sync_fifo.gl0.rd/gr1.gr1_int.rfwft/empty_fwft_i_reg/C
                         clock pessimism             -0.286     0.945    
    SLICE_X20Y47         FDPE (Remov_fdpe_C_PRE)     -0.071     0.874    flash_bd_i/axi_mem_intercon/s00_couplers/auto_pc/inst/gen_axi4_axi3.axi3_conv_inst/USE_READ.USE_SPLIT_R.read_addr_inst/USE_R_CHANNEL.cmd_queue/inst/fifo_gen_inst/inst_fifo_gen/gconvfifo.rf/grf.rf/gntv_or_sync_fifo.gl0.rd/gr1.gr1_int.rfwft/empty_fwft_i_reg
  -------------------------------------------------------------------
                         required time                         -0.874    
                         arrival time                           1.490    
  -------------------------------------------------------------------
                         slack                                  0.616    

Slack (MET) :             0.656ns  (arrival time - required time)
  Source:                 flash_bd_i/axi_mem_intercon/s00_couplers/auto_pc/inst/gen_axi4_axi3.axi3_conv_inst/USE_READ.USE_SPLIT_R.read_addr_inst/USE_R_CHANNEL.cmd_queue/inst/fifo_gen_inst/inst_fifo_gen/gconvfifo.rf/grf.rf/rstblk/ngwrdrst.grst.g7serrst.gnsckt_wrst.gcc_rst.sckt_wr_rst_cc_reg[0]/C
                            (rising edge-triggered cell FDRE clocked by clk_fpga_0  {rise@0.000ns fall@7.499ns period=14.999ns})
  Destination:            flash_bd_i/axi_mem_intercon/s00_couplers/auto_pc/inst/gen_axi4_axi3.axi3_conv_inst/USE_READ.USE_SPLIT_R.read_addr_inst/USE_R_CHANNEL.cmd_queue/inst/fifo_gen_inst/inst_fifo_gen/gconvfifo.rf/grf.rf/gntv_or_sync_fifo.gl0.wr/gwss.wsts/ram_full_fb_i_reg/CLR
                            (removal check against rising-edge clock clk_fpga_0  {rise@0.000ns fall@7.499ns period=14.999ns})
  Path Group:             **async_default**
  Path Type:              Removal (Min at Fast Process Corner)
  Requirement:            0.000ns  (clk_fpga_0 rise@0.000ns - clk_fpga_0 rise@0.000ns)
  Data Path Delay:        0.625ns  (logic 0.186ns (29.742%)  route 0.439ns (70.258%))
  Logic Levels:           1  (LUT3=1)
  Clock Path Skew:        0.036ns (DCD - SCD - CPR)
    Destination Clock Delay (DCD):    1.231ns
    Source Clock Delay      (SCD):    0.932ns
    Clock Pessimism Removal (CPR):    0.263ns

    Location             Delay type                Incr(ns)  Path(ns)    Netlist Resource(s)
  -------------------------------------------------------------------    -------------------
                         (clock clk_fpga_0 rise edge)
                                                      0.000     0.000 r  
    PS7_X0Y0             PS7                          0.000     0.000 r  flash_bd_i/processing_system7_0/inst/PS7_i/FCLKCLK[0]
                         net (fo=1, routed)           0.310     0.310    flash_bd_i/processing_system7_0/inst/FCLK_CLK_unbuffered[0]
    BUFGCTRL_X0Y16       BUFG (Prop_bufg_I_O)         0.026     0.336 r  flash_bd_i/processing_system7_0/inst/buffer_fclk_clk_0.FCLK_CLK_0_BUFG/O
                         net (fo=5231, routed)        0.596     0.932    flash_bd_i/axi_mem_intercon/s00_couplers/auto_pc/inst/gen_axi4_axi3.axi3_conv_inst/USE_READ.USE_SPLIT_R.read_addr_inst/USE_R_CHANNEL.cmd_queue/inst/fifo_gen_inst/inst_fifo_gen/gconvfifo.rf/grf.rf/rstblk/clk
    SLICE_X21Y47         FDRE                                         r  flash_bd_i/axi_mem_intercon/s00_couplers/auto_pc/inst/gen_axi4_axi3.axi3_conv_inst/USE_READ.USE_SPLIT_R.read_addr_inst/USE_R_CHANNEL.cmd_queue/inst/fifo_gen_inst/inst_fifo_gen/gconvfifo.rf/grf.rf/rstblk/ngwrdrst.grst.g7serrst.gnsckt_wrst.gcc_rst.sckt_wr_rst_cc_reg[0]/C
  -------------------------------------------------------------------    -------------------
    SLICE_X21Y47         FDRE (Prop_fdre_C_Q)         0.141     1.073 f  flash_bd_i/axi_mem_intercon/s00_couplers/auto_pc/inst/gen_axi4_axi3.axi3_conv_inst/USE_READ.USE_SPLIT_R.read_addr_inst/USE_R_CHANNEL.cmd_queue/inst/fifo_gen_inst/inst_fifo_gen/gconvfifo.rf/grf.rf/rstblk/ngwrdrst.grst.g7serrst.gnsckt_wrst.gcc_rst.sckt_wr_rst_cc_reg[0]/Q
                         net (fo=2, routed)           0.168     1.241    flash_bd_i/axi_mem_intercon/s00_couplers/auto_pc/inst/gen_axi4_axi3.axi3_conv_inst/USE_READ.USE_SPLIT_R.read_addr_inst/USE_R_CHANNEL.cmd_queue/inst/fifo_gen_inst/inst_fifo_gen/gconvfifo.rf/grf.rf/rstblk/ngwrdrst.grst.g7serrst.gnsckt_wrst.gcc_rst.sckt_wr_rst_cc[0]
    SLICE_X21Y47         LUT3 (Prop_lut3_I1_O)        0.045     1.286 f  flash_bd_i/axi_mem_intercon/s00_couplers/auto_pc/inst/gen_axi4_axi3.axi3_conv_inst/USE_READ.USE_SPLIT_R.read_addr_inst/USE_R_CHANNEL.cmd_queue/inst/fifo_gen_inst/inst_fifo_gen/gconvfifo.rf/grf.rf/rstblk/gpregsm1.curr_fwft_state[1]_i_2/O
                         net (fo=33, routed)          0.271     1.557    flash_bd_i/axi_mem_intercon/s00_couplers/auto_pc/inst/gen_axi4_axi3.axi3_conv_inst/USE_READ.USE_SPLIT_R.read_addr_inst/USE_R_CHANNEL.cmd_queue/inst/fifo_gen_inst/inst_fifo_gen/gconvfifo.rf/grf.rf/gntv_or_sync_fifo.gl0.wr/gwss.wsts/ram_full_i_reg_0
    SLICE_X18Y46         FDCE                                         f  flash_bd_i/axi_mem_intercon/s00_couplers/auto_pc/inst/gen_axi4_axi3.axi3_conv_inst/USE_READ.USE_SPLIT_R.read_addr_inst/USE_R_CHANNEL.cmd_queue/inst/fifo_gen_inst/inst_fifo_gen/gconvfifo.rf/grf.rf/gntv_or_sync_fifo.gl0.wr/gwss.wsts/ram_full_fb_i_reg/CLR
  -------------------------------------------------------------------    -------------------

                         (clock clk_fpga_0 rise edge)
                                                      0.000     0.000 r  
    PS7_X0Y0             PS7                          0.000     0.000 r  flash_bd_i/processing_system7_0/inst/PS7_i/FCLKCLK[0]
                         net (fo=1, routed)           0.337     0.337    flash_bd_i/processing_system7_0/inst/FCLK_CLK_unbuffered[0]
    BUFGCTRL_X0Y16       BUFG (Prop_bufg_I_O)         0.029     0.366 r  flash_bd_i/processing_system7_0/inst/buffer_fclk_clk_0.FCLK_CLK_0_BUFG/O
                         net (fo=5231, routed)        0.865     1.231    flash_bd_i/axi_mem_intercon/s00_couplers/auto_pc/inst/gen_axi4_axi3.axi3_conv_inst/USE_READ.USE_SPLIT_R.read_addr_inst/USE_R_CHANNEL.cmd_queue/inst/fifo_gen_inst/inst_fifo_gen/gconvfifo.rf/grf.rf/gntv_or_sync_fifo.gl0.wr/gwss.wsts/clk
    SLICE_X18Y46         FDCE                                         r  flash_bd_i/axi_mem_intercon/s00_couplers/auto_pc/inst/gen_axi4_axi3.axi3_conv_inst/USE_READ.USE_SPLIT_R.read_addr_inst/USE_R_CHANNEL.cmd_queue/inst/fifo_gen_inst/inst_fifo_gen/gconvfifo.rf/grf.rf/gntv_or_sync_fifo.gl0.wr/gwss.wsts/ram_full_fb_i_reg/C
                         clock pessimism             -0.263     0.967    
    SLICE_X18Y46         FDCE (Remov_fdce_C_CLR)     -0.067     0.900    flash_bd_i/axi_mem_intercon/s00_couplers/auto_pc/inst/gen_axi4_axi3.axi3_conv_inst/USE_READ.USE_SPLIT_R.read_addr_inst/USE_R_CHANNEL.cmd_queue/inst/fifo_gen_inst/inst_fifo_gen/gconvfifo.rf/grf.rf/gntv_or_sync_fifo.gl0.wr/gwss.wsts/ram_full_fb_i_reg
  -------------------------------------------------------------------
                         required time                         -0.900    
                         arrival time                           1.557    
  -------------------------------------------------------------------
                         slack                                  0.656    

Slack (MET) :             0.656ns  (arrival time - required time)
  Source:                 flash_bd_i/axi_mem_intercon/s00_couplers/auto_pc/inst/gen_axi4_axi3.axi3_conv_inst/USE_READ.USE_SPLIT_R.read_addr_inst/USE_R_CHANNEL.cmd_queue/inst/fifo_gen_inst/inst_fifo_gen/gconvfifo.rf/grf.rf/rstblk/ngwrdrst.grst.g7serrst.gnsckt_wrst.gcc_rst.sckt_wr_rst_cc_reg[0]/C
                            (rising edge-triggered cell FDRE clocked by clk_fpga_0  {rise@0.000ns fall@7.499ns period=14.999ns})
  Destination:            flash_bd_i/axi_mem_intercon/s00_couplers/auto_pc/inst/gen_axi4_axi3.axi3_conv_inst/USE_READ.USE_SPLIT_R.read_addr_inst/USE_R_CHANNEL.cmd_queue/inst/fifo_gen_inst/inst_fifo_gen/gconvfifo.rf/grf.rf/gntv_or_sync_fifo.gl0.wr/gwss.wsts/ram_full_i_reg/CLR
                            (removal check against rising-edge clock clk_fpga_0  {rise@0.000ns fall@7.499ns period=14.999ns})
  Path Group:             **async_default**
  Path Type:              Removal (Min at Fast Process Corner)
  Requirement:            0.000ns  (clk_fpga_0 rise@0.000ns - clk_fpga_0 rise@0.000ns)
  Data Path Delay:        0.625ns  (logic 0.186ns (29.742%)  route 0.439ns (70.258%))
  Logic Levels:           1  (LUT3=1)
  Clock Path Skew:        0.036ns (DCD - SCD - CPR)
    Destination Clock Delay (DCD):    1.231ns
    Source Clock Delay      (SCD):    0.932ns
    Clock Pessimism Removal (CPR):    0.263ns

    Location             Delay type                Incr(ns)  Path(ns)    Netlist Resource(s)
  -------------------------------------------------------------------    -------------------
                         (clock clk_fpga_0 rise edge)
                                                      0.000     0.000 r  
    PS7_X0Y0             PS7                          0.000     0.000 r  flash_bd_i/processing_system7_0/inst/PS7_i/FCLKCLK[0]
                         net (fo=1, routed)           0.310     0.310    flash_bd_i/processing_system7_0/inst/FCLK_CLK_unbuffered[0]
    BUFGCTRL_X0Y16       BUFG (Prop_bufg_I_O)         0.026     0.336 r  flash_bd_i/processing_system7_0/inst/buffer_fclk_clk_0.FCLK_CLK_0_BUFG/O
                         net (fo=5231, routed)        0.596     0.932    flash_bd_i/axi_mem_intercon/s00_couplers/auto_pc/inst/gen_axi4_axi3.axi3_conv_inst/USE_READ.USE_SPLIT_R.read_addr_inst/USE_R_CHANNEL.cmd_queue/inst/fifo_gen_inst/inst_fifo_gen/gconvfifo.rf/grf.rf/rstblk/clk
    SLICE_X21Y47         FDRE                                         r  flash_bd_i/axi_mem_intercon/s00_couplers/auto_pc/inst/gen_axi4_axi3.axi3_conv_inst/USE_READ.USE_SPLIT_R.read_addr_inst/USE_R_CHANNEL.cmd_queue/inst/fifo_gen_inst/inst_fifo_gen/gconvfifo.rf/grf.rf/rstblk/ngwrdrst.grst.g7serrst.gnsckt_wrst.gcc_rst.sckt_wr_rst_cc_reg[0]/C
  -------------------------------------------------------------------    -------------------
    SLICE_X21Y47         FDRE (Prop_fdre_C_Q)         0.141     1.073 f  flash_bd_i/axi_mem_intercon/s00_couplers/auto_pc/inst/gen_axi4_axi3.axi3_conv_inst/USE_READ.USE_SPLIT_R.read_addr_inst/USE_R_CHANNEL.cmd_queue/inst/fifo_gen_inst/inst_fifo_gen/gconvfifo.rf/grf.rf/rstblk/ngwrdrst.grst.g7serrst.gnsckt_wrst.gcc_rst.sckt_wr_rst_cc_reg[0]/Q
                         net (fo=2, routed)           0.168     1.241    flash_bd_i/axi_mem_intercon/s00_couplers/auto_pc/inst/gen_axi4_axi3.axi3_conv_inst/USE_READ.USE_SPLIT_R.read_addr_inst/USE_R_CHANNEL.cmd_queue/inst/fifo_gen_inst/inst_fifo_gen/gconvfifo.rf/grf.rf/rstblk/ngwrdrst.grst.g7serrst.gnsckt_wrst.gcc_rst.sckt_wr_rst_cc[0]
    SLICE_X21Y47         LUT3 (Prop_lut3_I1_O)        0.045     1.286 f  flash_bd_i/axi_mem_intercon/s00_couplers/auto_pc/inst/gen_axi4_axi3.axi3_conv_inst/USE_READ.USE_SPLIT_R.read_addr_inst/USE_R_CHANNEL.cmd_queue/inst/fifo_gen_inst/inst_fifo_gen/gconvfifo.rf/grf.rf/rstblk/gpregsm1.curr_fwft_state[1]_i_2/O
                         net (fo=33, routed)          0.271     1.557    flash_bd_i/axi_mem_intercon/s00_couplers/auto_pc/inst/gen_axi4_axi3.axi3_conv_inst/USE_READ.USE_SPLIT_R.read_addr_inst/USE_R_CHANNEL.cmd_queue/inst/fifo_gen_inst/inst_fifo_gen/gconvfifo.rf/grf.rf/gntv_or_sync_fifo.gl0.wr/gwss.wsts/ram_full_i_reg_0
    SLICE_X18Y46         FDCE                                         f  flash_bd_i/axi_mem_intercon/s00_couplers/auto_pc/inst/gen_axi4_axi3.axi3_conv_inst/USE_READ.USE_SPLIT_R.read_addr_inst/USE_R_CHANNEL.cmd_queue/inst/fifo_gen_inst/inst_fifo_gen/gconvfifo.rf/grf.rf/gntv_or_sync_fifo.gl0.wr/gwss.wsts/ram_full_i_reg/CLR
  -------------------------------------------------------------------    -------------------

                         (clock clk_fpga_0 rise edge)
                                                      0.000     0.000 r  
    PS7_X0Y0             PS7                          0.000     0.000 r  flash_bd_i/processing_system7_0/inst/PS7_i/FCLKCLK[0]
                         net (fo=1, routed)           0.337     0.337    flash_bd_i/processing_system7_0/inst/FCLK_CLK_unbuffered[0]
    BUFGCTRL_X0Y16       BUFG (Prop_bufg_I_O)         0.029     0.366 r  flash_bd_i/processing_system7_0/inst/buffer_fclk_clk_0.FCLK_CLK_0_BUFG/O
                         net (fo=5231, routed)        0.865     1.231    flash_bd_i/axi_mem_intercon/s00_couplers/auto_pc/inst/gen_axi4_axi3.axi3_conv_inst/USE_READ.USE_SPLIT_R.read_addr_inst/USE_R_CHANNEL.cmd_queue/inst/fifo_gen_inst/inst_fifo_gen/gconvfifo.rf/grf.rf/gntv_or_sync_fifo.gl0.wr/gwss.wsts/clk
    SLICE_X18Y46         FDCE                                         r  flash_bd_i/axi_mem_intercon/s00_couplers/auto_pc/inst/gen_axi4_axi3.axi3_conv_inst/USE_READ.USE_SPLIT_R.read_addr_inst/USE_R_CHANNEL.cmd_queue/inst/fifo_gen_inst/inst_fifo_gen/gconvfifo.rf/grf.rf/gntv_or_sync_fifo.gl0.wr/gwss.wsts/ram_full_i_reg/C
                         clock pessimism             -0.263     0.967    
    SLICE_X18Y46         FDCE (Remov_fdce_C_CLR)     -0.067     0.900    flash_bd_i/axi_mem_intercon/s00_couplers/auto_pc/inst/gen_axi4_axi3.axi3_conv_inst/USE_READ.USE_SPLIT_R.read_addr_inst/USE_R_CHANNEL.cmd_queue/inst/fifo_gen_inst/inst_fifo_gen/gconvfifo.rf/grf.rf/gntv_or_sync_fifo.gl0.wr/gwss.wsts/ram_full_i_reg
  -------------------------------------------------------------------
                         required time                         -0.900    
                         arrival time                           1.557    
  -------------------------------------------------------------------
                         slack                                  0.656    





