Copyright 1986-2022 Xilinx, Inc. All Rights Reserved.
--------------------------------------------------------------------------------------------------------------------------
| Tool Version : Vivado v.2022.2 (win64) Build 3671981 Fri Oct 14 05:00:03 MDT 2022
| Date         : Wed Oct  7 22:21:41 2026
| Host         : Karthik running 64-bit major release  (build 9200)
| Command      : report_timing_summary -max_paths 10 -file C:/KarDRIVE/Projects/ProjectFlash/docs/V1_impl_timing_v1_2.rpt
| Design       : flash_bd_wrapper
| Device       : 7z020-clg400
| Speed File   : -1  PRODUCTION 1.12 2019-11-22
--------------------------------------------------------------------------------------------------------------------------

Timing Summary Report

------------------------------------------------------------------------------------------------
| Timer Settings
| --------------
------------------------------------------------------------------------------------------------

  Enable Multi Corner Analysis               :  Yes
  Enable Pessimism Removal                   :  Yes
  Pessimism Removal Resolution               :  Nearest Common Node
  Enable Input Delay Default Clock           :  No
  Enable Preset / Clear Arcs                 :  No
  Disable Flight Delays                      :  No
  Ignore I/O Paths                           :  No
  Timing Early Launch at Borrowing Latches   :  No
  Borrow Time for Max Delay Exceptions       :  Yes
  Merge Timing Exceptions                    :  Yes

  Corner  Analyze    Analyze    
  Name    Max Paths  Min Paths  
  ------  ---------  ---------  
  Slow    Yes        Yes        
  Fast    Yes        Yes        


------------------------------------------------------------------------------------------------
| Report Methodology
| ------------------
------------------------------------------------------------------------------------------------

No report available as report_methodology has not been run prior. Run report_methodology on the current design for the summary of methodology violations.



check_timing report

Table of Contents
-----------------
1. checking no_clock (0)
2. checking constant_clock (0)
3. checking pulse_width_clock (0)
4. checking unconstrained_internal_endpoints (0)
5. checking no_input_delay (0)
6. checking no_output_delay (0)
7. checking multiple_clock (0)
8. checking generated_clocks (0)
9. checking loops (0)
10. checking partial_input_delay (0)
11. checking partial_output_delay (0)
12. checking latch_loops (0)

1. checking no_clock (0)
------------------------
 There are 0 register/latch pins with no clock.


2. checking constant_clock (0)
------------------------------
 There are 0 register/latch pins with constant_clock.


3. checking pulse_width_clock (0)
---------------------------------
 There are 0 register/latch pins which need pulse_width check


4. checking unconstrained_internal_endpoints (0)
------------------------------------------------
 There are 0 pins that are not constrained for maximum delay.

 There are 0 pins that are not constrained for maximum delay due to constant clock.


5. checking no_input_delay (0)
------------------------------
 There are 0 input ports with no input delay specified.

 There are 0 input ports with no input delay but user has a false path constraint.


6. checking no_output_delay (0)
-------------------------------
 There are 0 ports with no output delay specified.

 There are 0 ports with no output delay but user has a false path constraint

 There are 0 ports with no output delay but with a timing clock defined on it or propagating through it


7. checking multiple_clock (0)
------------------------------
 There are 0 register/latch pins with multiple clocks.


8. checking generated_clocks (0)
--------------------------------
 There are 0 generated clocks that are not connected to a clock source.


9. checking loops (0)
---------------------
 There are 0 combinational loops in the design.


10. checking partial_input_delay (0)
------------------------------------
 There are 0 input ports with partial input delay specified.


11. checking partial_output_delay (0)
-------------------------------------
 There are 0 ports with partial output delay specified.


12. checking latch_loops (0)
----------------------------
 There are 0 combinational latch loops in the design through latch input



------------------------------------------------------------------------------------------------
| Design Timing Summary
| ---------------------
------------------------------------------------------------------------------------------------

    WNS(ns)      TNS(ns)  TNS Failing Endpoints  TNS Total Endpoints      WHS(ns)      THS(ns)  THS Failing Endpoints  THS Total Endpoints     WPWS(ns)     TPWS(ns)  TPWS Failing Endpoints  TPWS Total Endpoints  
    -------      -------  ---------------------  -------------------      -------      -------  ---------------------  -------------------     --------     --------  ----------------------  --------------------  
      0.206        0.000                      0                15320        0.024        0.000                      0                15320        6.249        0.000                       0                  5062  


All user specified timing constraints are met.


------------------------------------------------------------------------------------------------
| Clock Summary
| -------------
------------------------------------------------------------------------------------------------

Clock       Waveform(ns)       Period(ns)      Frequency(MHz)
-----       ------------       ----------      --------------
clk_fpga_0  {0.000 7.499}      14.999          66.671          


------------------------------------------------------------------------------------------------
| Intra Clock Table
| -----------------
------------------------------------------------------------------------------------------------

Clock             WNS(ns)      TNS(ns)  TNS Failing Endpoints  TNS Total Endpoints      WHS(ns)      THS(ns)  THS Failing Endpoints  THS Total Endpoints     WPWS(ns)     TPWS(ns)  TPWS Failing Endpoints  TPWS Total Endpoints  
-----             -------      -------  ---------------------  -------------------      -------      -------  ---------------------  -------------------     --------     --------  ----------------------  --------------------  
clk_fpga_0          0.206        0.000                      0                15288        0.024        0.000                      0                15288        6.249        0.000                       0                  5062  


------------------------------------------------------------------------------------------------
| Inter Clock Table
| -----------------
------------------------------------------------------------------------------------------------

From Clock    To Clock          WNS(ns)      TNS(ns)  TNS Failing Endpoints  TNS Total Endpoints      WHS(ns)      THS(ns)  THS Failing Endpoints  THS Total Endpoints  
----------    --------          -------      -------  ---------------------  -------------------      -------      -------  ---------------------  -------------------  


------------------------------------------------------------------------------------------------
| Other Path Groups Table
| -----------------------
------------------------------------------------------------------------------------------------

Path Group         From Clock         To Clock               WNS(ns)      TNS(ns)  TNS Failing Endpoints  TNS Total Endpoints      WHS(ns)      THS(ns)  THS Failing Endpoints  THS Total Endpoints  
----------         ----------         --------               -------      -------  ---------------------  -------------------      -------      -------  ---------------------  -------------------  
**async_default**  clk_fpga_0         clk_fpga_0              11.759        0.000                      0                   32        0.600        0.000                      0                   32  


------------------------------------------------------------------------------------------------
| Timing Details
| --------------
------------------------------------------------------------------------------------------------


---------------------------------------------------------------------------------------------------
From Clock:  clk_fpga_0
  To Clock:  clk_fpga_0

Setup :            0  Failing Endpoints,  Worst Slack        0.206ns,  Total Violation        0.000ns
Hold  :            0  Failing Endpoints,  Worst Slack        0.024ns,  Total Violation        0.000ns
PW    :            0  Failing Endpoints,  Worst Slack        6.249ns,  Total Violation        0.000ns
---------------------------------------------------------------------------------------------------


Max Delay Paths
--------------------------------------------------------------------------------------
Slack (MET) :             0.206ns  (required time - arrival time)
  Source:                 flash_bd_i/top_v1_axi_0/inst/u_core/u_conv/y_reg[3]/C
                            (rising edge-triggered cell FDRE clocked by clk_fpga_0  {rise@0.000ns fall@7.499ns period=14.999ns})
  Destination:            flash_bd_i/top_v1_axi_0/inst/u_core/u_ram_a/mem_reg_0_2/ADDRBWRADDR[15]
                            (rising edge-triggered cell RAMB36E1 clocked by clk_fpga_0  {rise@0.000ns fall@7.499ns period=14.999ns})
  Path Group:             clk_fpga_0
  Path Type:              Setup (Max at Slow Process Corner)
  Requirement:            14.999ns  (clk_fpga_0 rise@14.999ns - clk_fpga_0 rise@0.000ns)
  Data Path Delay:        14.069ns  (logic 7.708ns (54.785%)  route 6.361ns (45.215%))
  Logic Levels:           10  (CARRY4=6 DSP48E1=1 LUT2=1 LUT5=2)
  Clock Path Skew:        0.020ns (DCD - SCD + CPR)
    Destination Clock Delay (DCD):    2.868ns = ( 17.867 - 14.999 ) 
    Source Clock Delay      (SCD):    2.963ns
    Clock Pessimism Removal (CPR):    0.115ns
  Clock Uncertainty:      0.228ns  ((TSJ^2 + TIJ^2)^1/2 + DJ) / 2 + PE
    Total System Jitter     (TSJ):    0.071ns
    Total Input Jitter      (TIJ):    0.450ns
    Discrete Jitter          (DJ):    0.000ns
    Phase Error              (PE):    0.000ns

    Location             Delay type                Incr(ns)  Path(ns)    Netlist Resource(s)
  -------------------------------------------------------------------    -------------------
                         (clock clk_fpga_0 rise edge)
                                                      0.000     0.000 r  
    PS7_X0Y0             PS7                          0.000     0.000 r  flash_bd_i/processing_system7_0/inst/PS7_i/FCLKCLK[0]
                         net (fo=1, routed)           1.193     1.193    flash_bd_i/processing_system7_0/inst/FCLK_CLK_unbuffered[0]
    BUFGCTRL_X0Y16       BUFG (Prop_bufg_I_O)         0.101     1.294 r  flash_bd_i/processing_system7_0/inst/buffer_fclk_clk_0.FCLK_CLK_0_BUFG/O
                         net (fo=5067, routed)        1.669     2.963    flash_bd_i/top_v1_axi_0/inst/u_core/u_conv/aclk
    SLICE_X33Y43         FDRE                                         r  flash_bd_i/top_v1_axi_0/inst/u_core/u_conv/y_reg[3]/C
  -------------------------------------------------------------------    -------------------
    SLICE_X33Y43         FDRE (Prop_fdre_C_Q)         0.456     3.419 r  flash_bd_i/top_v1_axi_0/inst/u_core/u_conv/y_reg[3]/Q
                         net (fo=9, routed)           0.993     4.412    flash_bd_i/top_v1_axi_0/inst/u_core/u_conv/y_reg[3]
    SLICE_X33Y43         LUT5 (Prop_lut5_I0_O)        0.124     4.536 r  flash_bd_i/top_v1_axi_0/inst/u_core/u_conv/tag0_is_pad5_carry__0_i_7/O
                         net (fo=1, routed)           0.000     4.536    flash_bd_i/top_v1_axi_0/inst/u_core/u_conv/tag0_is_pad5_carry__0_i_7_n_0
    SLICE_X33Y43         CARRY4 (Prop_carry4_S[1]_CO[3])
                                                      0.550     5.086 r  flash_bd_i/top_v1_axi_0/inst/u_core/u_conv/tag0_is_pad5_carry__0/CO[3]
                         net (fo=1, routed)           0.000     5.086    flash_bd_i/top_v1_axi_0/inst/u_core/u_conv/tag0_is_pad5_carry__0_n_0
    SLICE_X33Y44         CARRY4 (Prop_carry4_CI_O[1])
                                                      0.334     5.420 r  flash_bd_i/top_v1_axi_0/inst/u_core/u_conv/tag0_is_pad5_carry__1/O[1]
                         net (fo=1, routed)           0.711     6.132    flash_bd_i/top_v1_axi_0/inst/u_core/u_conv/tag0_is_pad5_carry__1_n_6
    SLICE_X34Y47         CARRY4 (Prop_carry4_S[1]_CO[3])
                                                      0.836     6.968 r  flash_bd_i/top_v1_axi_0/inst/u_core/u_conv/fm_rd_addr0__0_i_22/CO[3]
                         net (fo=1, routed)           0.000     6.968    flash_bd_i/top_v1_axi_0/inst/u_core/u_conv/fm_rd_addr0__0_i_22_n_0
    SLICE_X34Y48         CARRY4 (Prop_carry4_CI_O[0])
                                                      0.219     7.187 r  flash_bd_i/top_v1_axi_0/inst/u_core/u_conv/fm_rd_addr0__0_i_21/O[0]
                         net (fo=1, routed)           0.487     7.674    flash_bd_i/top_v1_axi_0/inst/u_core/u_conv/PCOUT[12]
    SLICE_X35Y48         LUT2 (Prop_lut2_I1_O)        0.295     7.969 r  flash_bd_i/top_v1_axi_0/inst/u_core/u_conv/fm_rd_addr0__0_i_8/O
                         net (fo=1, routed)           0.000     7.969    flash_bd_i/top_v1_axi_0/inst/u_core/u_conv/fm_rd_addr0__0_i_8_n_0
    SLICE_X35Y48         CARRY4 (Prop_carry4_S[0]_CO[3])
                                                      0.532     8.500 r  flash_bd_i/top_v1_axi_0/inst/u_core/u_conv/fm_rd_addr0__0_i_2/CO[3]
                         net (fo=1, routed)           0.000     8.500    flash_bd_i/top_v1_axi_0/inst/u_core/u_conv/fm_rd_addr0__0_i_2_n_0
    SLICE_X35Y49         CARRY4 (Prop_carry4_CI_O[0])
                                                      0.222     8.722 r  flash_bd_i/top_v1_axi_0/inst/u_core/u_conv/fm_rd_addr0__0_i_1/O[0]
                         net (fo=3, routed)           0.936     9.659    flash_bd_i/top_v1_axi_0/inst/u_core/u_conv/fm_rd_addr0__0_i_1_n_7
    DSP48_X2Y22          DSP48E1 (Prop_dsp48e1_A[16]_P[15])
                                                      4.016    13.675 r  flash_bd_i/top_v1_axi_0/inst/u_core/u_conv/fm_rd_addr0__0/P[15]
                         net (fo=4, routed)           0.659    14.333    flash_bd_i/top_v1_axi_0/inst/u_core/u_seq/mem_reg_0_0[15]
    SLICE_X34Y58         LUT5 (Prop_lut5_I3_O)        0.124    14.457 r  flash_bd_i/top_v1_axi_0/inst/u_core/u_seq/mem_reg_0_2_i_1/O
                         net (fo=16, routed)          2.575    17.032    flash_bd_i/top_v1_axi_0/inst/u_core/u_ram_a/rd_addr_mux[15]
    RAMB36_X2Y23         RAMB36E1                                     r  flash_bd_i/top_v1_axi_0/inst/u_core/u_ram_a/mem_reg_0_2/ADDRBWRADDR[15]
  -------------------------------------------------------------------    -------------------

                         (clock clk_fpga_0 rise edge)
                                                     14.999    14.999 r  
    PS7_X0Y0             PS7                          0.000    14.999 r  flash_bd_i/processing_system7_0/inst/PS7_i/FCLKCLK[0]
                         net (fo=1, routed)           1.088    16.087    flash_bd_i/processing_system7_0/inst/FCLK_CLK_unbuffered[0]
    BUFGCTRL_X0Y16       BUFG (Prop_bufg_I_O)         0.091    16.178 r  flash_bd_i/processing_system7_0/inst/buffer_fclk_clk_0.FCLK_CLK_0_BUFG/O
                         net (fo=5067, routed)        1.689    17.867    flash_bd_i/top_v1_axi_0/inst/u_core/u_ram_a/aclk
    RAMB36_X2Y23         RAMB36E1                                     r  flash_bd_i/top_v1_axi_0/inst/u_core/u_ram_a/mem_reg_0_2/CLKBWRCLK
                         clock pessimism              0.115    17.982    
                         clock uncertainty           -0.228    17.754    
    RAMB36_X2Y23         RAMB36E1 (Setup_ramb36e1_CLKBWRCLK_ADDRBWRADDR[15])
                                                     -0.515    17.239    flash_bd_i/top_v1_axi_0/inst/u_core/u_ram_a/mem_reg_0_2
  -------------------------------------------------------------------
                         required time                         17.239    
                         arrival time                         -17.032    
  -------------------------------------------------------------------
                         slack                                  0.206    

Slack (MET) :             0.210ns  (required time - arrival time)
  Source:                 flash_bd_i/top_v1_axi_0/inst/u_core/u_conv/y_reg[3]/C
                            (rising edge-triggered cell FDRE clocked by clk_fpga_0  {rise@0.000ns fall@7.499ns period=14.999ns})
  Destination:            flash_bd_i/top_v1_axi_0/inst/u_core/u_ram_a/mem_reg_1_2/ADDRBWRADDR[0]
                            (rising edge-triggered cell RAMB36E1 clocked by clk_fpga_0  {rise@0.000ns fall@7.499ns period=14.999ns})
  Path Group:             clk_fpga_0
  Path Type:              Setup (Max at Slow Process Corner)
  Requirement:            14.999ns  (clk_fpga_0 rise@14.999ns - clk_fpga_0 rise@0.000ns)
  Data Path Delay:        14.010ns  (logic 7.708ns (55.018%)  route 6.302ns (44.982%))
  Logic Levels:           10  (CARRY4=6 DSP48E1=1 LUT2=1 LUT5=2)
  Clock Path Skew:        0.015ns (DCD - SCD + CPR)
    Destination Clock Delay (DCD):    2.863ns = ( 17.862 - 14.999 ) 
    Source Clock Delay      (SCD):    2.963ns
    Clock Pessimism Removal (CPR):    0.115ns
  Clock Uncertainty:      0.228ns  ((TSJ^2 + TIJ^2)^1/2 + DJ) / 2 + PE
    Total System Jitter     (TSJ):    0.071ns
    Total Input Jitter      (TIJ):    0.450ns
    Discrete Jitter          (DJ):    0.000ns
    Phase Error              (PE):    0.000ns

    Location             Delay type                Incr(ns)  Path(ns)    Netlist Resource(s)
  -------------------------------------------------------------------    -------------------
                         (clock clk_fpga_0 rise edge)
                                                      0.000     0.000 r  
    PS7_X0Y0             PS7                          0.000     0.000 r  flash_bd_i/processing_system7_0/inst/PS7_i/FCLKCLK[0]
                         net (fo=1, routed)           1.193     1.193    flash_bd_i/processing_system7_0/inst/FCLK_CLK_unbuffered[0]
    BUFGCTRL_X0Y16       BUFG (Prop_bufg_I_O)         0.101     1.294 r  flash_bd_i/processing_system7_0/inst/buffer_fclk_clk_0.FCLK_CLK_0_BUFG/O
                         net (fo=5067, routed)        1.669     2.963    flash_bd_i/top_v1_axi_0/inst/u_core/u_conv/aclk
    SLICE_X33Y43         FDRE                                         r  flash_bd_i/top_v1_axi_0/inst/u_core/u_conv/y_reg[3]/C
  -------------------------------------------------------------------    -------------------
    SLICE_X33Y43         FDRE (Prop_fdre_C_Q)         0.456     3.419 r  flash_bd_i/top_v1_axi_0/inst/u_core/u_conv/y_reg[3]/Q
                         net (fo=9, routed)           0.993     4.412    flash_bd_i/top_v1_axi_0/inst/u_core/u_conv/y_reg[3]
    SLICE_X33Y43         LUT5 (Prop_lut5_I0_O)        0.124     4.536 r  flash_bd_i/top_v1_axi_0/inst/u_core/u_conv/tag0_is_pad5_carry__0_i_7/O
                         net (fo=1, routed)           0.000     4.536    flash_bd_i/top_v1_axi_0/inst/u_core/u_conv/tag0_is_pad5_carry__0_i_7_n_0
    SLICE_X33Y43         CARRY4 (Prop_carry4_S[1]_CO[3])
                                                      0.550     5.086 r  flash_bd_i/top_v1_axi_0/inst/u_core/u_conv/tag0_is_pad5_carry__0/CO[3]
                         net (fo=1, routed)           0.000     5.086    flash_bd_i/top_v1_axi_0/inst/u_core/u_conv/tag0_is_pad5_carry__0_n_0
    SLICE_X33Y44         CARRY4 (Prop_carry4_CI_O[1])
                                                      0.334     5.420 r  flash_bd_i/top_v1_axi_0/inst/u_core/u_conv/tag0_is_pad5_carry__1/O[1]
                         net (fo=1, routed)           0.711     6.132    flash_bd_i/top_v1_axi_0/inst/u_core/u_conv/tag0_is_pad5_carry__1_n_6
    SLICE_X34Y47         CARRY4 (Prop_carry4_S[1]_CO[3])
                                                      0.836     6.968 r  flash_bd_i/top_v1_axi_0/inst/u_core/u_conv/fm_rd_addr0__0_i_22/CO[3]
                         net (fo=1, routed)           0.000     6.968    flash_bd_i/top_v1_axi_0/inst/u_core/u_conv/fm_rd_addr0__0_i_22_n_0
    SLICE_X34Y48         CARRY4 (Prop_carry4_CI_O[0])
                                                      0.219     7.187 r  flash_bd_i/top_v1_axi_0/inst/u_core/u_conv/fm_rd_addr0__0_i_21/O[0]
                         net (fo=1, routed)           0.487     7.674    flash_bd_i/top_v1_axi_0/inst/u_core/u_conv/PCOUT[12]
    SLICE_X35Y48         LUT2 (Prop_lut2_I1_O)        0.295     7.969 r  flash_bd_i/top_v1_axi_0/inst/u_core/u_conv/fm_rd_addr0__0_i_8/O
                         net (fo=1, routed)           0.000     7.969    flash_bd_i/top_v1_axi_0/inst/u_core/u_conv/fm_rd_addr0__0_i_8_n_0
    SLICE_X35Y48         CARRY4 (Prop_carry4_S[0]_CO[3])
                                                      0.532     8.500 r  flash_bd_i/top_v1_axi_0/inst/u_core/u_conv/fm_rd_addr0__0_i_2/CO[3]
                         net (fo=1, routed)           0.000     8.500    flash_bd_i/top_v1_axi_0/inst/u_core/u_conv/fm_rd_addr0__0_i_2_n_0
    SLICE_X35Y49         CARRY4 (Prop_carry4_CI_O[0])
                                                      0.222     8.722 r  flash_bd_i/top_v1_axi_0/inst/u_core/u_conv/fm_rd_addr0__0_i_1/O[0]
                         net (fo=3, routed)           0.936     9.659    flash_bd_i/top_v1_axi_0/inst/u_core/u_conv/fm_rd_addr0__0_i_1_n_7
    DSP48_X2Y22          DSP48E1 (Prop_dsp48e1_A[16]_P[0])
                                                      4.016    13.675 r  flash_bd_i/top_v1_axi_0/inst/u_core/u_conv/fm_rd_addr0__0/P[0]
                         net (fo=4, routed)           0.838    14.512    flash_bd_i/top_v1_axi_0/inst/u_core/u_seq/mem_reg_0_0[0]
    SLICE_X34Y62         LUT5 (Prop_lut5_I3_O)        0.124    14.636 r  flash_bd_i/top_v1_axi_0/inst/u_core/u_seq/mem_reg_0_2_i_16/O
                         net (fo=16, routed)          2.337    16.973    flash_bd_i/top_v1_axi_0/inst/u_core/u_ram_a/rd_addr_mux[0]
    RAMB36_X2Y24         RAMB36E1                                     r  flash_bd_i/top_v1_axi_0/inst/u_core/u_ram_a/mem_reg_1_2/ADDRBWRADDR[0]
  -------------------------------------------------------------------    -------------------

                         (clock clk_fpga_0 rise edge)
                                                     14.999    14.999 r  
    PS7_X0Y0             PS7                          0.000    14.999 r  flash_bd_i/processing_system7_0/inst/PS7_i/FCLKCLK[0]
                         net (fo=1, routed)           1.088    16.087    flash_bd_i/processing_system7_0/inst/FCLK_CLK_unbuffered[0]
    BUFGCTRL_X0Y16       BUFG (Prop_bufg_I_O)         0.091    16.178 r  flash_bd_i/processing_system7_0/inst/buffer_fclk_clk_0.FCLK_CLK_0_BUFG/O
                         net (fo=5067, routed)        1.684    17.862    flash_bd_i/top_v1_axi_0/inst/u_core/u_ram_a/aclk
    RAMB36_X2Y24         RAMB36E1                                     r  flash_bd_i/top_v1_axi_0/inst/u_core/u_ram_a/mem_reg_1_2/CLKBWRCLK
                         clock pessimism              0.115    17.977    
                         clock uncertainty           -0.228    17.749    
    RAMB36_X2Y24         RAMB36E1 (Setup_ramb36e1_CLKBWRCLK_ADDRBWRADDR[0])
                                                     -0.566    17.183    flash_bd_i/top_v1_axi_0/inst/u_core/u_ram_a/mem_reg_1_2
  -------------------------------------------------------------------
                         required time                         17.183    
                         arrival time                         -16.973    
  -------------------------------------------------------------------
                         slack                                  0.210    

Slack (MET) :             0.227ns  (required time - arrival time)
  Source:                 flash_bd_i/top_v1_axi_0/inst/u_core/u_conv/y_reg[3]/C
                            (rising edge-triggered cell FDRE clocked by clk_fpga_0  {rise@0.000ns fall@7.499ns period=14.999ns})
  Destination:            flash_bd_i/top_v1_axi_0/inst/u_core/u_ram_b/mem_reg_2_6/ADDRBWRADDR[15]
                            (rising edge-triggered cell RAMB36E1 clocked by clk_fpga_0  {rise@0.000ns fall@7.499ns period=14.999ns})
  Path Group:             clk_fpga_0
  Path Type:              Setup (Max at Slow Process Corner)
  Requirement:            14.999ns  (clk_fpga_0 rise@14.999ns - clk_fpga_0 rise@0.000ns)
  Data Path Delay:        13.967ns  (logic 7.708ns (55.188%)  route 6.259ns (44.812%))
  Logic Levels:           10  (CARRY4=6 DSP48E1=1 LUT2=1 LUT5=2)
  Clock Path Skew:        -0.062ns (DCD - SCD + CPR)
    Destination Clock Delay (DCD):    2.772ns = ( 17.771 - 14.999 ) 
    Source Clock Delay      (SCD):    2.963ns
    Clock Pessimism Removal (CPR):    0.129ns
  Clock Uncertainty:      0.228ns  ((TSJ^2 + TIJ^2)^1/2 + DJ) / 2 + PE
    Total System Jitter     (TSJ):    0.071ns
    Total Input Jitter      (TIJ):    0.450ns
    Discrete Jitter          (DJ):    0.000ns
    Phase Error              (PE):    0.000ns

    Location             Delay type                Incr(ns)  Path(ns)    Netlist Resource(s)
  -------------------------------------------------------------------    -------------------
                         (clock clk_fpga_0 rise edge)
                                                      0.000     0.000 r  
    PS7_X0Y0             PS7                          0.000     0.000 r  flash_bd_i/processing_system7_0/inst/PS7_i/FCLKCLK[0]
                         net (fo=1, routed)           1.193     1.193    flash_bd_i/processing_system7_0/inst/FCLK_CLK_unbuffered[0]
    BUFGCTRL_X0Y16       BUFG (Prop_bufg_I_O)         0.101     1.294 r  flash_bd_i/processing_system7_0/inst/buffer_fclk_clk_0.FCLK_CLK_0_BUFG/O
                         net (fo=5067, routed)        1.669     2.963    flash_bd_i/top_v1_axi_0/inst/u_core/u_conv/aclk
    SLICE_X33Y43         FDRE                                         r  flash_bd_i/top_v1_axi_0/inst/u_core/u_conv/y_reg[3]/C
  -------------------------------------------------------------------    -------------------
    SLICE_X33Y43         FDRE (Prop_fdre_C_Q)         0.456     3.419 r  flash_bd_i/top_v1_axi_0/inst/u_core/u_conv/y_reg[3]/Q
                         net (fo=9, routed)           0.993     4.412    flash_bd_i/top_v1_axi_0/inst/u_core/u_conv/y_reg[3]
    SLICE_X33Y43         LUT5 (Prop_lut5_I0_O)        0.124     4.536 r  flash_bd_i/top_v1_axi_0/inst/u_core/u_conv/tag0_is_pad5_carry__0_i_7/O
                         net (fo=1, routed)           0.000     4.536    flash_bd_i/top_v1_axi_0/inst/u_core/u_conv/tag0_is_pad5_carry__0_i_7_n_0
    SLICE_X33Y43         CARRY4 (Prop_carry4_S[1]_CO[3])
                                                      0.550     5.086 r  flash_bd_i/top_v1_axi_0/inst/u_core/u_conv/tag0_is_pad5_carry__0/CO[3]
                         net (fo=1, routed)           0.000     5.086    flash_bd_i/top_v1_axi_0/inst/u_core/u_conv/tag0_is_pad5_carry__0_n_0
    SLICE_X33Y44         CARRY4 (Prop_carry4_CI_O[1])
                                                      0.334     5.420 r  flash_bd_i/top_v1_axi_0/inst/u_core/u_conv/tag0_is_pad5_carry__1/O[1]
                         net (fo=1, routed)           0.711     6.132    flash_bd_i/top_v1_axi_0/inst/u_core/u_conv/tag0_is_pad5_carry__1_n_6
    SLICE_X34Y47         CARRY4 (Prop_carry4_S[1]_CO[3])
                                                      0.836     6.968 r  flash_bd_i/top_v1_axi_0/inst/u_core/u_conv/fm_rd_addr0__0_i_22/CO[3]
                         net (fo=1, routed)           0.000     6.968    flash_bd_i/top_v1_axi_0/inst/u_core/u_conv/fm_rd_addr0__0_i_22_n_0
    SLICE_X34Y48         CARRY4 (Prop_carry4_CI_O[0])
                                                      0.219     7.187 r  flash_bd_i/top_v1_axi_0/inst/u_core/u_conv/fm_rd_addr0__0_i_21/O[0]
                         net (fo=1, routed)           0.487     7.674    flash_bd_i/top_v1_axi_0/inst/u_core/u_conv/PCOUT[12]
    SLICE_X35Y48         LUT2 (Prop_lut2_I1_O)        0.295     7.969 r  flash_bd_i/top_v1_axi_0/inst/u_core/u_conv/fm_rd_addr0__0_i_8/O
                         net (fo=1, routed)           0.000     7.969    flash_bd_i/top_v1_axi_0/inst/u_core/u_conv/fm_rd_addr0__0_i_8_n_0
    SLICE_X35Y48         CARRY4 (Prop_carry4_S[0]_CO[3])
                                                      0.532     8.500 r  flash_bd_i/top_v1_axi_0/inst/u_core/u_conv/fm_rd_addr0__0_i_2/CO[3]
                         net (fo=1, routed)           0.000     8.500    flash_bd_i/top_v1_axi_0/inst/u_core/u_conv/fm_rd_addr0__0_i_2_n_0
    SLICE_X35Y49         CARRY4 (Prop_carry4_CI_O[0])
                                                      0.222     8.722 r  flash_bd_i/top_v1_axi_0/inst/u_core/u_conv/fm_rd_addr0__0_i_1/O[0]
                         net (fo=3, routed)           0.936     9.659    flash_bd_i/top_v1_axi_0/inst/u_core/u_conv/fm_rd_addr0__0_i_1_n_7
    DSP48_X2Y22          DSP48E1 (Prop_dsp48e1_A[16]_P[15])
                                                      4.016    13.675 r  flash_bd_i/top_v1_axi_0/inst/u_core/u_conv/fm_rd_addr0__0/P[15]
                         net (fo=4, routed)           0.841    14.515    flash_bd_i/top_v1_axi_0/inst/u_core/u_seq/mem_reg_0_0[15]
    SLICE_X38Y55         LUT5 (Prop_lut5_I3_O)        0.124    14.639 r  flash_bd_i/top_v1_axi_0/inst/u_core/u_seq/mem_reg_0_6_i_1/O
                         net (fo=16, routed)          2.290    16.930    flash_bd_i/top_v1_axi_0/inst/u_core/u_ram_b/mem_reg_2_7_0[15]
    RAMB36_X3Y2          RAMB36E1                                     r  flash_bd_i/top_v1_axi_0/inst/u_core/u_ram_b/mem_reg_2_6/ADDRBWRADDR[15]
  -------------------------------------------------------------------    -------------------

                         (clock clk_fpga_0 rise edge)
                                                     14.999    14.999 r  
    PS7_X0Y0             PS7                          0.000    14.999 r  flash_bd_i/processing_system7_0/inst/PS7_i/FCLKCLK[0]
                         net (fo=1, routed)           1.088    16.087    flash_bd_i/processing_system7_0/inst/FCLK_CLK_unbuffered[0]
    BUFGCTRL_X0Y16       BUFG (Prop_bufg_I_O)         0.091    16.178 r  flash_bd_i/processing_system7_0/inst/buffer_fclk_clk_0.FCLK_CLK_0_BUFG/O
                         net (fo=5067, routed)        1.593    17.771    flash_bd_i/top_v1_axi_0/inst/u_core/u_ram_b/aclk
    RAMB36_X3Y2          RAMB36E1                                     r  flash_bd_i/top_v1_axi_0/inst/u_core/u_ram_b/mem_reg_2_6/CLKBWRCLK
                         clock pessimism              0.129    17.900    
                         clock uncertainty           -0.228    17.672    
    RAMB36_X3Y2          RAMB36E1 (Setup_ramb36e1_CLKBWRCLK_ADDRBWRADDR[15])
                                                     -0.515    17.157    flash_bd_i/top_v1_axi_0/inst/u_core/u_ram_b/mem_reg_2_6
  -------------------------------------------------------------------
                         required time                         17.157    
                         arrival time                         -16.930    
  -------------------------------------------------------------------
                         slack                                  0.227    

Slack (MET) :             0.290ns  (required time - arrival time)
  Source:                 flash_bd_i/top_v1_axi_0/inst/u_core/u_conv/y_reg[3]/C
                            (rising edge-triggered cell FDRE clocked by clk_fpga_0  {rise@0.000ns fall@7.499ns period=14.999ns})
  Destination:            flash_bd_i/top_v1_axi_0/inst/u_core/u_ram_a/mem_reg_3_2/ADDRBWRADDR[7]
                            (rising edge-triggered cell RAMB36E1 clocked by clk_fpga_0  {rise@0.000ns fall@7.499ns period=14.999ns})
  Path Group:             clk_fpga_0
  Path Type:              Setup (Max at Slow Process Corner)
  Requirement:            14.999ns  (clk_fpga_0 rise@14.999ns - clk_fpga_0 rise@0.000ns)
  Data Path Delay:        13.939ns  (logic 7.708ns (55.300%)  route 6.231ns (44.700%))
  Logic Levels:           10  (CARRY4=6 DSP48E1=1 LUT2=1 LUT5=2)
  Clock Path Skew:        0.024ns (DCD - SCD + CPR)
    Destination Clock Delay (DCD):    2.872ns = ( 17.871 - 14.999 ) 
    Source Clock Delay      (SCD):    2.963ns
    Clock Pessimism Removal (CPR):    0.115ns
  Clock Uncertainty:      0.228ns  ((TSJ^2 + TIJ^2)^1/2 + DJ) / 2 + PE
    Total System Jitter     (TSJ):    0.071ns
    Total Input Jitter      (TIJ):    0.450ns
    Discrete Jitter          (DJ):    0.000ns
    Phase Error              (PE):    0.000ns

    Location             Delay type                Incr(ns)  Path(ns)    Netlist Resource(s)
  -------------------------------------------------------------------    -------------------
                         (clock clk_fpga_0 rise edge)
                                                      0.000     0.000 r  
    PS7_X0Y0             PS7                          0.000     0.000 r  flash_bd_i/processing_system7_0/inst/PS7_i/FCLKCLK[0]
                         net (fo=1, routed)           1.193     1.193    flash_bd_i/processing_system7_0/inst/FCLK_CLK_unbuffered[0]
    BUFGCTRL_X0Y16       BUFG (Prop_bufg_I_O)         0.101     1.294 r  flash_bd_i/processing_system7_0/inst/buffer_fclk_clk_0.FCLK_CLK_0_BUFG/O
                         net (fo=5067, routed)        1.669     2.963    flash_bd_i/top_v1_axi_0/inst/u_core/u_conv/aclk
    SLICE_X33Y43         FDRE                                         r  flash_bd_i/top_v1_axi_0/inst/u_core/u_conv/y_reg[3]/C
  -------------------------------------------------------------------    -------------------
    SLICE_X33Y43         FDRE (Prop_fdre_C_Q)         0.456     3.419 r  flash_bd_i/top_v1_axi_0/inst/u_core/u_conv/y_reg[3]/Q
                         net (fo=9, routed)           0.993     4.412    flash_bd_i/top_v1_axi_0/inst/u_core/u_conv/y_reg[3]
    SLICE_X33Y43         LUT5 (Prop_lut5_I0_O)        0.124     4.536 r  flash_bd_i/top_v1_axi_0/inst/u_core/u_conv/tag0_is_pad5_carry__0_i_7/O
                         net (fo=1, routed)           0.000     4.536    flash_bd_i/top_v1_axi_0/inst/u_core/u_conv/tag0_is_pad5_carry__0_i_7_n_0
    SLICE_X33Y43         CARRY4 (Prop_carry4_S[1]_CO[3])
                                                      0.550     5.086 r  flash_bd_i/top_v1_axi_0/inst/u_core/u_conv/tag0_is_pad5_carry__0/CO[3]
                         net (fo=1, routed)           0.000     5.086    flash_bd_i/top_v1_axi_0/inst/u_core/u_conv/tag0_is_pad5_carry__0_n_0
    SLICE_X33Y44         CARRY4 (Prop_carry4_CI_O[1])
                                                      0.334     5.420 r  flash_bd_i/top_v1_axi_0/inst/u_core/u_conv/tag0_is_pad5_carry__1/O[1]
                         net (fo=1, routed)           0.711     6.132    flash_bd_i/top_v1_axi_0/inst/u_core/u_conv/tag0_is_pad5_carry__1_n_6
    SLICE_X34Y47         CARRY4 (Prop_carry4_S[1]_CO[3])
                                                      0.836     6.968 r  flash_bd_i/top_v1_axi_0/inst/u_core/u_conv/fm_rd_addr0__0_i_22/CO[3]
                         net (fo=1, routed)           0.000     6.968    flash_bd_i/top_v1_axi_0/inst/u_core/u_conv/fm_rd_addr0__0_i_22_n_0
    SLICE_X34Y48         CARRY4 (Prop_carry4_CI_O[0])
                                                      0.219     7.187 r  flash_bd_i/top_v1_axi_0/inst/u_core/u_conv/fm_rd_addr0__0_i_21/O[0]
                         net (fo=1, routed)           0.487     7.674    flash_bd_i/top_v1_axi_0/inst/u_core/u_conv/PCOUT[12]
    SLICE_X35Y48         LUT2 (Prop_lut2_I1_O)        0.295     7.969 r  flash_bd_i/top_v1_axi_0/inst/u_core/u_conv/fm_rd_addr0__0_i_8/O
                         net (fo=1, routed)           0.000     7.969    flash_bd_i/top_v1_axi_0/inst/u_core/u_conv/fm_rd_addr0__0_i_8_n_0
    SLICE_X35Y48         CARRY4 (Prop_carry4_S[0]_CO[3])
                                                      0.532     8.500 r  flash_bd_i/top_v1_axi_0/inst/u_core/u_conv/fm_rd_addr0__0_i_2/CO[3]
                         net (fo=1, routed)           0.000     8.500    flash_bd_i/top_v1_axi_0/inst/u_core/u_conv/fm_rd_addr0__0_i_2_n_0
    SLICE_X35Y49         CARRY4 (Prop_carry4_CI_O[0])
                                                      0.222     8.722 r  flash_bd_i/top_v1_axi_0/inst/u_core/u_conv/fm_rd_addr0__0_i_1/O[0]
                         net (fo=3, routed)           0.936     9.659    flash_bd_i/top_v1_axi_0/inst/u_core/u_conv/fm_rd_addr0__0_i_1_n_7
    DSP48_X2Y22          DSP48E1 (Prop_dsp48e1_A[16]_P[7])
                                                      4.016    13.675 r  flash_bd_i/top_v1_axi_0/inst/u_core/u_conv/fm_rd_addr0__0/P[7]
                         net (fo=4, routed)           0.616    14.291    flash_bd_i/top_v1_axi_0/inst/u_core/u_seq/mem_reg_0_0[7]
    SLICE_X35Y56         LUT5 (Prop_lut5_I3_O)        0.124    14.415 r  flash_bd_i/top_v1_axi_0/inst/u_core/u_seq/mem_reg_0_2_i_9/O
                         net (fo=16, routed)          2.487    16.902    flash_bd_i/top_v1_axi_0/inst/u_core/u_ram_a/rd_addr_mux[7]
    RAMB36_X2Y22         RAMB36E1                                     r  flash_bd_i/top_v1_axi_0/inst/u_core/u_ram_a/mem_reg_3_2/ADDRBWRADDR[7]
  -------------------------------------------------------------------    -------------------

                         (clock clk_fpga_0 rise edge)
                                                     14.999    14.999 r  
    PS7_X0Y0             PS7                          0.000    14.999 r  flash_bd_i/processing_system7_0/inst/PS7_i/FCLKCLK[0]
                         net (fo=1, routed)           1.088    16.087    flash_bd_i/processing_system7_0/inst/FCLK_CLK_unbuffered[0]
    BUFGCTRL_X0Y16       BUFG (Prop_bufg_I_O)         0.091    16.178 r  flash_bd_i/processing_system7_0/inst/buffer_fclk_clk_0.FCLK_CLK_0_BUFG/O
                         net (fo=5067, routed)        1.693    17.871    flash_bd_i/top_v1_axi_0/inst/u_core/u_ram_a/aclk
    RAMB36_X2Y22         RAMB36E1                                     r  flash_bd_i/top_v1_axi_0/inst/u_core/u_ram_a/mem_reg_3_2/CLKBWRCLK
                         clock pessimism              0.115    17.986    
                         clock uncertainty           -0.228    17.758    
    RAMB36_X2Y22         RAMB36E1 (Setup_ramb36e1_CLKBWRCLK_ADDRBWRADDR[7])
                                                     -0.566    17.192    flash_bd_i/top_v1_axi_0/inst/u_core/u_ram_a/mem_reg_3_2
  -------------------------------------------------------------------
                         required time                         17.192    
                         arrival time                         -16.902    
  -------------------------------------------------------------------
                         slack                                  0.290    

Slack (MET) :             0.306ns  (required time - arrival time)
  Source:                 flash_bd_i/top_v1_axi_0/inst/u_core/u_conv/y_reg[3]/C
                            (rising edge-triggered cell FDRE clocked by clk_fpga_0  {rise@0.000ns fall@7.499ns period=14.999ns})
  Destination:            flash_bd_i/top_v1_axi_0/inst/u_core/u_ram_a/mem_reg_0_2/ADDRBWRADDR[0]
                            (rising edge-triggered cell RAMB36E1 clocked by clk_fpga_0  {rise@0.000ns fall@7.499ns period=14.999ns})
  Path Group:             clk_fpga_0
  Path Type:              Setup (Max at Slow Process Corner)
  Requirement:            14.999ns  (clk_fpga_0 rise@14.999ns - clk_fpga_0 rise@0.000ns)
  Data Path Delay:        13.919ns  (logic 7.708ns (55.378%)  route 6.211ns (44.622%))
  Logic Levels:           10  (CARRY4=6 DSP48E1=1 LUT2=1 LUT5=2)
  Clock Path Skew:        0.020ns (DCD - SCD + CPR)
    Destination Clock Delay (DCD):    2.868ns = ( 17.867 - 14.999 ) 
    Source Clock Delay      (SCD):    2.963ns
    Clock Pessimism Removal (CPR):    0.115ns
  Clock Uncertainty:      0.228ns  ((TSJ^2 + TIJ^2)^1/2 + DJ) / 2 + PE
    Total System Jitter     (TSJ):    0.071ns
    Total Input Jitter      (TIJ):    0.450ns
    Discrete Jitter          (DJ):    0.000ns
    Phase Error              (PE):    0.000ns

    Location             Delay type                Incr(ns)  Path(ns)    Netlist Resource(s)
  -------------------------------------------------------------------    -------------------
                         (clock clk_fpga_0 rise edge)
                                                      0.000     0.000 r  
    PS7_X0Y0             PS7                          0.000     0.000 r  flash_bd_i/processing_system7_0/inst/PS7_i/FCLKCLK[0]
                         net (fo=1, routed)           1.193     1.193    flash_bd_i/processing_system7_0/inst/FCLK_CLK_unbuffered[0]
    BUFGCTRL_X0Y16       BUFG (Prop_bufg_I_O)         0.101     1.294 r  flash_bd_i/processing_system7_0/inst/buffer_fclk_clk_0.FCLK_CLK_0_BUFG/O
                         net (fo=5067, routed)        1.669     2.963    flash_bd_i/top_v1_axi_0/inst/u_core/u_conv/aclk
    SLICE_X33Y43         FDRE                                         r  flash_bd_i/top_v1_axi_0/inst/u_core/u_conv/y_reg[3]/C
  -------------------------------------------------------------------    -------------------
    SLICE_X33Y43         FDRE (Prop_fdre_C_Q)         0.456     3.419 r  flash_bd_i/top_v1_axi_0/inst/u_core/u_conv/y_reg[3]/Q
                         net (fo=9, routed)           0.993     4.412    flash_bd_i/top_v1_axi_0/inst/u_core/u_conv/y_reg[3]
    SLICE_X33Y43         LUT5 (Prop_lut5_I0_O)        0.124     4.536 r  flash_bd_i/top_v1_axi_0/inst/u_core/u_conv/tag0_is_pad5_carry__0_i_7/O
                         net (fo=1, routed)           0.000     4.536    flash_bd_i/top_v1_axi_0/inst/u_core/u_conv/tag0_is_pad5_carry__0_i_7_n_0
    SLICE_X33Y43         CARRY4 (Prop_carry4_S[1]_CO[3])
                                                      0.550     5.086 r  flash_bd_i/top_v1_axi_0/inst/u_core/u_conv/tag0_is_pad5_carry__0/CO[3]
                         net (fo=1, routed)           0.000     5.086    flash_bd_i/top_v1_axi_0/inst/u_core/u_conv/tag0_is_pad5_carry__0_n_0
    SLICE_X33Y44         CARRY4 (Prop_carry4_CI_O[1])
                                                      0.334     5.420 r  flash_bd_i/top_v1_axi_0/inst/u_core/u_conv/tag0_is_pad5_carry__1/O[1]
                         net (fo=1, routed)           0.711     6.132    flash_bd_i/top_v1_axi_0/inst/u_core/u_conv/tag0_is_pad5_carry__1_n_6
    SLICE_X34Y47         CARRY4 (Prop_carry4_S[1]_CO[3])
                                                      0.836     6.968 r  flash_bd_i/top_v1_axi_0/inst/u_core/u_conv/fm_rd_addr0__0_i_22/CO[3]
                         net (fo=1, routed)           0.000     6.968    flash_bd_i/top_v1_axi_0/inst/u_core/u_conv/fm_rd_addr0__0_i_22_n_0
    SLICE_X34Y48         CARRY4 (Prop_carry4_CI_O[0])
                                                      0.219     7.187 r  flash_bd_i/top_v1_axi_0/inst/u_core/u_conv/fm_rd_addr0__0_i_21/O[0]
                         net (fo=1, routed)           0.487     7.674    flash_bd_i/top_v1_axi_0/inst/u_core/u_conv/PCOUT[12]
    SLICE_X35Y48         LUT2 (Prop_lut2_I1_O)        0.295     7.969 r  flash_bd_i/top_v1_axi_0/inst/u_core/u_conv/fm_rd_addr0__0_i_8/O
                         net (fo=1, routed)           0.000     7.969    flash_bd_i/top_v1_axi_0/inst/u_core/u_conv/fm_rd_addr0__0_i_8_n_0
    SLICE_X35Y48         CARRY4 (Prop_carry4_S[0]_CO[3])
                                                      0.532     8.500 r  flash_bd_i/top_v1_axi_0/inst/u_core/u_conv/fm_rd_addr0__0_i_2/CO[3]
                         net (fo=1, routed)           0.000     8.500    flash_bd_i/top_v1_axi_0/inst/u_core/u_conv/fm_rd_addr0__0_i_2_n_0
    SLICE_X35Y49         CARRY4 (Prop_carry4_CI_O[0])
                                                      0.222     8.722 r  flash_bd_i/top_v1_axi_0/inst/u_core/u_conv/fm_rd_addr0__0_i_1/O[0]
                         net (fo=3, routed)           0.936     9.659    flash_bd_i/top_v1_axi_0/inst/u_core/u_conv/fm_rd_addr0__0_i_1_n_7
    DSP48_X2Y22          DSP48E1 (Prop_dsp48e1_A[16]_P[0])
                                                      4.016    13.675 r  flash_bd_i/top_v1_axi_0/inst/u_core/u_conv/fm_rd_addr0__0/P[0]
                         net (fo=4, routed)           0.838    14.512    flash_bd_i/top_v1_axi_0/inst/u_core/u_seq/mem_reg_0_0[0]
    SLICE_X34Y62         LUT5 (Prop_lut5_I3_O)        0.124    14.636 r  flash_bd_i/top_v1_axi_0/inst/u_core/u_seq/mem_reg_0_2_i_16/O
                         net (fo=16, routed)          2.246    16.882    flash_bd_i/top_v1_axi_0/inst/u_core/u_ram_a/rd_addr_mux[0]
    RAMB36_X2Y23         RAMB36E1                                     r  flash_bd_i/top_v1_axi_0/inst/u_core/u_ram_a/mem_reg_0_2/ADDRBWRADDR[0]
  -------------------------------------------------------------------    -------------------

                         (clock clk_fpga_0 rise edge)
                                                     14.999    14.999 r  
    PS7_X0Y0             PS7                          0.000    14.999 r  flash_bd_i/processing_system7_0/inst/PS7_i/FCLKCLK[0]
                         net (fo=1, routed)           1.088    16.087    flash_bd_i/processing_system7_0/inst/FCLK_CLK_unbuffered[0]
    BUFGCTRL_X0Y16       BUFG (Prop_bufg_I_O)         0.091    16.178 r  flash_bd_i/processing_system7_0/inst/buffer_fclk_clk_0.FCLK_CLK_0_BUFG/O
                         net (fo=5067, routed)        1.689    17.867    flash_bd_i/top_v1_axi_0/inst/u_core/u_ram_a/aclk
    RAMB36_X2Y23         RAMB36E1                                     r  flash_bd_i/top_v1_axi_0/inst/u_core/u_ram_a/mem_reg_0_2/CLKBWRCLK
                         clock pessimism              0.115    17.982    
                         clock uncertainty           -0.228    17.754    
    RAMB36_X2Y23         RAMB36E1 (Setup_ramb36e1_CLKBWRCLK_ADDRBWRADDR[0])
                                                     -0.566    17.188    flash_bd_i/top_v1_axi_0/inst/u_core/u_ram_a/mem_reg_0_2
  -------------------------------------------------------------------
                         required time                         17.188    
                         arrival time                         -16.882    
  -------------------------------------------------------------------
                         slack                                  0.306    

Slack (MET) :             0.310ns  (required time - arrival time)
  Source:                 flash_bd_i/top_v1_axi_0/inst/u_core/u_conv/y_reg[3]/C
                            (rising edge-triggered cell FDRE clocked by clk_fpga_0  {rise@0.000ns fall@7.499ns period=14.999ns})
  Destination:            flash_bd_i/top_v1_axi_0/inst/u_core/u_ram_a/mem_reg_0_2/ADDRBWRADDR[7]
                            (rising edge-triggered cell RAMB36E1 clocked by clk_fpga_0  {rise@0.000ns fall@7.499ns period=14.999ns})
  Path Group:             clk_fpga_0
  Path Type:              Setup (Max at Slow Process Corner)
  Requirement:            14.999ns  (clk_fpga_0 rise@14.999ns - clk_fpga_0 rise@0.000ns)
  Data Path Delay:        13.915ns  (logic 7.708ns (55.394%)  route 6.207ns (44.606%))
  Logic Levels:           10  (CARRY4=6 DSP48E1=1 LUT2=1 LUT5=2)
  Clock Path Skew:        0.020ns (DCD - SCD + CPR)
    Destination Clock Delay (DCD):    2.868ns = ( 17.867 - 14.999 ) 
    Source Clock Delay      (SCD):    2.963ns
    Clock Pessimism Removal (CPR):    0.115ns
  Clock Uncertainty:      0.228ns  ((TSJ^2 + TIJ^2)^1/2 + DJ) / 2 + PE
    Total System Jitter     (TSJ):    0.071ns
    Total Input Jitter      (TIJ):    0.450ns
    Discrete Jitter          (DJ):    0.000ns
    Phase Error              (PE):    0.000ns

    Location             Delay type                Incr(ns)  Path(ns)    Netlist Resource(s)
  -------------------------------------------------------------------    -------------------
                         (clock clk_fpga_0 rise edge)
                                                      0.000     0.000 r  
    PS7_X0Y0             PS7                          0.000     0.000 r  flash_bd_i/processing_system7_0/inst/PS7_i/FCLKCLK[0]
                         net (fo=1, routed)           1.193     1.193    flash_bd_i/processing_system7_0/inst/FCLK_CLK_unbuffered[0]
    BUFGCTRL_X0Y16       BUFG (Prop_bufg_I_O)         0.101     1.294 r  flash_bd_i/processing_system7_0/inst/buffer_fclk_clk_0.FCLK_CLK_0_BUFG/O
                         net (fo=5067, routed)        1.669     2.963    flash_bd_i/top_v1_axi_0/inst/u_core/u_conv/aclk
    SLICE_X33Y43         FDRE                                         r  flash_bd_i/top_v1_axi_0/inst/u_core/u_conv/y_reg[3]/C
  -------------------------------------------------------------------    -------------------
    SLICE_X33Y43         FDRE (Prop_fdre_C_Q)         0.456     3.419 r  flash_bd_i/top_v1_axi_0/inst/u_core/u_conv/y_reg[3]/Q
                         net (fo=9, routed)           0.993     4.412    flash_bd_i/top_v1_axi_0/inst/u_core/u_conv/y_reg[3]
    SLICE_X33Y43         LUT5 (Prop_lut5_I0_O)        0.124     4.536 r  flash_bd_i/top_v1_axi_0/inst/u_core/u_conv/tag0_is_pad5_carry__0_i_7/O
                         net (fo=1, routed)           0.000     4.536    flash_bd_i/top_v1_axi_0/inst/u_core/u_conv/tag0_is_pad5_carry__0_i_7_n_0
    SLICE_X33Y43         CARRY4 (Prop_carry4_S[1]_CO[3])
                                                      0.550     5.086 r  flash_bd_i/top_v1_axi_0/inst/u_core/u_conv/tag0_is_pad5_carry__0/CO[3]
                         net (fo=1, routed)           0.000     5.086    flash_bd_i/top_v1_axi_0/inst/u_core/u_conv/tag0_is_pad5_carry__0_n_0
    SLICE_X33Y44         CARRY4 (Prop_carry4_CI_O[1])
                                                      0.334     5.420 r  flash_bd_i/top_v1_axi_0/inst/u_core/u_conv/tag0_is_pad5_carry__1/O[1]
                         net (fo=1, routed)           0.711     6.132    flash_bd_i/top_v1_axi_0/inst/u_core/u_conv/tag0_is_pad5_carry__1_n_6
    SLICE_X34Y47         CARRY4 (Prop_carry4_S[1]_CO[3])
                                                      0.836     6.968 r  flash_bd_i/top_v1_axi_0/inst/u_core/u_conv/fm_rd_addr0__0_i_22/CO[3]
                         net (fo=1, routed)           0.000     6.968    flash_bd_i/top_v1_axi_0/inst/u_core/u_conv/fm_rd_addr0__0_i_22_n_0
    SLICE_X34Y48         CARRY4 (Prop_carry4_CI_O[0])
                                                      0.219     7.187 r  flash_bd_i/top_v1_axi_0/inst/u_core/u_conv/fm_rd_addr0__0_i_21/O[0]
                         net (fo=1, routed)           0.487     7.674    flash_bd_i/top_v1_axi_0/inst/u_core/u_conv/PCOUT[12]
    SLICE_X35Y48         LUT2 (Prop_lut2_I1_O)        0.295     7.969 r  flash_bd_i/top_v1_axi_0/inst/u_core/u_conv/fm_rd_addr0__0_i_8/O
                         net (fo=1, routed)           0.000     7.969    flash_bd_i/top_v1_axi_0/inst/u_core/u_conv/fm_rd_addr0__0_i_8_n_0
    SLICE_X35Y48         CARRY4 (Prop_carry4_S[0]_CO[3])
                                                      0.532     8.500 r  flash_bd_i/top_v1_axi_0/inst/u_core/u_conv/fm_rd_addr0__0_i_2/CO[3]
                         net (fo=1, routed)           0.000     8.500    flash_bd_i/top_v1_axi_0/inst/u_core/u_conv/fm_rd_addr0__0_i_2_n_0
    SLICE_X35Y49         CARRY4 (Prop_carry4_CI_O[0])
                                                      0.222     8.722 r  flash_bd_i/top_v1_axi_0/inst/u_core/u_conv/fm_rd_addr0__0_i_1/O[0]
                         net (fo=3, routed)           0.936     9.659    flash_bd_i/top_v1_axi_0/inst/u_core/u_conv/fm_rd_addr0__0_i_1_n_7
    DSP48_X2Y22          DSP48E1 (Prop_dsp48e1_A[16]_P[7])
                                                      4.016    13.675 r  flash_bd_i/top_v1_axi_0/inst/u_core/u_conv/fm_rd_addr0__0/P[7]
                         net (fo=4, routed)           0.616    14.291    flash_bd_i/top_v1_axi_0/inst/u_core/u_seq/mem_reg_0_0[7]
    SLICE_X35Y56         LUT5 (Prop_lut5_I3_O)        0.124    14.415 r  flash_bd_i/top_v1_axi_0/inst/u_core/u_seq/mem_reg_0_2_i_9/O
                         net (fo=16, routed)          2.463    16.878    flash_bd_i/top_v1_axi_0/inst/u_core/u_ram_a/rd_addr_mux[7]
    RAMB36_X2Y23         RAMB36E1                                     r  flash_bd_i/top_v1_axi_0/inst/u_core/u_ram_a/mem_reg_0_2/ADDRBWRADDR[7]
  -------------------------------------------------------------------    -------------------

                         (clock clk_fpga_0 rise edge)
                                                     14.999    14.999 r  
    PS7_X0Y0             PS7                          0.000    14.999 r  flash_bd_i/processing_system7_0/inst/PS7_i/FCLKCLK[0]
                         net (fo=1, routed)           1.088    16.087    flash_bd_i/processing_system7_0/inst/FCLK_CLK_unbuffered[0]
    BUFGCTRL_X0Y16       BUFG (Prop_bufg_I_O)         0.091    16.178 r  flash_bd_i/processing_system7_0/inst/buffer_fclk_clk_0.FCLK_CLK_0_BUFG/O
                         net (fo=5067, routed)        1.689    17.867    flash_bd_i/top_v1_axi_0/inst/u_core/u_ram_a/aclk
    RAMB36_X2Y23         RAMB36E1                                     r  flash_bd_i/top_v1_axi_0/inst/u_core/u_ram_a/mem_reg_0_2/CLKBWRCLK
                         clock pessimism              0.115    17.982    
                         clock uncertainty           -0.228    17.754    
    RAMB36_X2Y23         RAMB36E1 (Setup_ramb36e1_CLKBWRCLK_ADDRBWRADDR[7])
                                                     -0.566    17.188    flash_bd_i/top_v1_axi_0/inst/u_core/u_ram_a/mem_reg_0_2
  -------------------------------------------------------------------
                         required time                         17.188    
                         arrival time                         -16.878    
  -------------------------------------------------------------------
                         slack                                  0.310    

Slack (MET) :             0.311ns  (required time - arrival time)
  Source:                 flash_bd_i/top_v1_axi_0/inst/u_core/u_conv/y_reg[3]/C
                            (rising edge-triggered cell FDRE clocked by clk_fpga_0  {rise@0.000ns fall@7.499ns period=14.999ns})
  Destination:            flash_bd_i/top_v1_axi_0/inst/u_core/u_ram_b/mem_reg_3_6/ADDRBWRADDR[15]
                            (rising edge-triggered cell RAMB36E1 clocked by clk_fpga_0  {rise@0.000ns fall@7.499ns period=14.999ns})
  Path Group:             clk_fpga_0
  Path Type:              Setup (Max at Slow Process Corner)
  Requirement:            14.999ns  (clk_fpga_0 rise@14.999ns - clk_fpga_0 rise@0.000ns)
  Data Path Delay:        13.880ns  (logic 7.708ns (55.535%)  route 6.172ns (44.465%))
  Logic Levels:           10  (CARRY4=6 DSP48E1=1 LUT2=1 LUT5=2)
  Clock Path Skew:        -0.066ns (DCD - SCD + CPR)
    Destination Clock Delay (DCD):    2.768ns = ( 17.767 - 14.999 ) 
    Source Clock Delay      (SCD):    2.963ns
    Clock Pessimism Removal (CPR):    0.129ns
  Clock Uncertainty:      0.228ns  ((TSJ^2 + TIJ^2)^1/2 + DJ) / 2 + PE
    Total System Jitter     (TSJ):    0.071ns
    Total Input Jitter      (TIJ):    0.450ns
    Discrete Jitter          (DJ):    0.000ns
    Phase Error              (PE):    0.000ns

    Location             Delay type                Incr(ns)  Path(ns)    Netlist Resource(s)
  -------------------------------------------------------------------    -------------------
                         (clock clk_fpga_0 rise edge)
                                                      0.000     0.000 r  
    PS7_X0Y0             PS7                          0.000     0.000 r  flash_bd_i/processing_system7_0/inst/PS7_i/FCLKCLK[0]
                         net (fo=1, routed)           1.193     1.193    flash_bd_i/processing_system7_0/inst/FCLK_CLK_unbuffered[0]
    BUFGCTRL_X0Y16       BUFG (Prop_bufg_I_O)         0.101     1.294 r  flash_bd_i/processing_system7_0/inst/buffer_fclk_clk_0.FCLK_CLK_0_BUFG/O
                         net (fo=5067, routed)        1.669     2.963    flash_bd_i/top_v1_axi_0/inst/u_core/u_conv/aclk
    SLICE_X33Y43         FDRE                                         r  flash_bd_i/top_v1_axi_0/inst/u_core/u_conv/y_reg[3]/C
  -------------------------------------------------------------------    -------------------
    SLICE_X33Y43         FDRE (Prop_fdre_C_Q)         0.456     3.419 r  flash_bd_i/top_v1_axi_0/inst/u_core/u_conv/y_reg[3]/Q
                         net (fo=9, routed)           0.993     4.412    flash_bd_i/top_v1_axi_0/inst/u_core/u_conv/y_reg[3]
    SLICE_X33Y43         LUT5 (Prop_lut5_I0_O)        0.124     4.536 r  flash_bd_i/top_v1_axi_0/inst/u_core/u_conv/tag0_is_pad5_carry__0_i_7/O
                         net (fo=1, routed)           0.000     4.536    flash_bd_i/top_v1_axi_0/inst/u_core/u_conv/tag0_is_pad5_carry__0_i_7_n_0
    SLICE_X33Y43         CARRY4 (Prop_carry4_S[1]_CO[3])
                                                      0.550     5.086 r  flash_bd_i/top_v1_axi_0/inst/u_core/u_conv/tag0_is_pad5_carry__0/CO[3]
                         net (fo=1, routed)           0.000     5.086    flash_bd_i/top_v1_axi_0/inst/u_core/u_conv/tag0_is_pad5_carry__0_n_0
    SLICE_X33Y44         CARRY4 (Prop_carry4_CI_O[1])
                                                      0.334     5.420 r  flash_bd_i/top_v1_axi_0/inst/u_core/u_conv/tag0_is_pad5_carry__1/O[1]
                         net (fo=1, routed)           0.711     6.132    flash_bd_i/top_v1_axi_0/inst/u_core/u_conv/tag0_is_pad5_carry__1_n_6
    SLICE_X34Y47         CARRY4 (Prop_carry4_S[1]_CO[3])
                                                      0.836     6.968 r  flash_bd_i/top_v1_axi_0/inst/u_core/u_conv/fm_rd_addr0__0_i_22/CO[3]
                         net (fo=1, routed)           0.000     6.968    flash_bd_i/top_v1_axi_0/inst/u_core/u_conv/fm_rd_addr0__0_i_22_n_0
    SLICE_X34Y48         CARRY4 (Prop_carry4_CI_O[0])
                                                      0.219     7.187 r  flash_bd_i/top_v1_axi_0/inst/u_core/u_conv/fm_rd_addr0__0_i_21/O[0]
                         net (fo=1, routed)           0.487     7.674    flash_bd_i/top_v1_axi_0/inst/u_core/u_conv/PCOUT[12]
    SLICE_X35Y48         LUT2 (Prop_lut2_I1_O)        0.295     7.969 r  flash_bd_i/top_v1_axi_0/inst/u_core/u_conv/fm_rd_addr0__0_i_8/O
                         net (fo=1, routed)           0.000     7.969    flash_bd_i/top_v1_axi_0/inst/u_core/u_conv/fm_rd_addr0__0_i_8_n_0
    SLICE_X35Y48         CARRY4 (Prop_carry4_S[0]_CO[3])
                                                      0.532     8.500 r  flash_bd_i/top_v1_axi_0/inst/u_core/u_conv/fm_rd_addr0__0_i_2/CO[3]
                         net (fo=1, routed)           0.000     8.500    flash_bd_i/top_v1_axi_0/inst/u_core/u_conv/fm_rd_addr0__0_i_2_n_0
    SLICE_X35Y49         CARRY4 (Prop_carry4_CI_O[0])
                                                      0.222     8.722 r  flash_bd_i/top_v1_axi_0/inst/u_core/u_conv/fm_rd_addr0__0_i_1/O[0]
                         net (fo=3, routed)           0.936     9.659    flash_bd_i/top_v1_axi_0/inst/u_core/u_conv/fm_rd_addr0__0_i_1_n_7
    DSP48_X2Y22          DSP48E1 (Prop_dsp48e1_A[16]_P[15])
                                                      4.016    13.675 r  flash_bd_i/top_v1_axi_0/inst/u_core/u_conv/fm_rd_addr0__0/P[15]
                         net (fo=4, routed)           0.841    14.515    flash_bd_i/top_v1_axi_0/inst/u_core/u_seq/mem_reg_0_0[15]
    SLICE_X38Y55         LUT5 (Prop_lut5_I3_O)        0.124    14.639 r  flash_bd_i/top_v1_axi_0/inst/u_core/u_seq/mem_reg_0_6_i_1/O
                         net (fo=16, routed)          2.203    16.843    flash_bd_i/top_v1_axi_0/inst/u_core/u_ram_b/mem_reg_2_7_0[15]
    RAMB36_X3Y3          RAMB36E1                                     r  flash_bd_i/top_v1_axi_0/inst/u_core/u_ram_b/mem_reg_3_6/ADDRBWRADDR[15]
  -------------------------------------------------------------------    -------------------

                         (clock clk_fpga_0 rise edge)
                                                     14.999    14.999 r  
    PS7_X0Y0             PS7                          0.000    14.999 r  flash_bd_i/processing_system7_0/inst/PS7_i/FCLKCLK[0]
                         net (fo=1, routed)           1.088    16.087    flash_bd_i/processing_system7_0/inst/FCLK_CLK_unbuffered[0]
    BUFGCTRL_X0Y16       BUFG (Prop_bufg_I_O)         0.091    16.178 r  flash_bd_i/processing_system7_0/inst/buffer_fclk_clk_0.FCLK_CLK_0_BUFG/O
                         net (fo=5067, routed)        1.589    17.767    flash_bd_i/top_v1_axi_0/inst/u_core/u_ram_b/aclk
    RAMB36_X3Y3          RAMB36E1                                     r  flash_bd_i/top_v1_axi_0/inst/u_core/u_ram_b/mem_reg_3_6/CLKBWRCLK
                         clock pessimism              0.129    17.896    
                         clock uncertainty           -0.228    17.668    
    RAMB36_X3Y3          RAMB36E1 (Setup_ramb36e1_CLKBWRCLK_ADDRBWRADDR[15])
                                                     -0.515    17.153    flash_bd_i/top_v1_axi_0/inst/u_core/u_ram_b/mem_reg_3_6
  -------------------------------------------------------------------
                         required time                         17.153    
                         arrival time                         -16.843    
  -------------------------------------------------------------------
                         slack                                  0.311    

Slack (MET) :             0.312ns  (required time - arrival time)
  Source:                 flash_bd_i/top_v1_axi_0/inst/u_core/u_conv/y_reg[3]/C
                            (rising edge-triggered cell FDRE clocked by clk_fpga_0  {rise@0.000ns fall@7.499ns period=14.999ns})
  Destination:            flash_bd_i/top_v1_axi_0/inst/u_core/u_ram_a/mem_reg_1_2/ADDRBWRADDR[8]
                            (rising edge-triggered cell RAMB36E1 clocked by clk_fpga_0  {rise@0.000ns fall@7.499ns period=14.999ns})
  Path Group:             clk_fpga_0
  Path Type:              Setup (Max at Slow Process Corner)
  Requirement:            14.999ns  (clk_fpga_0 rise@14.999ns - clk_fpga_0 rise@0.000ns)
  Data Path Delay:        13.908ns  (logic 7.708ns (55.421%)  route 6.200ns (44.579%))
  Logic Levels:           10  (CARRY4=6 DSP48E1=1 LUT2=1 LUT5=2)
  Clock Path Skew:        0.015ns (DCD - SCD + CPR)
    Destination Clock Delay (DCD):    2.863ns = ( 17.862 - 14.999 ) 
    Source Clock Delay      (SCD):    2.963ns
    Clock Pessimism Removal (CPR):    0.115ns
  Clock Uncertainty:      0.228ns  ((TSJ^2 + TIJ^2)^1/2 + DJ) / 2 + PE
    Total System Jitter     (TSJ):    0.071ns
    Total Input Jitter      (TIJ):    0.450ns
    Discrete Jitter          (DJ):    0.000ns
    Phase Error              (PE):    0.000ns

    Location             Delay type                Incr(ns)  Path(ns)    Netlist Resource(s)
  -------------------------------------------------------------------    -------------------
                         (clock clk_fpga_0 rise edge)
                                                      0.000     0.000 r  
    PS7_X0Y0             PS7                          0.000     0.000 r  flash_bd_i/processing_system7_0/inst/PS7_i/FCLKCLK[0]
                         net (fo=1, routed)           1.193     1.193    flash_bd_i/processing_system7_0/inst/FCLK_CLK_unbuffered[0]
    BUFGCTRL_X0Y16       BUFG (Prop_bufg_I_O)         0.101     1.294 r  flash_bd_i/processing_system7_0/inst/buffer_fclk_clk_0.FCLK_CLK_0_BUFG/O
                         net (fo=5067, routed)        1.669     2.963    flash_bd_i/top_v1_axi_0/inst/u_core/u_conv/aclk
    SLICE_X33Y43         FDRE                                         r  flash_bd_i/top_v1_axi_0/inst/u_core/u_conv/y_reg[3]/C
  -------------------------------------------------------------------    -------------------
    SLICE_X33Y43         FDRE (Prop_fdre_C_Q)         0.456     3.419 r  flash_bd_i/top_v1_axi_0/inst/u_core/u_conv/y_reg[3]/Q
                         net (fo=9, routed)           0.993     4.412    flash_bd_i/top_v1_axi_0/inst/u_core/u_conv/y_reg[3]
    SLICE_X33Y43         LUT5 (Prop_lut5_I0_O)        0.124     4.536 r  flash_bd_i/top_v1_axi_0/inst/u_core/u_conv/tag0_is_pad5_carry__0_i_7/O
                         net (fo=1, routed)           0.000     4.536    flash_bd_i/top_v1_axi_0/inst/u_core/u_conv/tag0_is_pad5_carry__0_i_7_n_0
    SLICE_X33Y43         CARRY4 (Prop_carry4_S[1]_CO[3])
                                                      0.550     5.086 r  flash_bd_i/top_v1_axi_0/inst/u_core/u_conv/tag0_is_pad5_carry__0/CO[3]
                         net (fo=1, routed)           0.000     5.086    flash_bd_i/top_v1_axi_0/inst/u_core/u_conv/tag0_is_pad5_carry__0_n_0
    SLICE_X33Y44         CARRY4 (Prop_carry4_CI_O[1])
                                                      0.334     5.420 r  flash_bd_i/top_v1_axi_0/inst/u_core/u_conv/tag0_is_pad5_carry__1/O[1]
                         net (fo=1, routed)           0.711     6.132    flash_bd_i/top_v1_axi_0/inst/u_core/u_conv/tag0_is_pad5_carry__1_n_6
    SLICE_X34Y47         CARRY4 (Prop_carry4_S[1]_CO[3])
                                                      0.836     6.968 r  flash_bd_i/top_v1_axi_0/inst/u_core/u_conv/fm_rd_addr0__0_i_22/CO[3]
                         net (fo=1, routed)           0.000     6.968    flash_bd_i/top_v1_axi_0/inst/u_core/u_conv/fm_rd_addr0__0_i_22_n_0
    SLICE_X34Y48         CARRY4 (Prop_carry4_CI_O[0])
                                                      0.219     7.187 r  flash_bd_i/top_v1_axi_0/inst/u_core/u_conv/fm_rd_addr0__0_i_21/O[0]
                         net (fo=1, routed)           0.487     7.674    flash_bd_i/top_v1_axi_0/inst/u_core/u_conv/PCOUT[12]
    SLICE_X35Y48         LUT2 (Prop_lut2_I1_O)        0.295     7.969 r  flash_bd_i/top_v1_axi_0/inst/u_core/u_conv/fm_rd_addr0__0_i_8/O
                         net (fo=1, routed)           0.000     7.969    flash_bd_i/top_v1_axi_0/inst/u_core/u_conv/fm_rd_addr0__0_i_8_n_0
    SLICE_X35Y48         CARRY4 (Prop_carry4_S[0]_CO[3])
                                                      0.532     8.500 r  flash_bd_i/top_v1_axi_0/inst/u_core/u_conv/fm_rd_addr0__0_i_2/CO[3]
                         net (fo=1, routed)           0.000     8.500    flash_bd_i/top_v1_axi_0/inst/u_core/u_conv/fm_rd_addr0__0_i_2_n_0
    SLICE_X35Y49         CARRY4 (Prop_carry4_CI_O[0])
                                                      0.222     8.722 r  flash_bd_i/top_v1_axi_0/inst/u_core/u_conv/fm_rd_addr0__0_i_1/O[0]
                         net (fo=3, routed)           0.936     9.659    flash_bd_i/top_v1_axi_0/inst/u_core/u_conv/fm_rd_addr0__0_i_1_n_7
    DSP48_X2Y22          DSP48E1 (Prop_dsp48e1_A[16]_P[8])
                                                      4.016    13.675 r  flash_bd_i/top_v1_axi_0/inst/u_core/u_conv/fm_rd_addr0__0/P[8]
                         net (fo=4, routed)           0.663    14.338    flash_bd_i/top_v1_axi_0/inst/u_core/u_seq/mem_reg_0_0[8]
    SLICE_X37Y58         LUT5 (Prop_lut5_I3_O)        0.124    14.462 r  flash_bd_i/top_v1_axi_0/inst/u_core/u_seq/mem_reg_0_2_i_8/O
                         net (fo=16, routed)          2.410    16.871    flash_bd_i/top_v1_axi_0/inst/u_core/u_ram_a/rd_addr_mux[8]
    RAMB36_X2Y24         RAMB36E1                                     r  flash_bd_i/top_v1_axi_0/inst/u_core/u_ram_a/mem_reg_1_2/ADDRBWRADDR[8]
  -------------------------------------------------------------------    -------------------

                         (clock clk_fpga_0 rise edge)
                                                     14.999    14.999 r  
    PS7_X0Y0             PS7                          0.000    14.999 r  flash_bd_i/processing_system7_0/inst/PS7_i/FCLKCLK[0]
                         net (fo=1, routed)           1.088    16.087    flash_bd_i/processing_system7_0/inst/FCLK_CLK_unbuffered[0]
    BUFGCTRL_X0Y16       BUFG (Prop_bufg_I_O)         0.091    16.178 r  flash_bd_i/processing_system7_0/inst/buffer_fclk_clk_0.FCLK_CLK_0_BUFG/O
                         net (fo=5067, routed)        1.684    17.862    flash_bd_i/top_v1_axi_0/inst/u_core/u_ram_a/aclk
    RAMB36_X2Y24         RAMB36E1                                     r  flash_bd_i/top_v1_axi_0/inst/u_core/u_ram_a/mem_reg_1_2/CLKBWRCLK
                         clock pessimism              0.115    17.977    
                         clock uncertainty           -0.228    17.749    
    RAMB36_X2Y24         RAMB36E1 (Setup_ramb36e1_CLKBWRCLK_ADDRBWRADDR[8])
                                                     -0.566    17.183    flash_bd_i/top_v1_axi_0/inst/u_core/u_ram_a/mem_reg_1_2
  -------------------------------------------------------------------
                         required time                         17.183    
                         arrival time                         -16.871    
  -------------------------------------------------------------------
                         slack                                  0.312    

Slack (MET) :             0.315ns  (required time - arrival time)
  Source:                 flash_bd_i/top_v1_axi_0/inst/u_core/u_conv/y_reg[3]/C
                            (rising edge-triggered cell FDRE clocked by clk_fpga_0  {rise@0.000ns fall@7.499ns period=14.999ns})
  Destination:            flash_bd_i/top_v1_axi_0/inst/u_core/u_ram_a/mem_reg_1_2/ADDRBWRADDR[13]
                            (rising edge-triggered cell RAMB36E1 clocked by clk_fpga_0  {rise@0.000ns fall@7.499ns period=14.999ns})
  Path Group:             clk_fpga_0
  Path Type:              Setup (Max at Slow Process Corner)
  Requirement:            14.999ns  (clk_fpga_0 rise@14.999ns - clk_fpga_0 rise@0.000ns)
  Data Path Delay:        13.905ns  (logic 7.708ns (55.433%)  route 6.197ns (44.567%))
  Logic Levels:           10  (CARRY4=6 DSP48E1=1 LUT2=1 LUT5=2)
  Clock Path Skew:        0.015ns (DCD - SCD + CPR)
    Destination Clock Delay (DCD):    2.863ns = ( 17.862 - 14.999 ) 
    Source Clock Delay      (SCD):    2.963ns
    Clock Pessimism Removal (CPR):    0.115ns
  Clock Uncertainty:      0.228ns  ((TSJ^2 + TIJ^2)^1/2 + DJ) / 2 + PE
    Total System Jitter     (TSJ):    0.071ns
    Total Input Jitter      (TIJ):    0.450ns
    Discrete Jitter          (DJ):    0.000ns
    Phase Error              (PE):    0.000ns

    Location             Delay type                Incr(ns)  Path(ns)    Netlist Resource(s)
  -------------------------------------------------------------------    -------------------
                         (clock clk_fpga_0 rise edge)
                                                      0.000     0.000 r  
    PS7_X0Y0             PS7                          0.000     0.000 r  flash_bd_i/processing_system7_0/inst/PS7_i/FCLKCLK[0]
                         net (fo=1, routed)           1.193     1.193    flash_bd_i/processing_system7_0/inst/FCLK_CLK_unbuffered[0]
    BUFGCTRL_X0Y16       BUFG (Prop_bufg_I_O)         0.101     1.294 r  flash_bd_i/processing_system7_0/inst/buffer_fclk_clk_0.FCLK_CLK_0_BUFG/O
                         net (fo=5067, routed)        1.669     2.963    flash_bd_i/top_v1_axi_0/inst/u_core/u_conv/aclk
    SLICE_X33Y43         FDRE                                         r  flash_bd_i/top_v1_axi_0/inst/u_core/u_conv/y_reg[3]/C
  -------------------------------------------------------------------    -------------------
    SLICE_X33Y43         FDRE (Prop_fdre_C_Q)         0.456     3.419 r  flash_bd_i/top_v1_axi_0/inst/u_core/u_conv/y_reg[3]/Q
                         net (fo=9, routed)           0.993     4.412    flash_bd_i/top_v1_axi_0/inst/u_core/u_conv/y_reg[3]
    SLICE_X33Y43         LUT5 (Prop_lut5_I0_O)        0.124     4.536 r  flash_bd_i/top_v1_axi_0/inst/u_core/u_conv/tag0_is_pad5_carry__0_i_7/O
                         net (fo=1, routed)           0.000     4.536    flash_bd_i/top_v1_axi_0/inst/u_core/u_conv/tag0_is_pad5_carry__0_i_7_n_0
    SLICE_X33Y43         CARRY4 (Prop_carry4_S[1]_CO[3])
                                                      0.550     5.086 r  flash_bd_i/top_v1_axi_0/inst/u_core/u_conv/tag0_is_pad5_carry__0/CO[3]
                         net (fo=1, routed)           0.000     5.086    flash_bd_i/top_v1_axi_0/inst/u_core/u_conv/tag0_is_pad5_carry__0_n_0
    SLICE_X33Y44         CARRY4 (Prop_carry4_CI_O[1])
                                                      0.334     5.420 r  flash_bd_i/top_v1_axi_0/inst/u_core/u_conv/tag0_is_pad5_carry__1/O[1]
                         net (fo=1, routed)           0.711     6.132    flash_bd_i/top_v1_axi_0/inst/u_core/u_conv/tag0_is_pad5_carry__1_n_6
    SLICE_X34Y47         CARRY4 (Prop_carry4_S[1]_CO[3])
                                                      0.836     6.968 r  flash_bd_i/top_v1_axi_0/inst/u_core/u_conv/fm_rd_addr0__0_i_22/CO[3]
                         net (fo=1, routed)           0.000     6.968    flash_bd_i/top_v1_axi_0/inst/u_core/u_conv/fm_rd_addr0__0_i_22_n_0
    SLICE_X34Y48         CARRY4 (Prop_carry4_CI_O[0])
                                                      0.219     7.187 r  flash_bd_i/top_v1_axi_0/inst/u_core/u_conv/fm_rd_addr0__0_i_21/O[0]
                         net (fo=1, routed)           0.487     7.674    flash_bd_i/top_v1_axi_0/inst/u_core/u_conv/PCOUT[12]
    SLICE_X35Y48         LUT2 (Prop_lut2_I1_O)        0.295     7.969 r  flash_bd_i/top_v1_axi_0/inst/u_core/u_conv/fm_rd_addr0__0_i_8/O
                         net (fo=1, routed)           0.000     7.969    flash_bd_i/top_v1_axi_0/inst/u_core/u_conv/fm_rd_addr0__0_i_8_n_0
    SLICE_X35Y48         CARRY4 (Prop_carry4_S[0]_CO[3])
                                                      0.532     8.500 r  flash_bd_i/top_v1_axi_0/inst/u_core/u_conv/fm_rd_addr0__0_i_2/CO[3]
                         net (fo=1, routed)           0.000     8.500    flash_bd_i/top_v1_axi_0/inst/u_core/u_conv/fm_rd_addr0__0_i_2_n_0
    SLICE_X35Y49         CARRY4 (Prop_carry4_CI_O[0])
                                                      0.222     8.722 r  flash_bd_i/top_v1_axi_0/inst/u_core/u_conv/fm_rd_addr0__0_i_1/O[0]
                         net (fo=3, routed)           0.936     9.659    flash_bd_i/top_v1_axi_0/inst/u_core/u_conv/fm_rd_addr0__0_i_1_n_7
    DSP48_X2Y22          DSP48E1 (Prop_dsp48e1_A[16]_P[13])
                                                      4.016    13.675 r  flash_bd_i/top_v1_axi_0/inst/u_core/u_conv/fm_rd_addr0__0/P[13]
                         net (fo=4, routed)           0.812    14.487    flash_bd_i/top_v1_axi_0/inst/u_core/u_seq/mem_reg_0_0[13]
    SLICE_X34Y62         LUT5 (Prop_lut5_I3_O)        0.124    14.611 r  flash_bd_i/top_v1_axi_0/inst/u_core/u_seq/mem_reg_0_2_i_3/O
                         net (fo=16, routed)          2.257    16.868    flash_bd_i/top_v1_axi_0/inst/u_core/u_ram_a/rd_addr_mux[13]
    RAMB36_X2Y24         RAMB36E1                                     r  flash_bd_i/top_v1_axi_0/inst/u_core/u_ram_a/mem_reg_1_2/ADDRBWRADDR[13]
  -------------------------------------------------------------------    -------------------

                         (clock clk_fpga_0 rise edge)
                                                     14.999    14.999 r  
    PS7_X0Y0             PS7                          0.000    14.999 r  flash_bd_i/processing_system7_0/inst/PS7_i/FCLKCLK[0]
                         net (fo=1, routed)           1.088    16.087    flash_bd_i/processing_system7_0/inst/FCLK_CLK_unbuffered[0]
    BUFGCTRL_X0Y16       BUFG (Prop_bufg_I_O)         0.091    16.178 r  flash_bd_i/processing_system7_0/inst/buffer_fclk_clk_0.FCLK_CLK_0_BUFG/O
                         net (fo=5067, routed)        1.684    17.862    flash_bd_i/top_v1_axi_0/inst/u_core/u_ram_a/aclk
    RAMB36_X2Y24         RAMB36E1                                     r  flash_bd_i/top_v1_axi_0/inst/u_core/u_ram_a/mem_reg_1_2/CLKBWRCLK
                         clock pessimism              0.115    17.977    
                         clock uncertainty           -0.228    17.749    
    RAMB36_X2Y24         RAMB36E1 (Setup_ramb36e1_CLKBWRCLK_ADDRBWRADDR[13])
                                                     -0.566    17.183    flash_bd_i/top_v1_axi_0/inst/u_core/u_ram_a/mem_reg_1_2
  -------------------------------------------------------------------
                         required time                         17.183    
                         arrival time                         -16.868    
  -------------------------------------------------------------------
                         slack                                  0.315    

Slack (MET) :             0.327ns  (required time - arrival time)
  Source:                 flash_bd_i/top_v1_axi_0/inst/u_core/u_conv/y_reg[3]/C
                            (rising edge-triggered cell FDRE clocked by clk_fpga_0  {rise@0.000ns fall@7.499ns period=14.999ns})
  Destination:            flash_bd_i/top_v1_axi_0/inst/u_core/u_ram_a/mem_reg_1_2/ADDRBWRADDR[3]
                            (rising edge-triggered cell RAMB36E1 clocked by clk_fpga_0  {rise@0.000ns fall@7.499ns period=14.999ns})
  Path Group:             clk_fpga_0
  Path Type:              Setup (Max at Slow Process Corner)
  Requirement:            14.999ns  (clk_fpga_0 rise@14.999ns - clk_fpga_0 rise@0.000ns)
  Data Path Delay:        13.893ns  (logic 7.708ns (55.482%)  route 6.185ns (44.518%))
  Logic Levels:           10  (CARRY4=6 DSP48E1=1 LUT2=1 LUT5=2)
  Clock Path Skew:        0.015ns (DCD - SCD + CPR)
    Destination Clock Delay (DCD):    2.863ns = ( 17.862 - 14.999 ) 
    Source Clock Delay      (SCD):    2.963ns
    Clock Pessimism Removal (CPR):    0.115ns
  Clock Uncertainty:      0.228ns  ((TSJ^2 + TIJ^2)^1/2 + DJ) / 2 + PE
    Total System Jitter     (TSJ):    0.071ns
    Total Input Jitter      (TIJ):    0.450ns
    Discrete Jitter          (DJ):    0.000ns
    Phase Error              (PE):    0.000ns

    Location             Delay type                Incr(ns)  Path(ns)    Netlist Resource(s)
  -------------------------------------------------------------------    -------------------
                         (clock clk_fpga_0 rise edge)
                                                      0.000     0.000 r  
    PS7_X0Y0             PS7                          0.000     0.000 r  flash_bd_i/processing_system7_0/inst/PS7_i/FCLKCLK[0]
                         net (fo=1, routed)           1.193     1.193    flash_bd_i/processing_system7_0/inst/FCLK_CLK_unbuffered[0]
    BUFGCTRL_X0Y16       BUFG (Prop_bufg_I_O)         0.101     1.294 r  flash_bd_i/processing_system7_0/inst/buffer_fclk_clk_0.FCLK_CLK_0_BUFG/O
                         net (fo=5067, routed)        1.669     2.963    flash_bd_i/top_v1_axi_0/inst/u_core/u_conv/aclk
    SLICE_X33Y43         FDRE                                         r  flash_bd_i/top_v1_axi_0/inst/u_core/u_conv/y_reg[3]/C
  -------------------------------------------------------------------    -------------------
    SLICE_X33Y43         FDRE (Prop_fdre_C_Q)         0.456     3.419 r  flash_bd_i/top_v1_axi_0/inst/u_core/u_conv/y_reg[3]/Q
                         net (fo=9, routed)           0.993     4.412    flash_bd_i/top_v1_axi_0/inst/u_core/u_conv/y_reg[3]
    SLICE_X33Y43         LUT5 (Prop_lut5_I0_O)        0.124     4.536 r  flash_bd_i/top_v1_axi_0/inst/u_core/u_conv/tag0_is_pad5_carry__0_i_7/O
                         net (fo=1, routed)           0.000     4.536    flash_bd_i/top_v1_axi_0/inst/u_core/u_conv/tag0_is_pad5_carry__0_i_7_n_0
    SLICE_X33Y43         CARRY4 (Prop_carry4_S[1]_CO[3])
                                                      0.550     5.086 r  flash_bd_i/top_v1_axi_0/inst/u_core/u_conv/tag0_is_pad5_carry__0/CO[3]
                         net (fo=1, routed)           0.000     5.086    flash_bd_i/top_v1_axi_0/inst/u_core/u_conv/tag0_is_pad5_carry__0_n_0
    SLICE_X33Y44         CARRY4 (Prop_carry4_CI_O[1])
                                                      0.334     5.420 r  flash_bd_i/top_v1_axi_0/inst/u_core/u_conv/tag0_is_pad5_carry__1/O[1]
                         net (fo=1, routed)           0.711     6.132    flash_bd_i/top_v1_axi_0/inst/u_core/u_conv/tag0_is_pad5_carry__1_n_6
    SLICE_X34Y47         CARRY4 (Prop_carry4_S[1]_CO[3])
                                                      0.836     6.968 r  flash_bd_i/top_v1_axi_0/inst/u_core/u_conv/fm_rd_addr0__0_i_22/CO[3]
                         net (fo=1, routed)           0.000     6.968    flash_bd_i/top_v1_axi_0/inst/u_core/u_conv/fm_rd_addr0__0_i_22_n_0
    SLICE_X34Y48         CARRY4 (Prop_carry4_CI_O[0])
                                                      0.219     7.187 r  flash_bd_i/top_v1_axi_0/inst/u_core/u_conv/fm_rd_addr0__0_i_21/O[0]
                         net (fo=1, routed)           0.487     7.674    flash_bd_i/top_v1_axi_0/inst/u_core/u_conv/PCOUT[12]
    SLICE_X35Y48         LUT2 (Prop_lut2_I1_O)        0.295     7.969 r  flash_bd_i/top_v1_axi_0/inst/u_core/u_conv/fm_rd_addr0__0_i_8/O
                         net (fo=1, routed)           0.000     7.969    flash_bd_i/top_v1_axi_0/inst/u_core/u_conv/fm_rd_addr0__0_i_8_n_0
    SLICE_X35Y48         CARRY4 (Prop_carry4_S[0]_CO[3])
                                                      0.532     8.500 r  flash_bd_i/top_v1_axi_0/inst/u_core/u_conv/fm_rd_addr0__0_i_2/CO[3]
                         net (fo=1, routed)           0.000     8.500    flash_bd_i/top_v1_axi_0/inst/u_core/u_conv/fm_rd_addr0__0_i_2_n_0
    SLICE_X35Y49         CARRY4 (Prop_carry4_CI_O[0])
                                                      0.222     8.722 r  flash_bd_i/top_v1_axi_0/inst/u_core/u_conv/fm_rd_addr0__0_i_1/O[0]
                         net (fo=3, routed)           0.936     9.659    flash_bd_i/top_v1_axi_0/inst/u_core/u_conv/fm_rd_addr0__0_i_1_n_7
    DSP48_X2Y22          DSP48E1 (Prop_dsp48e1_A[16]_P[3])
                                                      4.016    13.675 r  flash_bd_i/top_v1_axi_0/inst/u_core/u_conv/fm_rd_addr0__0/P[3]
                         net (fo=4, routed)           0.617    14.292    flash_bd_i/top_v1_axi_0/inst/u_core/u_seq/mem_reg_0_0[3]
    SLICE_X35Y55         LUT5 (Prop_lut5_I3_O)        0.124    14.416 r  flash_bd_i/top_v1_axi_0/inst/u_core/u_seq/mem_reg_0_2_i_13/O
                         net (fo=16, routed)          2.440    16.856    flash_bd_i/top_v1_axi_0/inst/u_core/u_ram_a/rd_addr_mux[3]
    RAMB36_X2Y24         RAMB36E1                                     r  flash_bd_i/top_v1_axi_0/inst/u_core/u_ram_a/mem_reg_1_2/ADDRBWRADDR[3]
  -------------------------------------------------------------------    -------------------

                         (clock clk_fpga_0 rise edge)
                                                     14.999    14.999 r  
    PS7_X0Y0             PS7                          0.000    14.999 r  flash_bd_i/processing_system7_0/inst/PS7_i/FCLKCLK[0]
                         net (fo=1, routed)           1.088    16.087    flash_bd_i/processing_system7_0/inst/FCLK_CLK_unbuffered[0]
    BUFGCTRL_X0Y16       BUFG (Prop_bufg_I_O)         0.091    16.178 r  flash_bd_i/processing_system7_0/inst/buffer_fclk_clk_0.FCLK_CLK_0_BUFG/O
                         net (fo=5067, routed)        1.684    17.862    flash_bd_i/top_v1_axi_0/inst/u_core/u_ram_a/aclk
    RAMB36_X2Y24         RAMB36E1                                     r  flash_bd_i/top_v1_axi_0/inst/u_core/u_ram_a/mem_reg_1_2/CLKBWRCLK
                         clock pessimism              0.115    17.977    
                         clock uncertainty           -0.228    17.749    
    RAMB36_X2Y24         RAMB36E1 (Setup_ramb36e1_CLKBWRCLK_ADDRBWRADDR[3])
                                                     -0.566    17.183    flash_bd_i/top_v1_axi_0/inst/u_core/u_ram_a/mem_reg_1_2
  -------------------------------------------------------------------
                         required time                         17.183    
                         arrival time                         -16.856    
  -------------------------------------------------------------------
                         slack                                  0.327    





Min Delay Paths
--------------------------------------------------------------------------------------
Slack (MET) :             0.024ns  (arrival time - required time)
  Source:                 flash_bd_i/axi_mem_intercon/s00_couplers/auto_pc/inst/gen_axi4_axi3.axi3_conv_inst/USE_READ.USE_SPLIT_R.read_addr_inst/USE_R_CHANNEL.cmd_queue/inst/fifo_gen_inst/inst_fifo_gen/gconvfifo.rf/grf.rf/gntv_or_sync_fifo.gl0.wr/wpntr/gcc0.gc0.count_d1_reg[0]/C
                            (rising edge-triggered cell FDCE clocked by clk_fpga_0  {rise@0.000ns fall@7.499ns period=14.999ns})
  Destination:            flash_bd_i/axi_mem_intercon/s00_couplers/auto_pc/inst/gen_axi4_axi3.axi3_conv_inst/USE_READ.USE_SPLIT_R.read_addr_inst/USE_R_CHANNEL.cmd_queue/inst/fifo_gen_inst/inst_fifo_gen/gconvfifo.rf/grf.rf/gntv_or_sync_fifo.mem/gdm.dm_gen.dm/RAM_reg_0_31_0_0/DP/WADR0
                            (rising edge-triggered cell RAMD32 clocked by clk_fpga_0  {rise@0.000ns fall@7.499ns period=14.999ns})
  Path Group:             clk_fpga_0
  Path Type:              Hold (Min at Fast Process Corner)
  Requirement:            0.000ns  (clk_fpga_0 rise@0.000ns - clk_fpga_0 rise@0.000ns)
  Data Path Delay:        0.347ns  (logic 0.141ns (40.606%)  route 0.206ns (59.394%))
  Logic Levels:           0  
  Clock Path Skew:        0.013ns (DCD - SCD - CPR)
    Destination Clock Delay (DCD):    1.197ns
    Source Clock Delay      (SCD):    0.901ns
    Clock Pessimism Removal (CPR):    0.283ns

    Location             Delay type                Incr(ns)  Path(ns)    Netlist Resource(s)
  -------------------------------------------------------------------    -------------------
                         (clock clk_fpga_0 rise edge)
                                                      0.000     0.000 r  
    PS7_X0Y0             PS7                          0.000     0.000 r  flash_bd_i/processing_system7_0/inst/PS7_i/FCLKCLK[0]
                         net (fo=1, routed)           0.310     0.310    flash_bd_i/processing_system7_0/inst/FCLK_CLK_unbuffered[0]
    BUFGCTRL_X0Y16       BUFG (Prop_bufg_I_O)         0.026     0.336 r  flash_bd_i/processing_system7_0/inst/buffer_fclk_clk_0.FCLK_CLK_0_BUFG/O
                         net (fo=5067, routed)        0.565     0.901    flash_bd_i/axi_mem_intercon/s00_couplers/auto_pc/inst/gen_axi4_axi3.axi3_conv_inst/USE_READ.USE_SPLIT_R.read_addr_inst/USE_R_CHANNEL.cmd_queue/inst/fifo_gen_inst/inst_fifo_gen/gconvfifo.rf/grf.rf/gntv_or_sync_fifo.gl0.wr/wpntr/clk
    SLICE_X33Y47         FDCE                                         r  flash_bd_i/axi_mem_intercon/s00_couplers/auto_pc/inst/gen_axi4_axi3.axi3_conv_inst/USE_READ.USE_SPLIT_R.read_addr_inst/USE_R_CHANNEL.cmd_queue/inst/fifo_gen_inst/inst_fifo_gen/gconvfifo.rf/grf.rf/gntv_or_sync_fifo.gl0.wr/wpntr/gcc0.gc0.count_d1_reg[0]/C
  -------------------------------------------------------------------    -------------------
    SLICE_X33Y47         FDCE (Prop_fdce_C_Q)         0.141     1.042 r  flash_bd_i/axi_mem_intercon/s00_couplers/auto_pc/inst/gen_axi4_axi3.axi3_conv_inst/USE_READ.USE_SPLIT_R.read_addr_inst/USE_R_CHANNEL.cmd_queue/inst/fifo_gen_inst/inst_fifo_gen/gconvfifo.rf/grf.rf/gntv_or_sync_fifo.gl0.wr/wpntr/gcc0.gc0.count_d1_reg[0]/Q
                         net (fo=5, routed)           0.206     1.248    flash_bd_i/axi_mem_intercon/s00_couplers/auto_pc/inst/gen_axi4_axi3.axi3_conv_inst/USE_READ.USE_SPLIT_R.read_addr_inst/USE_R_CHANNEL.cmd_queue/inst/fifo_gen_inst/inst_fifo_gen/gconvfifo.rf/grf.rf/gntv_or_sync_fifo.mem/gdm.dm_gen.dm/RAM_reg_0_31_0_0/A0
    SLICE_X32Y47         RAMD32                                       r  flash_bd_i/axi_mem_intercon/s00_couplers/auto_pc/inst/gen_axi4_axi3.axi3_conv_inst/USE_READ.USE_SPLIT_R.read_addr_inst/USE_R_CHANNEL.cmd_queue/inst/fifo_gen_inst/inst_fifo_gen/gconvfifo.rf/grf.rf/gntv_or_sync_fifo.mem/gdm.dm_gen.dm/RAM_reg_0_31_0_0/DP/WADR0
  -------------------------------------------------------------------    -------------------

                         (clock clk_fpga_0 rise edge)
                                                      0.000     0.000 r  
    PS7_X0Y0             PS7                          0.000     0.000 r  flash_bd_i/processing_system7_0/inst/PS7_i/FCLKCLK[0]
                         net (fo=1, routed)           0.337     0.337    flash_bd_i/processing_system7_0/inst/FCLK_CLK_unbuffered[0]
    BUFGCTRL_X0Y16       BUFG (Prop_bufg_I_O)         0.029     0.366 r  flash_bd_i/processing_system7_0/inst/buffer_fclk_clk_0.FCLK_CLK_0_BUFG/O
                         net (fo=5067, routed)        0.831     1.197    flash_bd_i/axi_mem_intercon/s00_couplers/auto_pc/inst/gen_axi4_axi3.axi3_conv_inst/USE_READ.USE_SPLIT_R.read_addr_inst/USE_R_CHANNEL.cmd_queue/inst/fifo_gen_inst/inst_fifo_gen/gconvfifo.rf/grf.rf/gntv_or_sync_fifo.mem/gdm.dm_gen.dm/RAM_reg_0_31_0_0/WCLK
    SLICE_X32Y47         RAMD32                                       r  flash_bd_i/axi_mem_intercon/s00_couplers/auto_pc/inst/gen_axi4_axi3.axi3_conv_inst/USE_READ.USE_SPLIT_R.read_addr_inst/USE_R_CHANNEL.cmd_queue/inst/fifo_gen_inst/inst_fifo_gen/gconvfifo.rf/grf.rf/gntv_or_sync_fifo.mem/gdm.dm_gen.dm/RAM_reg_0_31_0_0/DP/CLK
                         clock pessimism             -0.283     0.914    
    SLICE_X32Y47         RAMD32 (Hold_ramd32_CLK_WADR0)
                                                      0.310     1.224    flash_bd_i/axi_mem_intercon/s00_couplers/auto_pc/inst/gen_axi4_axi3.axi3_conv_inst/USE_READ.USE_SPLIT_R.read_addr_inst/USE_R_CHANNEL.cmd_queue/inst/fifo_gen_inst/inst_fifo_gen/gconvfifo.rf/grf.rf/gntv_or_sync_fifo.mem/gdm.dm_gen.dm/RAM_reg_0_31_0_0/DP
  -------------------------------------------------------------------
                         required time                         -1.224    
                         arrival time                           1.248    
  -------------------------------------------------------------------
                         slack                                  0.024    

Slack (MET) :             0.024ns  (arrival time - required time)
  Source:                 flash_bd_i/axi_mem_intercon/s00_couplers/auto_pc/inst/gen_axi4_axi3.axi3_conv_inst/USE_READ.USE_SPLIT_R.read_addr_inst/USE_R_CHANNEL.cmd_queue/inst/fifo_gen_inst/inst_fifo_gen/gconvfifo.rf/grf.rf/gntv_or_sync_fifo.gl0.wr/wpntr/gcc0.gc0.count_d1_reg[0]/C
                            (rising edge-triggered cell FDCE clocked by clk_fpga_0  {rise@0.000ns fall@7.499ns period=14.999ns})
  Destination:            flash_bd_i/axi_mem_intercon/s00_couplers/auto_pc/inst/gen_axi4_axi3.axi3_conv_inst/USE_READ.USE_SPLIT_R.read_addr_inst/USE_R_CHANNEL.cmd_queue/inst/fifo_gen_inst/inst_fifo_gen/gconvfifo.rf/grf.rf/gntv_or_sync_fifo.mem/gdm.dm_gen.dm/RAM_reg_0_31_0_0/SP/WADR0
                            (rising edge-triggered cell RAMD32 clocked by clk_fpga_0  {rise@0.000ns fall@7.499ns period=14.999ns})
  Path Group:             clk_fpga_0
  Path Type:              Hold (Min at Fast Process Corner)
  Requirement:            0.000ns  (clk_fpga_0 rise@0.000ns - clk_fpga_0 rise@0.000ns)
  Data Path Delay:        0.347ns  (logic 0.141ns (40.606%)  route 0.206ns (59.394%))
  Logic Levels:           0  
  Clock Path Skew:        0.013ns (DCD - SCD - CPR)
    Destination Clock Delay (DCD):    1.197ns
    Source Clock Delay      (SCD):    0.901ns
    Clock Pessimism Removal (CPR):    0.283ns

    Location             Delay type                Incr(ns)  Path(ns)    Netlist Resource(s)
  -------------------------------------------------------------------    -------------------
                         (clock clk_fpga_0 rise edge)
                                                      0.000     0.000 r  
    PS7_X0Y0             PS7                          0.000     0.000 r  flash_bd_i/processing_system7_0/inst/PS7_i/FCLKCLK[0]
                         net (fo=1, routed)           0.310     0.310    flash_bd_i/processing_system7_0/inst/FCLK_CLK_unbuffered[0]
    BUFGCTRL_X0Y16       BUFG (Prop_bufg_I_O)         0.026     0.336 r  flash_bd_i/processing_system7_0/inst/buffer_fclk_clk_0.FCLK_CLK_0_BUFG/O
                         net (fo=5067, routed)        0.565     0.901    flash_bd_i/axi_mem_intercon/s00_couplers/auto_pc/inst/gen_axi4_axi3.axi3_conv_inst/USE_READ.USE_SPLIT_R.read_addr_inst/USE_R_CHANNEL.cmd_queue/inst/fifo_gen_inst/inst_fifo_gen/gconvfifo.rf/grf.rf/gntv_or_sync_fifo.gl0.wr/wpntr/clk
    SLICE_X33Y47         FDCE                                         r  flash_bd_i/axi_mem_intercon/s00_couplers/auto_pc/inst/gen_axi4_axi3.axi3_conv_inst/USE_READ.USE_SPLIT_R.read_addr_inst/USE_R_CHANNEL.cmd_queue/inst/fifo_gen_inst/inst_fifo_gen/gconvfifo.rf/grf.rf/gntv_or_sync_fifo.gl0.wr/wpntr/gcc0.gc0.count_d1_reg[0]/C
  -------------------------------------------------------------------    -------------------
    SLICE_X33Y47         FDCE (Prop_fdce_C_Q)         0.141     1.042 r  flash_bd_i/axi_mem_intercon/s00_couplers/auto_pc/inst/gen_axi4_axi3.axi3_conv_inst/USE_READ.USE_SPLIT_R.read_addr_inst/USE_R_CHANNEL.cmd_queue/inst/fifo_gen_inst/inst_fifo_gen/gconvfifo.rf/grf.rf/gntv_or_sync_fifo.gl0.wr/wpntr/gcc0.gc0.count_d1_reg[0]/Q
                         net (fo=5, routed)           0.206     1.248    flash_bd_i/axi_mem_intercon/s00_couplers/auto_pc/inst/gen_axi4_axi3.axi3_conv_inst/USE_READ.USE_SPLIT_R.read_addr_inst/USE_R_CHANNEL.cmd_queue/inst/fifo_gen_inst/inst_fifo_gen/gconvfifo.rf/grf.rf/gntv_or_sync_fifo.mem/gdm.dm_gen.dm/RAM_reg_0_31_0_0/A0
    SLICE_X32Y47         RAMD32                                       r  flash_bd_i/axi_mem_intercon/s00_couplers/auto_pc/inst/gen_axi4_axi3.axi3_conv_inst/USE_READ.USE_SPLIT_R.read_addr_inst/USE_R_CHANNEL.cmd_queue/inst/fifo_gen_inst/inst_fifo_gen/gconvfifo.rf/grf.rf/gntv_or_sync_fifo.mem/gdm.dm_gen.dm/RAM_reg_0_31_0_0/SP/WADR0
  -------------------------------------------------------------------    -------------------

                         (clock clk_fpga_0 rise edge)
                                                      0.000     0.000 r  
    PS7_X0Y0             PS7                          0.000     0.000 r  flash_bd_i/processing_system7_0/inst/PS7_i/FCLKCLK[0]
                         net (fo=1, routed)           0.337     0.337    flash_bd_i/processing_system7_0/inst/FCLK_CLK_unbuffered[0]
    BUFGCTRL_X0Y16       BUFG (Prop_bufg_I_O)         0.029     0.366 r  flash_bd_i/processing_system7_0/inst/buffer_fclk_clk_0.FCLK_CLK_0_BUFG/O
                         net (fo=5067, routed)        0.831     1.197    flash_bd_i/axi_mem_intercon/s00_couplers/auto_pc/inst/gen_axi4_axi3.axi3_conv_inst/USE_READ.USE_SPLIT_R.read_addr_inst/USE_R_CHANNEL.cmd_queue/inst/fifo_gen_inst/inst_fifo_gen/gconvfifo.rf/grf.rf/gntv_or_sync_fifo.mem/gdm.dm_gen.dm/RAM_reg_0_31_0_0/WCLK
    SLICE_X32Y47         RAMD32                                       r  flash_bd_i/axi_mem_intercon/s00_couplers/auto_pc/inst/gen_axi4_axi3.axi3_conv_inst/USE_READ.USE_SPLIT_R.read_addr_inst/USE_R_CHANNEL.cmd_queue/inst/fifo_gen_inst/inst_fifo_gen/gconvfifo.rf/grf.rf/gntv_or_sync_fifo.mem/gdm.dm_gen.dm/RAM_reg_0_31_0_0/SP/CLK
                         clock pessimism             -0.283     0.914    
    SLICE_X32Y47         RAMD32 (Hold_ramd32_CLK_WADR0)
                                                      0.310     1.224    flash_bd_i/axi_mem_intercon/s00_couplers/auto_pc/inst/gen_axi4_axi3.axi3_conv_inst/USE_READ.USE_SPLIT_R.read_addr_inst/USE_R_CHANNEL.cmd_queue/inst/fifo_gen_inst/inst_fifo_gen/gconvfifo.rf/grf.rf/gntv_or_sync_fifo.mem/gdm.dm_gen.dm/RAM_reg_0_31_0_0/SP
  -------------------------------------------------------------------
                         required time                         -1.224    
                         arrival time                           1.248    
  -------------------------------------------------------------------
                         slack                                  0.024    

Slack (MET) :             0.041ns  (arrival time - required time)
  Source:                 flash_bd_i/top_v1_axi_0/inst/u_core/u_conv/tag_out_idx_reg[1][15]__0/C
                            (rising edge-triggered cell FDRE clocked by clk_fpga_0  {rise@0.000ns fall@7.499ns period=14.999ns})
  Destination:            flash_bd_i/top_v1_axi_0/inst/u_core/u_conv/tag_out_idx_reg[4][15]_srl3/D
                            (rising edge-triggered cell SRL16E clocked by clk_fpga_0  {rise@0.000ns fall@7.499ns period=14.999ns})
  Path Group:             clk_fpga_0
  Path Type:              Hold (Min at Fast Process Corner)
  Requirement:            0.000ns  (clk_fpga_0 rise@0.000ns - clk_fpga_0 rise@0.000ns)
  Data Path Delay:        0.241ns  (logic 0.141ns (58.447%)  route 0.100ns (41.553%))
  Logic Levels:           0  
  Clock Path Skew:        0.017ns (DCD - SCD - CPR)
    Destination Clock Delay (DCD):    1.188ns
    Source Clock Delay      (SCD):    0.889ns
    Clock Pessimism Removal (CPR):    0.282ns

    Location             Delay type                Incr(ns)  Path(ns)    Netlist Resource(s)
  -------------------------------------------------------------------    -------------------
                         (clock clk_fpga_0 rise edge)
                                                      0.000     0.000 r  
    PS7_X0Y0             PS7                          0.000     0.000 r  flash_bd_i/processing_system7_0/inst/PS7_i/FCLKCLK[0]
                         net (fo=1, routed)           0.310     0.310    flash_bd_i/processing_system7_0/inst/FCLK_CLK_unbuffered[0]
    BUFGCTRL_X0Y16       BUFG (Prop_bufg_I_O)         0.026     0.336 r  flash_bd_i/processing_system7_0/inst/buffer_fclk_clk_0.FCLK_CLK_0_BUFG/O
                         net (fo=5067, routed)        0.553     0.889    flash_bd_i/top_v1_axi_0/inst/u_core/u_conv/aclk
    SLICE_X37Y62         FDRE                                         r  flash_bd_i/top_v1_axi_0/inst/u_core/u_conv/tag_out_idx_reg[1][15]__0/C
  -------------------------------------------------------------------    -------------------
    SLICE_X37Y62         FDRE (Prop_fdre_C_Q)         0.141     1.030 r  flash_bd_i/top_v1_axi_0/inst/u_core/u_conv/tag_out_idx_reg[1][15]__0/Q
                         net (fo=1, routed)           0.100     1.130    flash_bd_i/top_v1_axi_0/inst/u_core/u_conv/tag_out_idx_reg[1][15]__0_n_0
    SLICE_X38Y61         SRL16E                                       r  flash_bd_i/top_v1_axi_0/inst/u_core/u_conv/tag_out_idx_reg[4][15]_srl3/D
  -------------------------------------------------------------------    -------------------

                         (clock clk_fpga_0 rise edge)
                                                      0.000     0.000 r  
    PS7_X0Y0             PS7                          0.000     0.000 r  flash_bd_i/processing_system7_0/inst/PS7_i/FCLKCLK[0]
                         net (fo=1, routed)           0.337     0.337    flash_bd_i/processing_system7_0/inst/FCLK_CLK_unbuffered[0]
    BUFGCTRL_X0Y16       BUFG (Prop_bufg_I_O)         0.029     0.366 r  flash_bd_i/processing_system7_0/inst/buffer_fclk_clk_0.FCLK_CLK_0_BUFG/O
                         net (fo=5067, routed)        0.822     1.188    flash_bd_i/top_v1_axi_0/inst/u_core/u_conv/aclk
    SLICE_X38Y61         SRL16E                                       r  flash_bd_i/top_v1_axi_0/inst/u_core/u_conv/tag_out_idx_reg[4][15]_srl3/CLK
                         clock pessimism             -0.282     0.906    
    SLICE_X38Y61         SRL16E (Hold_srl16e_CLK_D)
                                                      0.183     1.089    flash_bd_i/top_v1_axi_0/inst/u_core/u_conv/tag_out_idx_reg[4][15]_srl3
  -------------------------------------------------------------------
                         required time                         -1.089    
                         arrival time                           1.130    
  -------------------------------------------------------------------
                         slack                                  0.041    

Slack (MET) :             0.041ns  (arrival time - required time)
  Source:                 flash_bd_i/top_v1_axi_0/inst/u_core/u_conv/tag_out_idx_reg[1][7]__0/C
                            (rising edge-triggered cell FDRE clocked by clk_fpga_0  {rise@0.000ns fall@7.499ns period=14.999ns})
  Destination:            flash_bd_i/top_v1_axi_0/inst/u_core/u_conv/tag_out_idx_reg[4][7]_srl3/D
                            (rising edge-triggered cell SRL16E clocked by clk_fpga_0  {rise@0.000ns fall@7.499ns period=14.999ns})
  Path Group:             clk_fpga_0
  Path Type:              Hold (Min at Fast Process Corner)
  Requirement:            0.000ns  (clk_fpga_0 rise@0.000ns - clk_fpga_0 rise@0.000ns)
  Data Path Delay:        0.241ns  (logic 0.141ns (58.447%)  route 0.100ns (41.553%))
  Logic Levels:           0  
  Clock Path Skew:        0.017ns (DCD - SCD - CPR)
    Destination Clock Delay (DCD):    1.189ns
    Source Clock Delay      (SCD):    0.890ns
    Clock Pessimism Removal (CPR):    0.282ns

    Location             Delay type                Incr(ns)  Path(ns)    Netlist Resource(s)
  -------------------------------------------------------------------    -------------------
                         (clock clk_fpga_0 rise edge)
                                                      0.000     0.000 r  
    PS7_X0Y0             PS7                          0.000     0.000 r  flash_bd_i/processing_system7_0/inst/PS7_i/FCLKCLK[0]
                         net (fo=1, routed)           0.310     0.310    flash_bd_i/processing_system7_0/inst/FCLK_CLK_unbuffered[0]
    BUFGCTRL_X0Y16       BUFG (Prop_bufg_I_O)         0.026     0.336 r  flash_bd_i/processing_system7_0/inst/buffer_fclk_clk_0.FCLK_CLK_0_BUFG/O
                         net (fo=5067, routed)        0.554     0.890    flash_bd_i/top_v1_axi_0/inst/u_core/u_conv/aclk
    SLICE_X37Y60         FDRE                                         r  flash_bd_i/top_v1_axi_0/inst/u_core/u_conv/tag_out_idx_reg[1][7]__0/C
  -------------------------------------------------------------------    -------------------
    SLICE_X37Y60         FDRE (Prop_fdre_C_Q)         0.141     1.031 r  flash_bd_i/top_v1_axi_0/inst/u_core/u_conv/tag_out_idx_reg[1][7]__0/Q
                         net (fo=1, routed)           0.100     1.131    flash_bd_i/top_v1_axi_0/inst/u_core/u_conv/tag_out_idx_reg[1][7]__0_n_0
    SLICE_X38Y59         SRL16E                                       r  flash_bd_i/top_v1_axi_0/inst/u_core/u_conv/tag_out_idx_reg[4][7]_srl3/D
  -------------------------------------------------------------------    -------------------

                         (clock clk_fpga_0 rise edge)
                                                      0.000     0.000 r  
    PS7_X0Y0             PS7                          0.000     0.000 r  flash_bd_i/processing_system7_0/inst/PS7_i/FCLKCLK[0]
                         net (fo=1, routed)           0.337     0.337    flash_bd_i/processing_system7_0/inst/FCLK_CLK_unbuffered[0]
    BUFGCTRL_X0Y16       BUFG (Prop_bufg_I_O)         0.029     0.366 r  flash_bd_i/processing_system7_0/inst/buffer_fclk_clk_0.FCLK_CLK_0_BUFG/O
                         net (fo=5067, routed)        0.823     1.189    flash_bd_i/top_v1_axi_0/inst/u_core/u_conv/aclk
    SLICE_X38Y59         SRL16E                                       r  flash_bd_i/top_v1_axi_0/inst/u_core/u_conv/tag_out_idx_reg[4][7]_srl3/CLK
                         clock pessimism             -0.282     0.907    
    SLICE_X38Y59         SRL16E (Hold_srl16e_CLK_D)
                                                      0.183     1.090    flash_bd_i/top_v1_axi_0/inst/u_core/u_conv/tag_out_idx_reg[4][7]_srl3
  -------------------------------------------------------------------
                         required time                         -1.090    
                         arrival time                           1.131    
  -------------------------------------------------------------------
                         slack                                  0.041    

Slack (MET) :             0.042ns  (arrival time - required time)
  Source:                 flash_bd_i/ps7_0_axi_periph/xbar/inst/gen_sasd.crossbar_sasd_0/reg_slice_r/m_payload_i_reg[12]/C
                            (rising edge-triggered cell FDRE clocked by clk_fpga_0  {rise@0.000ns fall@7.499ns period=14.999ns})
  Destination:            flash_bd_i/ps7_0_axi_periph/s00_couplers/auto_pc/inst/gen_axilite.gen_b2s_conv.axilite_b2s/RD.r_channel_0/rd_data_fifo_0/memory_reg[31][9]_srl32/D
                            (rising edge-triggered cell SRLC32E clocked by clk_fpga_0  {rise@0.000ns fall@7.499ns period=14.999ns})
  Path Group:             clk_fpga_0
  Path Type:              Hold (Min at Fast Process Corner)
  Requirement:            0.000ns  (clk_fpga_0 rise@0.000ns - clk_fpga_0 rise@0.000ns)
  Data Path Delay:        0.258ns  (logic 0.141ns (54.755%)  route 0.117ns (45.245%))
  Logic Levels:           0  
  Clock Path Skew:        0.033ns (DCD - SCD - CPR)
    Destination Clock Delay (DCD):    1.189ns
    Source Clock Delay      (SCD):    0.892ns
    Clock Pessimism Removal (CPR):    0.264ns

    Location             Delay type                Incr(ns)  Path(ns)    Netlist Resource(s)
  -------------------------------------------------------------------    -------------------
                         (clock clk_fpga_0 rise edge)
                                                      0.000     0.000 r  
    PS7_X0Y0             PS7                          0.000     0.000 r  flash_bd_i/processing_system7_0/inst/PS7_i/FCLKCLK[0]
                         net (fo=1, routed)           0.310     0.310    flash_bd_i/processing_system7_0/inst/FCLK_CLK_unbuffered[0]
    BUFGCTRL_X0Y16       BUFG (Prop_bufg_I_O)         0.026     0.336 r  flash_bd_i/processing_system7_0/inst/buffer_fclk_clk_0.FCLK_CLK_0_BUFG/O
                         net (fo=5067, routed)        0.556     0.892    flash_bd_i/ps7_0_axi_periph/xbar/inst/gen_sasd.crossbar_sasd_0/reg_slice_r/aclk
    SLICE_X35Y89         FDRE                                         r  flash_bd_i/ps7_0_axi_periph/xbar/inst/gen_sasd.crossbar_sasd_0/reg_slice_r/m_payload_i_reg[12]/C
  -------------------------------------------------------------------    -------------------
    SLICE_X35Y89         FDRE (Prop_fdre_C_Q)         0.141     1.033 r  flash_bd_i/ps7_0_axi_periph/xbar/inst/gen_sasd.crossbar_sasd_0/reg_slice_r/m_payload_i_reg[12]/Q
                         net (fo=1, routed)           0.117     1.149    flash_bd_i/ps7_0_axi_periph/s00_couplers/auto_pc/inst/gen_axilite.gen_b2s_conv.axilite_b2s/RD.r_channel_0/rd_data_fifo_0/in[9]
    SLICE_X32Y89         SRLC32E                                      r  flash_bd_i/ps7_0_axi_periph/s00_couplers/auto_pc/inst/gen_axilite.gen_b2s_conv.axilite_b2s/RD.r_channel_0/rd_data_fifo_0/memory_reg[31][9]_srl32/D
  -------------------------------------------------------------------    -------------------

                         (clock clk_fpga_0 rise edge)
                                                      0.000     0.000 r  
    PS7_X0Y0             PS7                          0.000     0.000 r  flash_bd_i/processing_system7_0/inst/PS7_i/FCLKCLK[0]
                         net (fo=1, routed)           0.337     0.337    flash_bd_i/processing_system7_0/inst/FCLK_CLK_unbuffered[0]
    BUFGCTRL_X0Y16       BUFG (Prop_bufg_I_O)         0.029     0.366 r  flash_bd_i/processing_system7_0/inst/buffer_fclk_clk_0.FCLK_CLK_0_BUFG/O
                         net (fo=5067, routed)        0.823     1.189    flash_bd_i/ps7_0_axi_periph/s00_couplers/auto_pc/inst/gen_axilite.gen_b2s_conv.axilite_b2s/RD.r_channel_0/rd_data_fifo_0/aclk
    SLICE_X32Y89         SRLC32E                                      r  flash_bd_i/ps7_0_axi_periph/s00_couplers/auto_pc/inst/gen_axilite.gen_b2s_conv.axilite_b2s/RD.r_channel_0/rd_data_fifo_0/memory_reg[31][9]_srl32/CLK
                         clock pessimism             -0.264     0.925    
    SLICE_X32Y89         SRLC32E (Hold_srlc32e_CLK_D)
                                                      0.183     1.108    flash_bd_i/ps7_0_axi_periph/s00_couplers/auto_pc/inst/gen_axilite.gen_b2s_conv.axilite_b2s/RD.r_channel_0/rd_data_fifo_0/memory_reg[31][9]_srl32
  -------------------------------------------------------------------
                         required time                         -1.108    
                         arrival time                           1.149    
  -------------------------------------------------------------------
                         slack                                  0.042    

Slack (MET) :             0.055ns  (arrival time - required time)
  Source:                 flash_bd_i/top_v1_axi_0/inst/u_core/u_conv/fm_wr_addr_reg[2]__0_rep__24/C
                            (rising edge-triggered cell FDRE clocked by clk_fpga_0  {rise@0.000ns fall@7.499ns period=14.999ns})
  Destination:            flash_bd_i/top_v1_axi_0/inst/u_core/u_ram_b/mem_reg_3_4/ADDRARDADDR[2]
                            (rising edge-triggered cell RAMB36E1 clocked by clk_fpga_0  {rise@0.000ns fall@7.499ns period=14.999ns})
  Path Group:             clk_fpga_0
  Path Type:              Hold (Min at Fast Process Corner)
  Requirement:            0.000ns  (clk_fpga_0 rise@0.000ns - clk_fpga_0 rise@0.000ns)
  Data Path Delay:        0.297ns  (logic 0.141ns (47.454%)  route 0.156ns (52.546%))
  Logic Levels:           0  
  Clock Path Skew:        0.059ns (DCD - SCD - CPR)
    Destination Clock Delay (DCD):    1.259ns
    Source Clock Delay      (SCD):    0.918ns
    Clock Pessimism Removal (CPR):    0.282ns

    Location             Delay type                Incr(ns)  Path(ns)    Netlist Resource(s)
  -------------------------------------------------------------------    -------------------
                         (clock clk_fpga_0 rise edge)
                                                      0.000     0.000 r  
    PS7_X0Y0             PS7                          0.000     0.000 r  flash_bd_i/processing_system7_0/inst/PS7_i/FCLKCLK[0]
                         net (fo=1, routed)           0.310     0.310    flash_bd_i/processing_system7_0/inst/FCLK_CLK_unbuffered[0]
    BUFGCTRL_X0Y16       BUFG (Prop_bufg_I_O)         0.026     0.336 r  flash_bd_i/processing_system7_0/inst/buffer_fclk_clk_0.FCLK_CLK_0_BUFG/O
                         net (fo=5067, routed)        0.582     0.918    flash_bd_i/top_v1_axi_0/inst/u_core/u_conv/aclk
    SLICE_X23Y25         FDRE                                         r  flash_bd_i/top_v1_axi_0/inst/u_core/u_conv/fm_wr_addr_reg[2]__0_rep__24/C
  -------------------------------------------------------------------    -------------------
    SLICE_X23Y25         FDRE (Prop_fdre_C_Q)         0.141     1.059 r  flash_bd_i/top_v1_axi_0/inst/u_core/u_conv/fm_wr_addr_reg[2]__0_rep__24/Q
                         net (fo=1, routed)           0.156     1.215    flash_bd_i/top_v1_axi_0/inst/u_core/u_ram_b/mem_reg_3_4_1[2]
    RAMB36_X1Y5          RAMB36E1                                     r  flash_bd_i/top_v1_axi_0/inst/u_core/u_ram_b/mem_reg_3_4/ADDRARDADDR[2]
  -------------------------------------------------------------------    -------------------

                         (clock clk_fpga_0 rise edge)
                                                      0.000     0.000 r  
    PS7_X0Y0             PS7                          0.000     0.000 r  flash_bd_i/processing_system7_0/inst/PS7_i/FCLKCLK[0]
                         net (fo=1, routed)           0.337     0.337    flash_bd_i/processing_system7_0/inst/FCLK_CLK_unbuffered[0]
    BUFGCTRL_X0Y16       BUFG (Prop_bufg_I_O)         0.029     0.366 r  flash_bd_i/processing_system7_0/inst/buffer_fclk_clk_0.FCLK_CLK_0_BUFG/O
                         net (fo=5067, routed)        0.893     1.259    flash_bd_i/top_v1_axi_0/inst/u_core/u_ram_b/aclk
    RAMB36_X1Y5          RAMB36E1                                     r  flash_bd_i/top_v1_axi_0/inst/u_core/u_ram_b/mem_reg_3_4/CLKARDCLK
                         clock pessimism             -0.282     0.977    
    RAMB36_X1Y5          RAMB36E1 (Hold_ramb36e1_CLKARDCLK_ADDRARDADDR[2])
                                                      0.183     1.160    flash_bd_i/top_v1_axi_0/inst/u_core/u_ram_b/mem_reg_3_4
  -------------------------------------------------------------------
                         required time                         -1.160    
                         arrival time                           1.215    
  -------------------------------------------------------------------
                         slack                                  0.055    

Slack (MET) :             0.055ns  (arrival time - required time)
  Source:                 flash_bd_i/axi_mem_intercon/s00_couplers/auto_pc/inst/gen_axi4_axi3.axi3_conv_inst/USE_READ.USE_SPLIT_R.read_addr_inst/USE_R_CHANNEL.cmd_queue/inst/fifo_gen_inst/inst_fifo_gen/gconvfifo.rf/grf.rf/gntv_or_sync_fifo.mem/gdm.dm_gen.dm/gpr1.dout_i_reg[0]/C
                            (rising edge-triggered cell FDRE clocked by clk_fpga_0  {rise@0.000ns fall@7.499ns period=14.999ns})
  Destination:            flash_bd_i/axi_mem_intercon/s00_couplers/auto_pc/inst/gen_axi4_axi3.axi3_conv_inst/USE_READ.USE_SPLIT_R.read_addr_inst/USE_R_CHANNEL.cmd_queue/inst/fifo_gen_inst/inst_fifo_gen/gconvfifo.rf/grf.rf/gntv_or_sync_fifo.mem/goreg_dm.dout_i_reg[0]/D
                            (rising edge-triggered cell FDRE clocked by clk_fpga_0  {rise@0.000ns fall@7.499ns period=14.999ns})
  Path Group:             clk_fpga_0
  Path Type:              Hold (Min at Fast Process Corner)
  Requirement:            0.000ns  (clk_fpga_0 rise@0.000ns - clk_fpga_0 rise@0.000ns)
  Data Path Delay:        0.429ns  (logic 0.209ns (48.733%)  route 0.220ns (51.267%))
  Logic Levels:           1  (LUT6=1)
  Clock Path Skew:        0.253ns (DCD - SCD - CPR)
    Destination Clock Delay (DCD):    1.210ns
    Source Clock Delay      (SCD):    0.927ns
    Clock Pessimism Removal (CPR):    0.030ns

    Location             Delay type                Incr(ns)  Path(ns)    Netlist Resource(s)
  -------------------------------------------------------------------    -------------------
                         (clock clk_fpga_0 rise edge)
                                                      0.000     0.000 r  
    PS7_X0Y0             PS7                          0.000     0.000 r  flash_bd_i/processing_system7_0/inst/PS7_i/FCLKCLK[0]
                         net (fo=1, routed)           0.310     0.310    flash_bd_i/processing_system7_0/inst/FCLK_CLK_unbuffered[0]
    BUFGCTRL_X0Y16       BUFG (Prop_bufg_I_O)         0.026     0.336 r  flash_bd_i/processing_system7_0/inst/buffer_fclk_clk_0.FCLK_CLK_0_BUFG/O
                         net (fo=5067, routed)        0.591     0.927    flash_bd_i/axi_mem_intercon/s00_couplers/auto_pc/inst/gen_axi4_axi3.axi3_conv_inst/USE_READ.USE_SPLIT_R.read_addr_inst/USE_R_CHANNEL.cmd_queue/inst/fifo_gen_inst/inst_fifo_gen/gconvfifo.rf/grf.rf/gntv_or_sync_fifo.mem/gdm.dm_gen.dm/clk
    SLICE_X30Y49         FDRE                                         r  flash_bd_i/axi_mem_intercon/s00_couplers/auto_pc/inst/gen_axi4_axi3.axi3_conv_inst/USE_READ.USE_SPLIT_R.read_addr_inst/USE_R_CHANNEL.cmd_queue/inst/fifo_gen_inst/inst_fifo_gen/gconvfifo.rf/grf.rf/gntv_or_sync_fifo.mem/gdm.dm_gen.dm/gpr1.dout_i_reg[0]/C
  -------------------------------------------------------------------    -------------------
    SLICE_X30Y49         FDRE (Prop_fdre_C_Q)         0.164     1.091 r  flash_bd_i/axi_mem_intercon/s00_couplers/auto_pc/inst/gen_axi4_axi3.axi3_conv_inst/USE_READ.USE_SPLIT_R.read_addr_inst/USE_R_CHANNEL.cmd_queue/inst/fifo_gen_inst/inst_fifo_gen/gconvfifo.rf/grf.rf/gntv_or_sync_fifo.mem/gdm.dm_gen.dm/gpr1.dout_i_reg[0]/Q
                         net (fo=2, routed)           0.220     1.310    flash_bd_i/axi_mem_intercon/s00_couplers/auto_pc/inst/gen_axi4_axi3.axi3_conv_inst/USE_READ.USE_SPLIT_R.read_addr_inst/USE_R_CHANNEL.cmd_queue/inst/fifo_gen_inst/inst_fifo_gen/gconvfifo.rf/grf.rf/gntv_or_sync_fifo.mem/gdm.dm_gen.dm/dout_i
    SLICE_X30Y53         LUT6 (Prop_lut6_I0_O)        0.045     1.355 r  flash_bd_i/axi_mem_intercon/s00_couplers/auto_pc/inst/gen_axi4_axi3.axi3_conv_inst/USE_READ.USE_SPLIT_R.read_addr_inst/USE_R_CHANNEL.cmd_queue/inst/fifo_gen_inst/inst_fifo_gen/gconvfifo.rf/grf.rf/gntv_or_sync_fifo.mem/gdm.dm_gen.dm/goreg_dm.dout_i[0]_i_1/O
                         net (fo=1, routed)           0.000     1.355    flash_bd_i/axi_mem_intercon/s00_couplers/auto_pc/inst/gen_axi4_axi3.axi3_conv_inst/USE_READ.USE_SPLIT_R.read_addr_inst/USE_R_CHANNEL.cmd_queue/inst/fifo_gen_inst/inst_fifo_gen/gconvfifo.rf/grf.rf/gntv_or_sync_fifo.mem/gdm.dm_gen.dm_n_2
    SLICE_X30Y53         FDRE                                         r  flash_bd_i/axi_mem_intercon/s00_couplers/auto_pc/inst/gen_axi4_axi3.axi3_conv_inst/USE_READ.USE_SPLIT_R.read_addr_inst/USE_R_CHANNEL.cmd_queue/inst/fifo_gen_inst/inst_fifo_gen/gconvfifo.rf/grf.rf/gntv_or_sync_fifo.mem/goreg_dm.dout_i_reg[0]/D
  -------------------------------------------------------------------    -------------------

                         (clock clk_fpga_0 rise edge)
                                                      0.000     0.000 r  
    PS7_X0Y0             PS7                          0.000     0.000 r  flash_bd_i/processing_system7_0/inst/PS7_i/FCLKCLK[0]
                         net (fo=1, routed)           0.337     0.337    flash_bd_i/processing_system7_0/inst/FCLK_CLK_unbuffered[0]
    BUFGCTRL_X0Y16       BUFG (Prop_bufg_I_O)         0.029     0.366 r  flash_bd_i/processing_system7_0/inst/buffer_fclk_clk_0.FCLK_CLK_0_BUFG/O
                         net (fo=5067, routed)        0.844     1.210    flash_bd_i/axi_mem_intercon/s00_couplers/auto_pc/inst/gen_axi4_axi3.axi3_conv_inst/USE_READ.USE_SPLIT_R.read_addr_inst/USE_R_CHANNEL.cmd_queue/inst/fifo_gen_inst/inst_fifo_gen/gconvfifo.rf/grf.rf/gntv_or_sync_fifo.mem/clk
    SLICE_X30Y53         FDRE                                         r  flash_bd_i/axi_mem_intercon/s00_couplers/auto_pc/inst/gen_axi4_axi3.axi3_conv_inst/USE_READ.USE_SPLIT_R.read_addr_inst/USE_R_CHANNEL.cmd_queue/inst/fifo_gen_inst/inst_fifo_gen/gconvfifo.rf/grf.rf/gntv_or_sync_fifo.mem/goreg_dm.dout_i_reg[0]/C
                         clock pessimism             -0.030     1.180    
    SLICE_X30Y53         FDRE (Hold_fdre_C_D)         0.120     1.300    flash_bd_i/axi_mem_intercon/s00_couplers/auto_pc/inst/gen_axi4_axi3.axi3_conv_inst/USE_READ.USE_SPLIT_R.read_addr_inst/USE_R_CHANNEL.cmd_queue/inst/fifo_gen_inst/inst_fifo_gen/gconvfifo.rf/grf.rf/gntv_or_sync_fifo.mem/goreg_dm.dout_i_reg[0]
  -------------------------------------------------------------------
                         required time                         -1.300    
                         arrival time                           1.355    
  -------------------------------------------------------------------
                         slack                                  0.055    

Slack (MET) :             0.056ns  (arrival time - required time)
  Source:                 flash_bd_i/top_v1_axi_0/inst/u_core/u_conv/fm_wr_addr_reg[4]__0_rep__24/C
                            (rising edge-triggered cell FDRE clocked by clk_fpga_0  {rise@0.000ns fall@7.499ns period=14.999ns})
  Destination:            flash_bd_i/top_v1_axi_0/inst/u_core/u_ram_b/mem_reg_3_4/ADDRARDADDR[4]
                            (rising edge-triggered cell RAMB36E1 clocked by clk_fpga_0  {rise@0.000ns fall@7.499ns period=14.999ns})
  Path Group:             clk_fpga_0
  Path Type:              Hold (Min at Fast Process Corner)
  Requirement:            0.000ns  (clk_fpga_0 rise@0.000ns - clk_fpga_0 rise@0.000ns)
  Data Path Delay:        0.298ns  (logic 0.141ns (47.294%)  route 0.157ns (52.706%))
  Logic Levels:           0  
  Clock Path Skew:        0.059ns (DCD - SCD - CPR)
    Destination Clock Delay (DCD):    1.259ns
    Source Clock Delay      (SCD):    0.918ns
    Clock Pessimism Removal (CPR):    0.282ns

    Location             Delay type                Incr(ns)  Path(ns)    Netlist Resource(s)
  -------------------------------------------------------------------    -------------------
                         (clock clk_fpga_0 rise edge)
                                                      0.000     0.000 r  
    PS7_X0Y0             PS7                          0.000     0.000 r  flash_bd_i/processing_system7_0/inst/PS7_i/FCLKCLK[0]
                         net (fo=1, routed)           0.310     0.310    flash_bd_i/processing_system7_0/inst/FCLK_CLK_unbuffered[0]
    BUFGCTRL_X0Y16       BUFG (Prop_bufg_I_O)         0.026     0.336 r  flash_bd_i/processing_system7_0/inst/buffer_fclk_clk_0.FCLK_CLK_0_BUFG/O
                         net (fo=5067, routed)        0.582     0.918    flash_bd_i/top_v1_axi_0/inst/u_core/u_conv/aclk
    SLICE_X23Y25         FDRE                                         r  flash_bd_i/top_v1_axi_0/inst/u_core/u_conv/fm_wr_addr_reg[4]__0_rep__24/C
  -------------------------------------------------------------------    -------------------
    SLICE_X23Y25         FDRE (Prop_fdre_C_Q)         0.141     1.059 r  flash_bd_i/top_v1_axi_0/inst/u_core/u_conv/fm_wr_addr_reg[4]__0_rep__24/Q
                         net (fo=1, routed)           0.157     1.216    flash_bd_i/top_v1_axi_0/inst/u_core/u_ram_b/mem_reg_3_4_1[4]
    RAMB36_X1Y5          RAMB36E1                                     r  flash_bd_i/top_v1_axi_0/inst/u_core/u_ram_b/mem_reg_3_4/ADDRARDADDR[4]
  -------------------------------------------------------------------    -------------------

                         (clock clk_fpga_0 rise edge)
                                                      0.000     0.000 r  
    PS7_X0Y0             PS7                          0.000     0.000 r  flash_bd_i/processing_system7_0/inst/PS7_i/FCLKCLK[0]
                         net (fo=1, routed)           0.337     0.337    flash_bd_i/processing_system7_0/inst/FCLK_CLK_unbuffered[0]
    BUFGCTRL_X0Y16       BUFG (Prop_bufg_I_O)         0.029     0.366 r  flash_bd_i/processing_system7_0/inst/buffer_fclk_clk_0.FCLK_CLK_0_BUFG/O
                         net (fo=5067, routed)        0.893     1.259    flash_bd_i/top_v1_axi_0/inst/u_core/u_ram_b/aclk
    RAMB36_X1Y5          RAMB36E1                                     r  flash_bd_i/top_v1_axi_0/inst/u_core/u_ram_b/mem_reg_3_4/CLKARDCLK
                         clock pessimism             -0.282     0.977    
    RAMB36_X1Y5          RAMB36E1 (Hold_ramb36e1_CLKARDCLK_ADDRARDADDR[4])
                                                      0.183     1.160    flash_bd_i/top_v1_axi_0/inst/u_core/u_ram_b/mem_reg_3_4
  -------------------------------------------------------------------
                         required time                         -1.160    
                         arrival time                           1.216    
  -------------------------------------------------------------------
                         slack                                  0.056    

Slack (MET) :             0.056ns  (arrival time - required time)
  Source:                 flash_bd_i/ps7_0_axi_periph/s00_couplers/auto_pc/inst/gen_axilite.gen_b2s_conv.axilite_b2s/SI_REG/aw.aw_pipe/m_payload_i_reg[23]/C
                            (rising edge-triggered cell FDRE clocked by clk_fpga_0  {rise@0.000ns fall@7.499ns period=14.999ns})
  Destination:            flash_bd_i/ps7_0_axi_periph/xbar/inst/gen_sasd.crossbar_sasd_0/addr_arbiter_inst/gen_no_arbiter.m_amesg_i_reg[24]/D
                            (rising edge-triggered cell FDRE clocked by clk_fpga_0  {rise@0.000ns fall@7.499ns period=14.999ns})
  Path Group:             clk_fpga_0
  Path Type:              Hold (Min at Fast Process Corner)
  Requirement:            0.000ns  (clk_fpga_0 rise@0.000ns - clk_fpga_0 rise@0.000ns)
  Data Path Delay:        0.330ns  (logic 0.186ns (56.425%)  route 0.144ns (43.575%))
  Logic Levels:           1  (LUT4=1)
  Clock Path Skew:        0.183ns (DCD - SCD - CPR)
    Destination Clock Delay (DCD):    1.210ns
    Source Clock Delay      (SCD):    0.992ns
    Clock Pessimism Removal (CPR):    0.035ns

    Location             Delay type                Incr(ns)  Path(ns)    Netlist Resource(s)
  -------------------------------------------------------------------    -------------------
                         (clock clk_fpga_0 rise edge)
                                                      0.000     0.000 r  
    PS7_X0Y0             PS7                          0.000     0.000 r  flash_bd_i/processing_system7_0/inst/PS7_i/FCLKCLK[0]
                         net (fo=1, routed)           0.310     0.310    flash_bd_i/processing_system7_0/inst/FCLK_CLK_unbuffered[0]
    BUFGCTRL_X0Y16       BUFG (Prop_bufg_I_O)         0.026     0.336 r  flash_bd_i/processing_system7_0/inst/buffer_fclk_clk_0.FCLK_CLK_0_BUFG/O
                         net (fo=5067, routed)        0.656     0.992    flash_bd_i/ps7_0_axi_periph/s00_couplers/auto_pc/inst/gen_axilite.gen_b2s_conv.axilite_b2s/SI_REG/aw.aw_pipe/aclk
    SLICE_X27Y101        FDRE                                         r  flash_bd_i/ps7_0_axi_periph/s00_couplers/auto_pc/inst/gen_axilite.gen_b2s_conv.axilite_b2s/SI_REG/aw.aw_pipe/m_payload_i_reg[23]/C
  -------------------------------------------------------------------    -------------------
    SLICE_X27Y101        FDRE (Prop_fdre_C_Q)         0.141     1.133 r  flash_bd_i/ps7_0_axi_periph/s00_couplers/auto_pc/inst/gen_axilite.gen_b2s_conv.axilite_b2s/SI_REG/aw.aw_pipe/m_payload_i_reg[23]/Q
                         net (fo=1, routed)           0.144     1.277    flash_bd_i/ps7_0_axi_periph/xbar/inst/gen_sasd.crossbar_sasd_0/addr_arbiter_inst/s_axi_awaddr[23]
    SLICE_X27Y99         LUT4 (Prop_lut4_I3_O)        0.045     1.322 r  flash_bd_i/ps7_0_axi_periph/xbar/inst/gen_sasd.crossbar_sasd_0/addr_arbiter_inst/gen_no_arbiter.m_amesg_i[24]_i_1/O
                         net (fo=1, routed)           0.000     1.322    flash_bd_i/ps7_0_axi_periph/xbar/inst/gen_sasd.crossbar_sasd_0/addr_arbiter_inst/s_amesg[24]
    SLICE_X27Y99         FDRE                                         r  flash_bd_i/ps7_0_axi_periph/xbar/inst/gen_sasd.crossbar_sasd_0/addr_arbiter_inst/gen_no_arbiter.m_amesg_i_reg[24]/D
  -------------------------------------------------------------------    -------------------

                         (clock clk_fpga_0 rise edge)
                                                      0.000     0.000 r  
    PS7_X0Y0             PS7                          0.000     0.000 r  flash_bd_i/processing_system7_0/inst/PS7_i/FCLKCLK[0]
                         net (fo=1, routed)           0.337     0.337    flash_bd_i/processing_system7_0/inst/FCLK_CLK_unbuffered[0]
    BUFGCTRL_X0Y16       BUFG (Prop_bufg_I_O)         0.029     0.366 r  flash_bd_i/processing_system7_0/inst/buffer_fclk_clk_0.FCLK_CLK_0_BUFG/O
                         net (fo=5067, routed)        0.844     1.210    flash_bd_i/ps7_0_axi_periph/xbar/inst/gen_sasd.crossbar_sasd_0/addr_arbiter_inst/aclk
    SLICE_X27Y99         FDRE                                         r  flash_bd_i/ps7_0_axi_periph/xbar/inst/gen_sasd.crossbar_sasd_0/addr_arbiter_inst/gen_no_arbiter.m_amesg_i_reg[24]/C
                         clock pessimism             -0.035     1.175    
    SLICE_X27Y99         FDRE (Hold_fdre_C_D)         0.091     1.266    flash_bd_i/ps7_0_axi_periph/xbar/inst/gen_sasd.crossbar_sasd_0/addr_arbiter_inst/gen_no_arbiter.m_amesg_i_reg[24]
  -------------------------------------------------------------------
                         required time                         -1.266    
                         arrival time                           1.322    
  -------------------------------------------------------------------
                         slack                                  0.056    

Slack (MET) :             0.058ns  (arrival time - required time)
  Source:                 flash_bd_i/top_v1_axi_0/inst/u_core/u_conv/fm_wr_addr_reg[0]__0_rep__5/C
                            (rising edge-triggered cell FDRE clocked by clk_fpga_0  {rise@0.000ns fall@7.499ns period=14.999ns})
  Destination:            flash_bd_i/top_v1_axi_0/inst/u_core/u_ram_b/mem_reg_0_3/ADDRARDADDR[0]
                            (rising edge-triggered cell RAMB36E1 clocked by clk_fpga_0  {rise@0.000ns fall@7.499ns period=14.999ns})
  Path Group:             clk_fpga_0
  Path Type:              Hold (Min at Fast Process Corner)
  Requirement:            0.000ns  (clk_fpga_0 rise@0.000ns - clk_fpga_0 rise@0.000ns)
  Data Path Delay:        0.299ns  (logic 0.141ns (47.203%)  route 0.158ns (52.797%))
  Logic Levels:           0  
  Clock Path Skew:        0.057ns (DCD - SCD - CPR)
    Destination Clock Delay (DCD):    1.233ns
    Source Clock Delay      (SCD):    0.895ns
    Clock Pessimism Removal (CPR):    0.281ns

    Location             Delay type                Incr(ns)  Path(ns)    Netlist Resource(s)
  -------------------------------------------------------------------    -------------------
                         (clock clk_fpga_0 rise edge)
                                                      0.000     0.000 r  
    PS7_X0Y0             PS7                          0.000     0.000 r  flash_bd_i/processing_system7_0/inst/PS7_i/FCLKCLK[0]
                         net (fo=1, routed)           0.310     0.310    flash_bd_i/processing_system7_0/inst/FCLK_CLK_unbuffered[0]
    BUFGCTRL_X0Y16       BUFG (Prop_bufg_I_O)         0.026     0.336 r  flash_bd_i/processing_system7_0/inst/buffer_fclk_clk_0.FCLK_CLK_0_BUFG/O
                         net (fo=5067, routed)        0.559     0.895    flash_bd_i/top_v1_axi_0/inst/u_core/u_conv/aclk
    SLICE_X33Y50         FDRE                                         r  flash_bd_i/top_v1_axi_0/inst/u_core/u_conv/fm_wr_addr_reg[0]__0_rep__5/C
  -------------------------------------------------------------------    -------------------
    SLICE_X33Y50         FDRE (Prop_fdre_C_Q)         0.141     1.036 r  flash_bd_i/top_v1_axi_0/inst/u_core/u_conv/fm_wr_addr_reg[0]__0_rep__5/Q
                         net (fo=1, routed)           0.158     1.193    flash_bd_i/top_v1_axi_0/inst/u_core/u_ram_b/mem_reg_0_3_0[0]
    RAMB36_X2Y10         RAMB36E1                                     r  flash_bd_i/top_v1_axi_0/inst/u_core/u_ram_b/mem_reg_0_3/ADDRARDADDR[0]
  -------------------------------------------------------------------    -------------------

                         (clock clk_fpga_0 rise edge)
                                                      0.000     0.000 r  
    PS7_X0Y0             PS7                          0.000     0.000 r  flash_bd_i/processing_system7_0/inst/PS7_i/FCLKCLK[0]
                         net (fo=1, routed)           0.337     0.337    flash_bd_i/processing_system7_0/inst/FCLK_CLK_unbuffered[0]
    BUFGCTRL_X0Y16       BUFG (Prop_bufg_I_O)         0.029     0.366 r  flash_bd_i/processing_system7_0/inst/buffer_fclk_clk_0.FCLK_CLK_0_BUFG/O
                         net (fo=5067, routed)        0.867     1.233    flash_bd_i/top_v1_axi_0/inst/u_core/u_ram_b/aclk
    RAMB36_X2Y10         RAMB36E1                                     r  flash_bd_i/top_v1_axi_0/inst/u_core/u_ram_b/mem_reg_0_3/CLKARDCLK
                         clock pessimism             -0.281     0.952    
    RAMB36_X2Y10         RAMB36E1 (Hold_ramb36e1_CLKARDCLK_ADDRARDADDR[0])
                                                      0.183     1.135    flash_bd_i/top_v1_axi_0/inst/u_core/u_ram_b/mem_reg_0_3
  -------------------------------------------------------------------
                         required time                         -1.135    
                         arrival time                           1.193    
  -------------------------------------------------------------------
                         slack                                  0.058    





Pulse Width Checks
--------------------------------------------------------------------------------------
Clock Name:         clk_fpga_0
Waveform(ns):       { 0.000 7.499 }
Period(ns):         14.999
Sources:            { flash_bd_i/processing_system7_0/inst/PS7_i/FCLKCLK[0] }

Check Type        Corner  Lib Pin             Reference Pin  Required(ns)  Actual(ns)  Slack(ns)  Location      Pin
Min Period        n/a     RAMB36E1/CLKARDCLK  n/a            3.363         14.999      11.636     RAMB36_X3Y16  flash_bd_i/top_v1_axi_0/inst/u_core/u_ram_a/mem_reg_0_0/CLKARDCLK
Min Period        n/a     RAMB36E1/CLKARDCLK  n/a            3.363         14.999      11.636     RAMB36_X3Y14  flash_bd_i/top_v1_axi_0/inst/u_core/u_ram_a/mem_reg_0_1/CLKARDCLK
Min Period        n/a     RAMB36E1/CLKARDCLK  n/a            3.363         14.999      11.636     RAMB36_X2Y23  flash_bd_i/top_v1_axi_0/inst/u_core/u_ram_a/mem_reg_0_2/CLKARDCLK
Min Period        n/a     RAMB36E1/CLKARDCLK  n/a            3.363         14.999      11.636     RAMB36_X2Y15  flash_bd_i/top_v1_axi_0/inst/u_core/u_ram_a/mem_reg_0_3/CLKARDCLK
Min Period        n/a     RAMB36E1/CLKARDCLK  n/a            3.363         14.999      11.636     RAMB36_X2Y0   flash_bd_i/top_v1_axi_0/inst/u_core/u_ram_a/mem_reg_0_4/CLKARDCLK
Min Period        n/a     RAMB36E1/CLKARDCLK  n/a            3.363         14.999      11.636     RAMB36_X2Y4   flash_bd_i/top_v1_axi_0/inst/u_core/u_ram_a/mem_reg_0_5/CLKARDCLK
Min Period        n/a     RAMB36E1/CLKARDCLK  n/a            3.363         14.999      11.636     RAMB36_X1Y8   flash_bd_i/top_v1_axi_0/inst/u_core/u_ram_a/mem_reg_0_6/CLKARDCLK
Min Period        n/a     RAMB36E1/CLKARDCLK  n/a            3.363         14.999      11.636     RAMB36_X3Y8   flash_bd_i/top_v1_axi_0/inst/u_core/u_ram_a/mem_reg_0_7/CLKARDCLK
Min Period        n/a     RAMB36E1/CLKARDCLK  n/a            3.363         14.999      11.636     RAMB36_X3Y17  flash_bd_i/top_v1_axi_0/inst/u_core/u_ram_a/mem_reg_1_0/CLKARDCLK
Min Period        n/a     RAMB36E1/CLKARDCLK  n/a            3.363         14.999      11.636     RAMB36_X3Y15  flash_bd_i/top_v1_axi_0/inst/u_core/u_ram_a/mem_reg_1_1/CLKARDCLK
Low Pulse Width   Slow    RAMD32/CLK          n/a            1.250         7.499       6.249      SLICE_X32Y47  flash_bd_i/axi_mem_intercon/s00_couplers/auto_pc/inst/gen_axi4_axi3.axi3_conv_inst/USE_READ.USE_SPLIT_R.read_addr_inst/USE_R_CHANNEL.cmd_queue/inst/fifo_gen_inst/inst_fifo_gen/gconvfifo.rf/grf.rf/gntv_or_sync_fifo.mem/gdm.dm_gen.dm/RAM_reg_0_31_0_0/DP/CLK
Low Pulse Width   Fast    RAMD32/CLK          n/a            1.250         7.499       6.249      SLICE_X32Y47  flash_bd_i/axi_mem_intercon/s00_couplers/auto_pc/inst/gen_axi4_axi3.axi3_conv_inst/USE_READ.USE_SPLIT_R.read_addr_inst/USE_R_CHANNEL.cmd_queue/inst/fifo_gen_inst/inst_fifo_gen/gconvfifo.rf/grf.rf/gntv_or_sync_fifo.mem/gdm.dm_gen.dm/RAM_reg_0_31_0_0/DP/CLK
Low Pulse Width   Slow    RAMD32/CLK          n/a            1.250         7.499       6.249      SLICE_X32Y47  flash_bd_i/axi_mem_intercon/s00_couplers/auto_pc/inst/gen_axi4_axi3.axi3_conv_inst/USE_READ.USE_SPLIT_R.read_addr_inst/USE_R_CHANNEL.cmd_queue/inst/fifo_gen_inst/inst_fifo_gen/gconvfifo.rf/grf.rf/gntv_or_sync_fifo.mem/gdm.dm_gen.dm/RAM_reg_0_31_0_0/SP/CLK
Low Pulse Width   Fast    RAMD32/CLK          n/a            1.250         7.499       6.249      SLICE_X32Y47  flash_bd_i/axi_mem_intercon/s00_couplers/auto_pc/inst/gen_axi4_axi3.axi3_conv_inst/USE_READ.USE_SPLIT_R.read_addr_inst/USE_R_CHANNEL.cmd_queue/inst/fifo_gen_inst/inst_fifo_gen/gconvfifo.rf/grf.rf/gntv_or_sync_fifo.mem/gdm.dm_gen.dm/RAM_reg_0_31_0_0/SP/CLK
Low Pulse Width   Slow    SRL16E/CLK          n/a            0.980         7.499       6.519      SLICE_X26Y64  flash_bd_i/axi_dma_0/U0/I_PRMRY_DATAMOVER/GEN_MM2S_FULL.I_MM2S_FULL_WRAPPER/I_ADDR_CNTL/GEN_ADDR_FIFO.I_ADDR_QUAL_FIFO/USE_SRL_FIFO.I_SYNC_FIFO/I_SRL_FIFO_RBU_F/DYNSHREG_F_I/INFERRED_GEN.data_reg[3][11]_srl4/CLK
Low Pulse Width   Fast    SRL16E/CLK          n/a            0.980         7.500       6.520      SLICE_X26Y64  flash_bd_i/axi_dma_0/U0/I_PRMRY_DATAMOVER/GEN_MM2S_FULL.I_MM2S_FULL_WRAPPER/I_ADDR_CNTL/GEN_ADDR_FIFO.I_ADDR_QUAL_FIFO/USE_SRL_FIFO.I_SYNC_FIFO/I_SRL_FIFO_RBU_F/DYNSHREG_F_I/INFERRED_GEN.data_reg[3][11]_srl4/CLK
Low Pulse Width   Slow    SRL16E/CLK          n/a            0.980         7.499       6.519      SLICE_X26Y64  flash_bd_i/axi_dma_0/U0/I_PRMRY_DATAMOVER/GEN_MM2S_FULL.I_MM2S_FULL_WRAPPER/I_ADDR_CNTL/GEN_ADDR_FIFO.I_ADDR_QUAL_FIFO/USE_SRL_FIFO.I_SYNC_FIFO/I_SRL_FIFO_RBU_F/DYNSHREG_F_I/INFERRED_GEN.data_reg[3][13]_srl4/CLK
Low Pulse Width   Fast    SRL16E/CLK          n/a            0.980         7.500       6.520      SLICE_X26Y64  flash_bd_i/axi_dma_0/U0/I_PRMRY_DATAMOVER/GEN_MM2S_FULL.I_MM2S_FULL_WRAPPER/I_ADDR_CNTL/GEN_ADDR_FIFO.I_ADDR_QUAL_FIFO/USE_SRL_FIFO.I_SYNC_FIFO/I_SRL_FIFO_RBU_F/DYNSHREG_F_I/INFERRED_GEN.data_reg[3][13]_srl4/CLK
Low Pulse Width   Slow    SRL16E/CLK          n/a            0.980         7.499       6.519      SLICE_X26Y64  flash_bd_i/axi_dma_0/U0/I_PRMRY_DATAMOVER/GEN_MM2S_FULL.I_MM2S_FULL_WRAPPER/I_ADDR_CNTL/GEN_ADDR_FIFO.I_ADDR_QUAL_FIFO/USE_SRL_FIFO.I_SYNC_FIFO/I_SRL_FIFO_RBU_F/DYNSHREG_F_I/INFERRED_GEN.data_reg[3][19]_srl4/CLK
Low Pulse Width   Fast    SRL16E/CLK          n/a            0.980         7.500       6.520      SLICE_X26Y64  flash_bd_i/axi_dma_0/U0/I_PRMRY_DATAMOVER/GEN_MM2S_FULL.I_MM2S_FULL_WRAPPER/I_ADDR_CNTL/GEN_ADDR_FIFO.I_ADDR_QUAL_FIFO/USE_SRL_FIFO.I_SYNC_FIFO/I_SRL_FIFO_RBU_F/DYNSHREG_F_I/INFERRED_GEN.data_reg[3][19]_srl4/CLK
High Pulse Width  Slow    RAMD32/CLK          n/a            1.250         7.499       6.249      SLICE_X32Y47  flash_bd_i/axi_mem_intercon/s00_couplers/auto_pc/inst/gen_axi4_axi3.axi3_conv_inst/USE_READ.USE_SPLIT_R.read_addr_inst/USE_R_CHANNEL.cmd_queue/inst/fifo_gen_inst/inst_fifo_gen/gconvfifo.rf/grf.rf/gntv_or_sync_fifo.mem/gdm.dm_gen.dm/RAM_reg_0_31_0_0/DP/CLK
High Pulse Width  Fast    RAMD32/CLK          n/a            1.250         7.499       6.249      SLICE_X32Y47  flash_bd_i/axi_mem_intercon/s00_couplers/auto_pc/inst/gen_axi4_axi3.axi3_conv_inst/USE_READ.USE_SPLIT_R.read_addr_inst/USE_R_CHANNEL.cmd_queue/inst/fifo_gen_inst/inst_fifo_gen/gconvfifo.rf/grf.rf/gntv_or_sync_fifo.mem/gdm.dm_gen.dm/RAM_reg_0_31_0_0/DP/CLK
High Pulse Width  Slow    RAMD32/CLK          n/a            1.250         7.499       6.249      SLICE_X32Y47  flash_bd_i/axi_mem_intercon/s00_couplers/auto_pc/inst/gen_axi4_axi3.axi3_conv_inst/USE_READ.USE_SPLIT_R.read_addr_inst/USE_R_CHANNEL.cmd_queue/inst/fifo_gen_inst/inst_fifo_gen/gconvfifo.rf/grf.rf/gntv_or_sync_fifo.mem/gdm.dm_gen.dm/RAM_reg_0_31_0_0/SP/CLK
High Pulse Width  Fast    RAMD32/CLK          n/a            1.250         7.499       6.249      SLICE_X32Y47  flash_bd_i/axi_mem_intercon/s00_couplers/auto_pc/inst/gen_axi4_axi3.axi3_conv_inst/USE_READ.USE_SPLIT_R.read_addr_inst/USE_R_CHANNEL.cmd_queue/inst/fifo_gen_inst/inst_fifo_gen/gconvfifo.rf/grf.rf/gntv_or_sync_fifo.mem/gdm.dm_gen.dm/RAM_reg_0_31_0_0/SP/CLK
High Pulse Width  Slow    SRL16E/CLK          n/a            0.980         7.500       6.520      SLICE_X26Y64  flash_bd_i/axi_dma_0/U0/I_PRMRY_DATAMOVER/GEN_MM2S_FULL.I_MM2S_FULL_WRAPPER/I_ADDR_CNTL/GEN_ADDR_FIFO.I_ADDR_QUAL_FIFO/USE_SRL_FIFO.I_SYNC_FIFO/I_SRL_FIFO_RBU_F/DYNSHREG_F_I/INFERRED_GEN.data_reg[3][11]_srl4/CLK
High Pulse Width  Fast    SRL16E/CLK          n/a            0.980         7.499       6.519      SLICE_X26Y64  flash_bd_i/axi_dma_0/U0/I_PRMRY_DATAMOVER/GEN_MM2S_FULL.I_MM2S_FULL_WRAPPER/I_ADDR_CNTL/GEN_ADDR_FIFO.I_ADDR_QUAL_FIFO/USE_SRL_FIFO.I_SYNC_FIFO/I_SRL_FIFO_RBU_F/DYNSHREG_F_I/INFERRED_GEN.data_reg[3][11]_srl4/CLK
High Pulse Width  Slow    SRL16E/CLK          n/a            0.980         7.500       6.520      SLICE_X26Y64  flash_bd_i/axi_dma_0/U0/I_PRMRY_DATAMOVER/GEN_MM2S_FULL.I_MM2S_FULL_WRAPPER/I_ADDR_CNTL/GEN_ADDR_FIFO.I_ADDR_QUAL_FIFO/USE_SRL_FIFO.I_SYNC_FIFO/I_SRL_FIFO_RBU_F/DYNSHREG_F_I/INFERRED_GEN.data_reg[3][13]_srl4/CLK
High Pulse Width  Fast    SRL16E/CLK          n/a            0.980         7.499       6.519      SLICE_X26Y64  flash_bd_i/axi_dma_0/U0/I_PRMRY_DATAMOVER/GEN_MM2S_FULL.I_MM2S_FULL_WRAPPER/I_ADDR_CNTL/GEN_ADDR_FIFO.I_ADDR_QUAL_FIFO/USE_SRL_FIFO.I_SYNC_FIFO/I_SRL_FIFO_RBU_F/DYNSHREG_F_I/INFERRED_GEN.data_reg[3][13]_srl4/CLK
High Pulse Width  Slow    SRL16E/CLK          n/a            0.980         7.500       6.520      SLICE_X26Y64  flash_bd_i/axi_dma_0/U0/I_PRMRY_DATAMOVER/GEN_MM2S_FULL.I_MM2S_FULL_WRAPPER/I_ADDR_CNTL/GEN_ADDR_FIFO.I_ADDR_QUAL_FIFO/USE_SRL_FIFO.I_SYNC_FIFO/I_SRL_FIFO_RBU_F/DYNSHREG_F_I/INFERRED_GEN.data_reg[3][19]_srl4/CLK
High Pulse Width  Fast    SRL16E/CLK          n/a            0.980         7.499       6.519      SLICE_X26Y64  flash_bd_i/axi_dma_0/U0/I_PRMRY_DATAMOVER/GEN_MM2S_FULL.I_MM2S_FULL_WRAPPER/I_ADDR_CNTL/GEN_ADDR_FIFO.I_ADDR_QUAL_FIFO/USE_SRL_FIFO.I_SYNC_FIFO/I_SRL_FIFO_RBU_F/DYNSHREG_F_I/INFERRED_GEN.data_reg[3][19]_srl4/CLK



---------------------------------------------------------------------------------------------------
Path Group:  **async_default**
From Clock:  clk_fpga_0
  To Clock:  clk_fpga_0

Setup :            0  Failing Endpoints,  Worst Slack       11.759ns,  Total Violation        0.000ns
Hold  :            0  Failing Endpoints,  Worst Slack        0.600ns,  Total Violation        0.000ns
---------------------------------------------------------------------------------------------------


Max Delay Paths
--------------------------------------------------------------------------------------
Slack (MET) :             11.759ns  (required time - arrival time)
  Source:                 flash_bd_i/axi_mem_intercon/s00_couplers/auto_pc/inst/gen_axi4_axi3.axi3_conv_inst/USE_READ.USE_SPLIT_R.read_addr_inst/USE_R_CHANNEL.cmd_queue/inst/fifo_gen_inst/inst_fifo_gen/gconvfifo.rf/grf.rf/rstblk/ngwrdrst.grst.g7serrst.gnsckt_wrst.rst_wr_reg2_inst/arststages_ff_reg[1]/C
                            (rising edge-triggered cell FDPE clocked by clk_fpga_0  {rise@0.000ns fall@7.499ns period=14.999ns})
  Destination:            flash_bd_i/axi_mem_intercon/s00_couplers/auto_pc/inst/gen_axi4_axi3.axi3_conv_inst/USE_READ.USE_SPLIT_R.read_addr_inst/USE_R_CHANNEL.cmd_queue/inst/fifo_gen_inst/inst_fifo_gen/gconvfifo.rf/grf.rf/gntv_or_sync_fifo.gl0.rd/gr1.gr1_int.rfwft/empty_fwft_fb_o_i_reg/PRE
                            (recovery check against rising-edge clock clk_fpga_0  {rise@0.000ns fall@7.499ns period=14.999ns})
  Path Group:             **async_default**
  Path Type:              Recovery (Max at Slow Process Corner)
  Requirement:            14.999ns  (clk_fpga_0 rise@14.999ns - clk_fpga_0 rise@0.000ns)
  Data Path Delay:        2.430ns  (logic 0.718ns (29.544%)  route 1.712ns (70.456%))
  Logic Levels:           1  (LUT3=1)
  Clock Path Skew:        -0.223ns (DCD - SCD + CPR)
    Destination Clock Delay (DCD):    2.704ns = ( 17.703 - 14.999 ) 
    Source Clock Delay      (SCD):    3.042ns
    Clock Pessimism Removal (CPR):    0.115ns
  Clock Uncertainty:      0.228ns  ((TSJ^2 + TIJ^2)^1/2 + DJ) / 2 + PE
    Total System Jitter     (TSJ):    0.071ns
    Total Input Jitter      (TIJ):    0.450ns
    Discrete Jitter          (DJ):    0.000ns
    Phase Error              (PE):    0.000ns

    Location             Delay type                Incr(ns)  Path(ns)    Netlist Resource(s)
  -------------------------------------------------------------------    -------------------
                         (clock clk_fpga_0 rise edge)
                                                      0.000     0.000 r  
    PS7_X0Y0             PS7                          0.000     0.000 r  flash_bd_i/processing_system7_0/inst/PS7_i/FCLKCLK[0]
                         net (fo=1, routed)           1.193     1.193    flash_bd_i/processing_system7_0/inst/FCLK_CLK_unbuffered[0]
    BUFGCTRL_X0Y16       BUFG (Prop_bufg_I_O)         0.101     1.294 r  flash_bd_i/processing_system7_0/inst/buffer_fclk_clk_0.FCLK_CLK_0_BUFG/O
                         net (fo=5067, routed)        1.748     3.042    flash_bd_i/axi_mem_intercon/s00_couplers/auto_pc/inst/gen_axi4_axi3.axi3_conv_inst/USE_READ.USE_SPLIT_R.read_addr_inst/USE_R_CHANNEL.cmd_queue/inst/fifo_gen_inst/inst_fifo_gen/gconvfifo.rf/grf.rf/rstblk/ngwrdrst.grst.g7serrst.gnsckt_wrst.rst_wr_reg2_inst/dest_clk
    SLICE_X29Y49         FDPE                                         r  flash_bd_i/axi_mem_intercon/s00_couplers/auto_pc/inst/gen_axi4_axi3.axi3_conv_inst/USE_READ.USE_SPLIT_R.read_addr_inst/USE_R_CHANNEL.cmd_queue/inst/fifo_gen_inst/inst_fifo_gen/gconvfifo.rf/grf.rf/rstblk/ngwrdrst.grst.g7serrst.gnsckt_wrst.rst_wr_reg2_inst/arststages_ff_reg[1]/C
  -------------------------------------------------------------------    -------------------
    SLICE_X29Y49         FDPE (Prop_fdpe_C_Q)         0.419     3.461 f  flash_bd_i/axi_mem_intercon/s00_couplers/auto_pc/inst/gen_axi4_axi3.axi3_conv_inst/USE_READ.USE_SPLIT_R.read_addr_inst/USE_R_CHANNEL.cmd_queue/inst/fifo_gen_inst/inst_fifo_gen/gconvfifo.rf/grf.rf/rstblk/ngwrdrst.grst.g7serrst.gnsckt_wrst.rst_wr_reg2_inst/arststages_ff_reg[1]/Q
                         net (fo=2, routed)           0.832     4.293    flash_bd_i/axi_mem_intercon/s00_couplers/auto_pc/inst/gen_axi4_axi3.axi3_conv_inst/USE_READ.USE_SPLIT_R.read_addr_inst/USE_R_CHANNEL.cmd_queue/inst/fifo_gen_inst/inst_fifo_gen/gconvfifo.rf/grf.rf/rstblk/ngwrdrst.rst_wr_reg2
    SLICE_X32Y49         LUT3 (Prop_lut3_I2_O)        0.299     4.592 f  flash_bd_i/axi_mem_intercon/s00_couplers/auto_pc/inst/gen_axi4_axi3.axi3_conv_inst/USE_READ.USE_SPLIT_R.read_addr_inst/USE_R_CHANNEL.cmd_queue/inst/fifo_gen_inst/inst_fifo_gen/gconvfifo.rf/grf.rf/rstblk/gpregsm1.curr_fwft_state[1]_i_2/O
                         net (fo=33, routed)          0.880     5.472    flash_bd_i/axi_mem_intercon/s00_couplers/auto_pc/inst/gen_axi4_axi3.axi3_conv_inst/USE_READ.USE_SPLIT_R.read_addr_inst/USE_R_CHANNEL.cmd_queue/inst/fifo_gen_inst/inst_fifo_gen/gconvfifo.rf/grf.rf/gntv_or_sync_fifo.gl0.rd/gr1.gr1_int.rfwft/gpregsm1.user_valid_reg_0
    SLICE_X31Y53         FDPE                                         f  flash_bd_i/axi_mem_intercon/s00_couplers/auto_pc/inst/gen_axi4_axi3.axi3_conv_inst/USE_READ.USE_SPLIT_R.read_addr_inst/USE_R_CHANNEL.cmd_queue/inst/fifo_gen_inst/inst_fifo_gen/gconvfifo.rf/grf.rf/gntv_or_sync_fifo.gl0.rd/gr1.gr1_int.rfwft/empty_fwft_fb_o_i_reg/PRE
  -------------------------------------------------------------------    -------------------

                         (clock clk_fpga_0 rise edge)
                                                     14.999    14.999 r  
    PS7_X0Y0             PS7                          0.000    14.999 r  flash_bd_i/processing_system7_0/inst/PS7_i/FCLKCLK[0]
                         net (fo=1, routed)           1.088    16.087    flash_bd_i/processing_system7_0/inst/FCLK_CLK_unbuffered[0]
    BUFGCTRL_X0Y16       BUFG (Prop_bufg_I_O)         0.091    16.178 r  flash_bd_i/processing_system7_0/inst/buffer_fclk_clk_0.FCLK_CLK_0_BUFG/O
                         net (fo=5067, routed)        1.525    17.703    flash_bd_i/axi_mem_intercon/s00_couplers/auto_pc/inst/gen_axi4_axi3.axi3_conv_inst/USE_READ.USE_SPLIT_R.read_addr_inst/USE_R_CHANNEL.cmd_queue/inst/fifo_gen_inst/inst_fifo_gen/gconvfifo.rf/grf.rf/gntv_or_sync_fifo.gl0.rd/gr1.gr1_int.rfwft/clk
    SLICE_X31Y53         FDPE                                         r  flash_bd_i/axi_mem_intercon/s00_couplers/auto_pc/inst/gen_axi4_axi3.axi3_conv_inst/USE_READ.USE_SPLIT_R.read_addr_inst/USE_R_CHANNEL.cmd_queue/inst/fifo_gen_inst/inst_fifo_gen/gconvfifo.rf/grf.rf/gntv_or_sync_fifo.gl0.rd/gr1.gr1_int.rfwft/empty_fwft_fb_o_i_reg/C
                         clock pessimism              0.115    17.818    
                         clock uncertainty           -0.228    17.590    
    SLICE_X31Y53         FDPE (Recov_fdpe_C_PRE)     -0.359    17.231    flash_bd_i/axi_mem_intercon/s00_couplers/auto_pc/inst/gen_axi4_axi3.axi3_conv_inst/USE_READ.USE_SPLIT_R.read_addr_inst/USE_R_CHANNEL.cmd_queue/inst/fifo_gen_inst/inst_fifo_gen/gconvfifo.rf/grf.rf/gntv_or_sync_fifo.gl0.rd/gr1.gr1_int.rfwft/empty_fwft_fb_o_i_reg
  -------------------------------------------------------------------
                         required time                         17.231    
                         arrival time                          -5.472    
  -------------------------------------------------------------------
                         slack                                 11.759    

Slack (MET) :             11.766ns  (required time - arrival time)
  Source:                 flash_bd_i/axi_mem_intercon/s00_couplers/auto_pc/inst/gen_axi4_axi3.axi3_conv_inst/USE_READ.USE_SPLIT_R.read_addr_inst/USE_R_CHANNEL.cmd_queue/inst/fifo_gen_inst/inst_fifo_gen/gconvfifo.rf/grf.rf/rstblk/ngwrdrst.grst.g7serrst.gnsckt_wrst.rst_wr_reg2_inst/arststages_ff_reg[1]/C
                            (rising edge-triggered cell FDPE clocked by clk_fpga_0  {rise@0.000ns fall@7.499ns period=14.999ns})
  Destination:            flash_bd_i/axi_mem_intercon/s00_couplers/auto_pc/inst/gen_axi4_axi3.axi3_conv_inst/USE_READ.USE_SPLIT_R.read_addr_inst/USE_R_CHANNEL.cmd_queue/inst/fifo_gen_inst/inst_fifo_gen/gconvfifo.rf/grf.rf/gntv_or_sync_fifo.gl0.rd/gr1.gr1_int.rfwft/empty_fwft_i_reg/PRE
                            (recovery check against rising-edge clock clk_fpga_0  {rise@0.000ns fall@7.499ns period=14.999ns})
  Path Group:             **async_default**
  Path Type:              Recovery (Max at Slow Process Corner)
  Requirement:            14.999ns  (clk_fpga_0 rise@14.999ns - clk_fpga_0 rise@0.000ns)
  Data Path Delay:        2.621ns  (logic 0.718ns (27.394%)  route 1.903ns (72.606%))
  Logic Levels:           1  (LUT3=1)
  Clock Path Skew:        -0.025ns (DCD - SCD + CPR)
    Destination Clock Delay (DCD):    2.751ns = ( 17.750 - 14.999 ) 
    Source Clock Delay      (SCD):    3.042ns
    Clock Pessimism Removal (CPR):    0.266ns
  Clock Uncertainty:      0.228ns  ((TSJ^2 + TIJ^2)^1/2 + DJ) / 2 + PE
    Total System Jitter     (TSJ):    0.071ns
    Total Input Jitter      (TIJ):    0.450ns
    Discrete Jitter          (DJ):    0.000ns
    Phase Error              (PE):    0.000ns

    Location             Delay type                Incr(ns)  Path(ns)    Netlist Resource(s)
  -------------------------------------------------------------------    -------------------
                         (clock clk_fpga_0 rise edge)
                                                      0.000     0.000 r  
    PS7_X0Y0             PS7                          0.000     0.000 r  flash_bd_i/processing_system7_0/inst/PS7_i/FCLKCLK[0]
                         net (fo=1, routed)           1.193     1.193    flash_bd_i/processing_system7_0/inst/FCLK_CLK_unbuffered[0]
    BUFGCTRL_X0Y16       BUFG (Prop_bufg_I_O)         0.101     1.294 r  flash_bd_i/processing_system7_0/inst/buffer_fclk_clk_0.FCLK_CLK_0_BUFG/O
                         net (fo=5067, routed)        1.748     3.042    flash_bd_i/axi_mem_intercon/s00_couplers/auto_pc/inst/gen_axi4_axi3.axi3_conv_inst/USE_READ.USE_SPLIT_R.read_addr_inst/USE_R_CHANNEL.cmd_queue/inst/fifo_gen_inst/inst_fifo_gen/gconvfifo.rf/grf.rf/rstblk/ngwrdrst.grst.g7serrst.gnsckt_wrst.rst_wr_reg2_inst/dest_clk
    SLICE_X29Y49         FDPE                                         r  flash_bd_i/axi_mem_intercon/s00_couplers/auto_pc/inst/gen_axi4_axi3.axi3_conv_inst/USE_READ.USE_SPLIT_R.read_addr_inst/USE_R_CHANNEL.cmd_queue/inst/fifo_gen_inst/inst_fifo_gen/gconvfifo.rf/grf.rf/rstblk/ngwrdrst.grst.g7serrst.gnsckt_wrst.rst_wr_reg2_inst/arststages_ff_reg[1]/C
  -------------------------------------------------------------------    -------------------
    SLICE_X29Y49         FDPE (Prop_fdpe_C_Q)         0.419     3.461 f  flash_bd_i/axi_mem_intercon/s00_couplers/auto_pc/inst/gen_axi4_axi3.axi3_conv_inst/USE_READ.USE_SPLIT_R.read_addr_inst/USE_R_CHANNEL.cmd_queue/inst/fifo_gen_inst/inst_fifo_gen/gconvfifo.rf/grf.rf/rstblk/ngwrdrst.grst.g7serrst.gnsckt_wrst.rst_wr_reg2_inst/arststages_ff_reg[1]/Q
                         net (fo=2, routed)           0.832     4.293    flash_bd_i/axi_mem_intercon/s00_couplers/auto_pc/inst/gen_axi4_axi3.axi3_conv_inst/USE_READ.USE_SPLIT_R.read_addr_inst/USE_R_CHANNEL.cmd_queue/inst/fifo_gen_inst/inst_fifo_gen/gconvfifo.rf/grf.rf/rstblk/ngwrdrst.rst_wr_reg2
    SLICE_X32Y49         LUT3 (Prop_lut3_I2_O)        0.299     4.592 f  flash_bd_i/axi_mem_intercon/s00_couplers/auto_pc/inst/gen_axi4_axi3.axi3_conv_inst/USE_READ.USE_SPLIT_R.read_addr_inst/USE_R_CHANNEL.cmd_queue/inst/fifo_gen_inst/inst_fifo_gen/gconvfifo.rf/grf.rf/rstblk/gpregsm1.curr_fwft_state[1]_i_2/O
                         net (fo=33, routed)          1.071     5.663    flash_bd_i/axi_mem_intercon/s00_couplers/auto_pc/inst/gen_axi4_axi3.axi3_conv_inst/USE_READ.USE_SPLIT_R.read_addr_inst/USE_R_CHANNEL.cmd_queue/inst/fifo_gen_inst/inst_fifo_gen/gconvfifo.rf/grf.rf/gntv_or_sync_fifo.gl0.rd/gr1.gr1_int.rfwft/gpregsm1.user_valid_reg_0
    SLICE_X29Y48         FDPE                                         f  flash_bd_i/axi_mem_intercon/s00_couplers/auto_pc/inst/gen_axi4_axi3.axi3_conv_inst/USE_READ.USE_SPLIT_R.read_addr_inst/USE_R_CHANNEL.cmd_queue/inst/fifo_gen_inst/inst_fifo_gen/gconvfifo.rf/grf.rf/gntv_or_sync_fifo.gl0.rd/gr1.gr1_int.rfwft/empty_fwft_i_reg/PRE
  -------------------------------------------------------------------    -------------------

                         (clock clk_fpga_0 rise edge)
                                                     14.999    14.999 r  
    PS7_X0Y0             PS7                          0.000    14.999 r  flash_bd_i/processing_system7_0/inst/PS7_i/FCLKCLK[0]
                         net (fo=1, routed)           1.088    16.087    flash_bd_i/processing_system7_0/inst/FCLK_CLK_unbuffered[0]
    BUFGCTRL_X0Y16       BUFG (Prop_bufg_I_O)         0.091    16.178 r  flash_bd_i/processing_system7_0/inst/buffer_fclk_clk_0.FCLK_CLK_0_BUFG/O
                         net (fo=5067, routed)        1.572    17.750    flash_bd_i/axi_mem_intercon/s00_couplers/auto_pc/inst/gen_axi4_axi3.axi3_conv_inst/USE_READ.USE_SPLIT_R.read_addr_inst/USE_R_CHANNEL.cmd_queue/inst/fifo_gen_inst/inst_fifo_gen/gconvfifo.rf/grf.rf/gntv_or_sync_fifo.gl0.rd/gr1.gr1_int.rfwft/clk
    SLICE_X29Y48         FDPE                                         r  flash_bd_i/axi_mem_intercon/s00_couplers/auto_pc/inst/gen_axi4_axi3.axi3_conv_inst/USE_READ.USE_SPLIT_R.read_addr_inst/USE_R_CHANNEL.cmd_queue/inst/fifo_gen_inst/inst_fifo_gen/gconvfifo.rf/grf.rf/gntv_or_sync_fifo.gl0.rd/gr1.gr1_int.rfwft/empty_fwft_i_reg/C
                         clock pessimism              0.266    18.016    
                         clock uncertainty           -0.228    17.788    
    SLICE_X29Y48         FDPE (Recov_fdpe_C_PRE)     -0.359    17.429    flash_bd_i/axi_mem_intercon/s00_couplers/auto_pc/inst/gen_axi4_axi3.axi3_conv_inst/USE_READ.USE_SPLIT_R.read_addr_inst/USE_R_CHANNEL.cmd_queue/inst/fifo_gen_inst/inst_fifo_gen/gconvfifo.rf/grf.rf/gntv_or_sync_fifo.gl0.rd/gr1.gr1_int.rfwft/empty_fwft_i_reg
  -------------------------------------------------------------------
                         required time                         17.429    
                         arrival time                          -5.663    
  -------------------------------------------------------------------
                         slack                                 11.766    

Slack (MET) :             11.974ns  (required time - arrival time)
  Source:                 flash_bd_i/axi_mem_intercon/s00_couplers/auto_pc/inst/gen_axi4_axi3.axi3_conv_inst/USE_READ.USE_SPLIT_R.read_addr_inst/USE_R_CHANNEL.cmd_queue/inst/fifo_gen_inst/inst_fifo_gen/gconvfifo.rf/grf.rf/rstblk/ngwrdrst.grst.g7serrst.gnsckt_wrst.rst_wr_reg2_inst/arststages_ff_reg[1]/C
                            (rising edge-triggered cell FDPE clocked by clk_fpga_0  {rise@0.000ns fall@7.499ns period=14.999ns})
  Destination:            flash_bd_i/axi_mem_intercon/s00_couplers/auto_pc/inst/gen_axi4_axi3.axi3_conv_inst/USE_READ.USE_SPLIT_R.read_addr_inst/USE_R_CHANNEL.cmd_queue/inst/fifo_gen_inst/inst_fifo_gen/gconvfifo.rf/grf.rf/gntv_or_sync_fifo.gl0.wr/wpntr/gcc0.gc0.count_reg[0]/PRE
                            (recovery check against rising-edge clock clk_fpga_0  {rise@0.000ns fall@7.499ns period=14.999ns})
  Path Group:             **async_default**
  Path Type:              Recovery (Max at Slow Process Corner)
  Requirement:            14.999ns  (clk_fpga_0 rise@14.999ns - clk_fpga_0 rise@0.000ns)
  Data Path Delay:        2.302ns  (logic 0.718ns (31.196%)  route 1.584ns (68.804%))
  Logic Levels:           1  (LUT3=1)
  Clock Path Skew:        -0.137ns (DCD - SCD + CPR)
    Destination Clock Delay (DCD):    2.675ns = ( 17.674 - 14.999 ) 
    Source Clock Delay      (SCD):    3.042ns
    Clock Pessimism Removal (CPR):    0.230ns
  Clock Uncertainty:      0.228ns  ((TSJ^2 + TIJ^2)^1/2 + DJ) / 2 + PE
    Total System Jitter     (TSJ):    0.071ns
    Total Input Jitter      (TIJ):    0.450ns
    Discrete Jitter          (DJ):    0.000ns
    Phase Error              (PE):    0.000ns

    Location             Delay type                Incr(ns)  Path(ns)    Netlist Resource(s)
  -------------------------------------------------------------------    -------------------
                         (clock clk_fpga_0 rise edge)
                                                      0.000     0.000 r  
    PS7_X0Y0             PS7                          0.000     0.000 r  flash_bd_i/processing_system7_0/inst/PS7_i/FCLKCLK[0]
                         net (fo=1, routed)           1.193     1.193    flash_bd_i/processing_system7_0/inst/FCLK_CLK_unbuffered[0]
    BUFGCTRL_X0Y16       BUFG (Prop_bufg_I_O)         0.101     1.294 r  flash_bd_i/processing_system7_0/inst/buffer_fclk_clk_0.FCLK_CLK_0_BUFG/O
                         net (fo=5067, routed)        1.748     3.042    flash_bd_i/axi_mem_intercon/s00_couplers/auto_pc/inst/gen_axi4_axi3.axi3_conv_inst/USE_READ.USE_SPLIT_R.read_addr_inst/USE_R_CHANNEL.cmd_queue/inst/fifo_gen_inst/inst_fifo_gen/gconvfifo.rf/grf.rf/rstblk/ngwrdrst.grst.g7serrst.gnsckt_wrst.rst_wr_reg2_inst/dest_clk
    SLICE_X29Y49         FDPE                                         r  flash_bd_i/axi_mem_intercon/s00_couplers/auto_pc/inst/gen_axi4_axi3.axi3_conv_inst/USE_READ.USE_SPLIT_R.read_addr_inst/USE_R_CHANNEL.cmd_queue/inst/fifo_gen_inst/inst_fifo_gen/gconvfifo.rf/grf.rf/rstblk/ngwrdrst.grst.g7serrst.gnsckt_wrst.rst_wr_reg2_inst/arststages_ff_reg[1]/C
  -------------------------------------------------------------------    -------------------
    SLICE_X29Y49         FDPE (Prop_fdpe_C_Q)         0.419     3.461 f  flash_bd_i/axi_mem_intercon/s00_couplers/auto_pc/inst/gen_axi4_axi3.axi3_conv_inst/USE_READ.USE_SPLIT_R.read_addr_inst/USE_R_CHANNEL.cmd_queue/inst/fifo_gen_inst/inst_fifo_gen/gconvfifo.rf/grf.rf/rstblk/ngwrdrst.grst.g7serrst.gnsckt_wrst.rst_wr_reg2_inst/arststages_ff_reg[1]/Q
                         net (fo=2, routed)           0.832     4.293    flash_bd_i/axi_mem_intercon/s00_couplers/auto_pc/inst/gen_axi4_axi3.axi3_conv_inst/USE_READ.USE_SPLIT_R.read_addr_inst/USE_R_CHANNEL.cmd_queue/inst/fifo_gen_inst/inst_fifo_gen/gconvfifo.rf/grf.rf/rstblk/ngwrdrst.rst_wr_reg2
    SLICE_X32Y49         LUT3 (Prop_lut3_I2_O)        0.299     4.592 f  flash_bd_i/axi_mem_intercon/s00_couplers/auto_pc/inst/gen_axi4_axi3.axi3_conv_inst/USE_READ.USE_SPLIT_R.read_addr_inst/USE_R_CHANNEL.cmd_queue/inst/fifo_gen_inst/inst_fifo_gen/gconvfifo.rf/grf.rf/rstblk/gpregsm1.curr_fwft_state[1]_i_2/O
                         net (fo=33, routed)          0.751     5.344    flash_bd_i/axi_mem_intercon/s00_couplers/auto_pc/inst/gen_axi4_axi3.axi3_conv_inst/USE_READ.USE_SPLIT_R.read_addr_inst/USE_R_CHANNEL.cmd_queue/inst/fifo_gen_inst/inst_fifo_gen/gconvfifo.rf/grf.rf/gntv_or_sync_fifo.gl0.wr/wpntr/gcc0.gc0.count_d1_reg[0]_0
    SLICE_X33Y48         FDPE                                         f  flash_bd_i/axi_mem_intercon/s00_couplers/auto_pc/inst/gen_axi4_axi3.axi3_conv_inst/USE_READ.USE_SPLIT_R.read_addr_inst/USE_R_CHANNEL.cmd_queue/inst/fifo_gen_inst/inst_fifo_gen/gconvfifo.rf/grf.rf/gntv_or_sync_fifo.gl0.wr/wpntr/gcc0.gc0.count_reg[0]/PRE
  -------------------------------------------------------------------    -------------------

                         (clock clk_fpga_0 rise edge)
                                                     14.999    14.999 r  
    PS7_X0Y0             PS7                          0.000    14.999 r  flash_bd_i/processing_system7_0/inst/PS7_i/FCLKCLK[0]
                         net (fo=1, routed)           1.088    16.087    flash_bd_i/processing_system7_0/inst/FCLK_CLK_unbuffered[0]
    BUFGCTRL_X0Y16       BUFG (Prop_bufg_I_O)         0.091    16.178 r  flash_bd_i/processing_system7_0/inst/buffer_fclk_clk_0.FCLK_CLK_0_BUFG/O
                         net (fo=5067, routed)        1.496    17.674    flash_bd_i/axi_mem_intercon/s00_couplers/auto_pc/inst/gen_axi4_axi3.axi3_conv_inst/USE_READ.USE_SPLIT_R.read_addr_inst/USE_R_CHANNEL.cmd_queue/inst/fifo_gen_inst/inst_fifo_gen/gconvfifo.rf/grf.rf/gntv_or_sync_fifo.gl0.wr/wpntr/clk
    SLICE_X33Y48         FDPE                                         r  flash_bd_i/axi_mem_intercon/s00_couplers/auto_pc/inst/gen_axi4_axi3.axi3_conv_inst/USE_READ.USE_SPLIT_R.read_addr_inst/USE_R_CHANNEL.cmd_queue/inst/fifo_gen_inst/inst_fifo_gen/gconvfifo.rf/grf.rf/gntv_or_sync_fifo.gl0.wr/wpntr/gcc0.gc0.count_reg[0]/C
                         clock pessimism              0.230    17.904    
                         clock uncertainty           -0.228    17.676    
    SLICE_X33Y48         FDPE (Recov_fdpe_C_PRE)     -0.359    17.317    flash_bd_i/axi_mem_intercon/s00_couplers/auto_pc/inst/gen_axi4_axi3.axi3_conv_inst/USE_READ.USE_SPLIT_R.read_addr_inst/USE_R_CHANNEL.cmd_queue/inst/fifo_gen_inst/inst_fifo_gen/gconvfifo.rf/grf.rf/gntv_or_sync_fifo.gl0.wr/wpntr/gcc0.gc0.count_reg[0]
  -------------------------------------------------------------------
                         required time                         17.317    
                         arrival time                          -5.344    
  -------------------------------------------------------------------
                         slack                                 11.974    

Slack (MET) :             11.998ns  (required time - arrival time)
  Source:                 flash_bd_i/axi_mem_intercon/s00_couplers/auto_pc/inst/gen_axi4_axi3.axi3_conv_inst/USE_READ.USE_SPLIT_R.read_addr_inst/USE_R_CHANNEL.cmd_queue/inst/fifo_gen_inst/inst_fifo_gen/gconvfifo.rf/grf.rf/rstblk/ngwrdrst.grst.g7serrst.gnsckt_wrst.rst_wr_reg2_inst/arststages_ff_reg[1]/C
                            (rising edge-triggered cell FDPE clocked by clk_fpga_0  {rise@0.000ns fall@7.499ns period=14.999ns})
  Destination:            flash_bd_i/axi_mem_intercon/s00_couplers/auto_pc/inst/gen_axi4_axi3.axi3_conv_inst/USE_READ.USE_SPLIT_R.read_addr_inst/USE_R_CHANNEL.cmd_queue/inst/fifo_gen_inst/inst_fifo_gen/gconvfifo.rf/grf.rf/gntv_or_sync_fifo.gl0.rd/rpntr/gc0.count_d1_reg[2]/CLR
                            (recovery check against rising-edge clock clk_fpga_0  {rise@0.000ns fall@7.499ns period=14.999ns})
  Path Group:             **async_default**
  Path Type:              Recovery (Max at Slow Process Corner)
  Requirement:            14.999ns  (clk_fpga_0 rise@14.999ns - clk_fpga_0 rise@0.000ns)
  Data Path Delay:        2.230ns  (logic 0.718ns (32.190%)  route 1.512ns (67.810%))
  Logic Levels:           1  (LUT3=1)
  Clock Path Skew:        -0.138ns (DCD - SCD + CPR)
    Destination Clock Delay (DCD):    2.674ns = ( 17.674 - 14.999 ) 
    Source Clock Delay      (SCD):    3.042ns
    Clock Pessimism Removal (CPR):    0.230ns
  Clock Uncertainty:      0.228ns  ((TSJ^2 + TIJ^2)^1/2 + DJ) / 2 + PE
    Total System Jitter     (TSJ):    0.071ns
    Total Input Jitter      (TIJ):    0.450ns
    Discrete Jitter          (DJ):    0.000ns
    Phase Error              (PE):    0.000ns

    Location             Delay type                Incr(ns)  Path(ns)    Netlist Resource(s)
  -------------------------------------------------------------------    -------------------
                         (clock clk_fpga_0 rise edge)
                                                      0.000     0.000 r  
    PS7_X0Y0             PS7                          0.000     0.000 r  flash_bd_i/processing_system7_0/inst/PS7_i/FCLKCLK[0]
                         net (fo=1, routed)           1.193     1.193    flash_bd_i/processing_system7_0/inst/FCLK_CLK_unbuffered[0]
    BUFGCTRL_X0Y16       BUFG (Prop_bufg_I_O)         0.101     1.294 r  flash_bd_i/processing_system7_0/inst/buffer_fclk_clk_0.FCLK_CLK_0_BUFG/O
                         net (fo=5067, routed)        1.748     3.042    flash_bd_i/axi_mem_intercon/s00_couplers/auto_pc/inst/gen_axi4_axi3.axi3_conv_inst/USE_READ.USE_SPLIT_R.read_addr_inst/USE_R_CHANNEL.cmd_queue/inst/fifo_gen_inst/inst_fifo_gen/gconvfifo.rf/grf.rf/rstblk/ngwrdrst.grst.g7serrst.gnsckt_wrst.rst_wr_reg2_inst/dest_clk
    SLICE_X29Y49         FDPE                                         r  flash_bd_i/axi_mem_intercon/s00_couplers/auto_pc/inst/gen_axi4_axi3.axi3_conv_inst/USE_READ.USE_SPLIT_R.read_addr_inst/USE_R_CHANNEL.cmd_queue/inst/fifo_gen_inst/inst_fifo_gen/gconvfifo.rf/grf.rf/rstblk/ngwrdrst.grst.g7serrst.gnsckt_wrst.rst_wr_reg2_inst/arststages_ff_reg[1]/C
  -------------------------------------------------------------------    -------------------
    SLICE_X29Y49         FDPE (Prop_fdpe_C_Q)         0.419     3.461 f  flash_bd_i/axi_mem_intercon/s00_couplers/auto_pc/inst/gen_axi4_axi3.axi3_conv_inst/USE_READ.USE_SPLIT_R.read_addr_inst/USE_R_CHANNEL.cmd_queue/inst/fifo_gen_inst/inst_fifo_gen/gconvfifo.rf/grf.rf/rstblk/ngwrdrst.grst.g7serrst.gnsckt_wrst.rst_wr_reg2_inst/arststages_ff_reg[1]/Q
                         net (fo=2, routed)           0.832     4.293    flash_bd_i/axi_mem_intercon/s00_couplers/auto_pc/inst/gen_axi4_axi3.axi3_conv_inst/USE_READ.USE_SPLIT_R.read_addr_inst/USE_R_CHANNEL.cmd_queue/inst/fifo_gen_inst/inst_fifo_gen/gconvfifo.rf/grf.rf/rstblk/ngwrdrst.rst_wr_reg2
    SLICE_X32Y49         LUT3 (Prop_lut3_I2_O)        0.299     4.592 f  flash_bd_i/axi_mem_intercon/s00_couplers/auto_pc/inst/gen_axi4_axi3.axi3_conv_inst/USE_READ.USE_SPLIT_R.read_addr_inst/USE_R_CHANNEL.cmd_queue/inst/fifo_gen_inst/inst_fifo_gen/gconvfifo.rf/grf.rf/rstblk/gpregsm1.curr_fwft_state[1]_i_2/O
                         net (fo=33, routed)          0.680     5.272    flash_bd_i/axi_mem_intercon/s00_couplers/auto_pc/inst/gen_axi4_axi3.axi3_conv_inst/USE_READ.USE_SPLIT_R.read_addr_inst/USE_R_CHANNEL.cmd_queue/inst/fifo_gen_inst/inst_fifo_gen/gconvfifo.rf/grf.rf/gntv_or_sync_fifo.gl0.rd/rpntr/gc0.count_d1_reg[4]_1
    SLICE_X33Y46         FDCE                                         f  flash_bd_i/axi_mem_intercon/s00_couplers/auto_pc/inst/gen_axi4_axi3.axi3_conv_inst/USE_READ.USE_SPLIT_R.read_addr_inst/USE_R_CHANNEL.cmd_queue/inst/fifo_gen_inst/inst_fifo_gen/gconvfifo.rf/grf.rf/gntv_or_sync_fifo.gl0.rd/rpntr/gc0.count_d1_reg[2]/CLR
  -------------------------------------------------------------------    -------------------

                         (clock clk_fpga_0 rise edge)
                                                     14.999    14.999 r  
    PS7_X0Y0             PS7                          0.000    14.999 r  flash_bd_i/processing_system7_0/inst/PS7_i/FCLKCLK[0]
                         net (fo=1, routed)           1.088    16.087    flash_bd_i/processing_system7_0/inst/FCLK_CLK_unbuffered[0]
    BUFGCTRL_X0Y16       BUFG (Prop_bufg_I_O)         0.091    16.178 r  flash_bd_i/processing_system7_0/inst/buffer_fclk_clk_0.FCLK_CLK_0_BUFG/O
                         net (fo=5067, routed)        1.495    17.673    flash_bd_i/axi_mem_intercon/s00_couplers/auto_pc/inst/gen_axi4_axi3.axi3_conv_inst/USE_READ.USE_SPLIT_R.read_addr_inst/USE_R_CHANNEL.cmd_queue/inst/fifo_gen_inst/inst_fifo_gen/gconvfifo.rf/grf.rf/gntv_or_sync_fifo.gl0.rd/rpntr/clk
    SLICE_X33Y46         FDCE                                         r  flash_bd_i/axi_mem_intercon/s00_couplers/auto_pc/inst/gen_axi4_axi3.axi3_conv_inst/USE_READ.USE_SPLIT_R.read_addr_inst/USE_R_CHANNEL.cmd_queue/inst/fifo_gen_inst/inst_fifo_gen/gconvfifo.rf/grf.rf/gntv_or_sync_fifo.gl0.rd/rpntr/gc0.count_d1_reg[2]/C
                         clock pessimism              0.230    17.903    
                         clock uncertainty           -0.228    17.675    
    SLICE_X33Y46         FDCE (Recov_fdce_C_CLR)     -0.405    17.270    flash_bd_i/axi_mem_intercon/s00_couplers/auto_pc/inst/gen_axi4_axi3.axi3_conv_inst/USE_READ.USE_SPLIT_R.read_addr_inst/USE_R_CHANNEL.cmd_queue/inst/fifo_gen_inst/inst_fifo_gen/gconvfifo.rf/grf.rf/gntv_or_sync_fifo.gl0.rd/rpntr/gc0.count_d1_reg[2]
  -------------------------------------------------------------------
                         required time                         17.270    
                         arrival time                          -5.272    
  -------------------------------------------------------------------
                         slack                                 11.998    

Slack (MET) :             11.998ns  (required time - arrival time)
  Source:                 flash_bd_i/axi_mem_intercon/s00_couplers/auto_pc/inst/gen_axi4_axi3.axi3_conv_inst/USE_READ.USE_SPLIT_R.read_addr_inst/USE_R_CHANNEL.cmd_queue/inst/fifo_gen_inst/inst_fifo_gen/gconvfifo.rf/grf.rf/rstblk/ngwrdrst.grst.g7serrst.gnsckt_wrst.rst_wr_reg2_inst/arststages_ff_reg[1]/C
                            (rising edge-triggered cell FDPE clocked by clk_fpga_0  {rise@0.000ns fall@7.499ns period=14.999ns})
  Destination:            flash_bd_i/axi_mem_intercon/s00_couplers/auto_pc/inst/gen_axi4_axi3.axi3_conv_inst/USE_READ.USE_SPLIT_R.read_addr_inst/USE_R_CHANNEL.cmd_queue/inst/fifo_gen_inst/inst_fifo_gen/gconvfifo.rf/grf.rf/gntv_or_sync_fifo.gl0.rd/rpntr/gc0.count_d1_reg[3]/CLR
                            (recovery check against rising-edge clock clk_fpga_0  {rise@0.000ns fall@7.499ns period=14.999ns})
  Path Group:             **async_default**
  Path Type:              Recovery (Max at Slow Process Corner)
  Requirement:            14.999ns  (clk_fpga_0 rise@14.999ns - clk_fpga_0 rise@0.000ns)
  Data Path Delay:        2.230ns  (logic 0.718ns (32.190%)  route 1.512ns (67.810%))
  Logic Levels:           1  (LUT3=1)
  Clock Path Skew:        -0.138ns (DCD - SCD + CPR)
    Destination Clock Delay (DCD):    2.674ns = ( 17.674 - 14.999 ) 
    Source Clock Delay      (SCD):    3.042ns
    Clock Pessimism Removal (CPR):    0.230ns
  Clock Uncertainty:      0.228ns  ((TSJ^2 + TIJ^2)^1/2 + DJ) / 2 + PE
    Total System Jitter     (TSJ):    0.071ns
    Total Input Jitter      (TIJ):    0.450ns
    Discrete Jitter          (DJ):    0.000ns
    Phase Error              (PE):    0.000ns

    Location             Delay type                Incr(ns)  Path(ns)    Netlist Resource(s)
  -------------------------------------------------------------------    -------------------
                         (clock clk_fpga_0 rise edge)
                                                      0.000     0.000 r  
    PS7_X0Y0             PS7                          0.000     0.000 r  flash_bd_i/processing_system7_0/inst/PS7_i/FCLKCLK[0]
                         net (fo=1, routed)           1.193     1.193    flash_bd_i/processing_system7_0/inst/FCLK_CLK_unbuffered[0]
    BUFGCTRL_X0Y16       BUFG (Prop_bufg_I_O)         0.101     1.294 r  flash_bd_i/processing_system7_0/inst/buffer_fclk_clk_0.FCLK_CLK_0_BUFG/O
                         net (fo=5067, routed)        1.748     3.042    flash_bd_i/axi_mem_intercon/s00_couplers/auto_pc/inst/gen_axi4_axi3.axi3_conv_inst/USE_READ.USE_SPLIT_R.read_addr_inst/USE_R_CHANNEL.cmd_queue/inst/fifo_gen_inst/inst_fifo_gen/gconvfifo.rf/grf.rf/rstblk/ngwrdrst.grst.g7serrst.gnsckt_wrst.rst_wr_reg2_inst/dest_clk
    SLICE_X29Y49         FDPE                                         r  flash_bd_i/axi_mem_intercon/s00_couplers/auto_pc/inst/gen_axi4_axi3.axi3_conv_inst/USE_READ.USE_SPLIT_R.read_addr_inst/USE_R_CHANNEL.cmd_queue/inst/fifo_gen_inst/inst_fifo_gen/gconvfifo.rf/grf.rf/rstblk/ngwrdrst.grst.g7serrst.gnsckt_wrst.rst_wr_reg2_inst/arststages_ff_reg[1]/C
  -------------------------------------------------------------------    -------------------
    SLICE_X29Y49         FDPE (Prop_fdpe_C_Q)         0.419     3.461 f  flash_bd_i/axi_mem_intercon/s00_couplers/auto_pc/inst/gen_axi4_axi3.axi3_conv_inst/USE_READ.USE_SPLIT_R.read_addr_inst/USE_R_CHANNEL.cmd_queue/inst/fifo_gen_inst/inst_fifo_gen/gconvfifo.rf/grf.rf/rstblk/ngwrdrst.grst.g7serrst.gnsckt_wrst.rst_wr_reg2_inst/arststages_ff_reg[1]/Q
                         net (fo=2, routed)           0.832     4.293    flash_bd_i/axi_mem_intercon/s00_couplers/auto_pc/inst/gen_axi4_axi3.axi3_conv_inst/USE_READ.USE_SPLIT_R.read_addr_inst/USE_R_CHANNEL.cmd_queue/inst/fifo_gen_inst/inst_fifo_gen/gconvfifo.rf/grf.rf/rstblk/ngwrdrst.rst_wr_reg2
    SLICE_X32Y49         LUT3 (Prop_lut3_I2_O)        0.299     4.592 f  flash_bd_i/axi_mem_intercon/s00_couplers/auto_pc/inst/gen_axi4_axi3.axi3_conv_inst/USE_READ.USE_SPLIT_R.read_addr_inst/USE_R_CHANNEL.cmd_queue/inst/fifo_gen_inst/inst_fifo_gen/gconvfifo.rf/grf.rf/rstblk/gpregsm1.curr_fwft_state[1]_i_2/O
                         net (fo=33, routed)          0.680     5.272    flash_bd_i/axi_mem_intercon/s00_couplers/auto_pc/inst/gen_axi4_axi3.axi3_conv_inst/USE_READ.USE_SPLIT_R.read_addr_inst/USE_R_CHANNEL.cmd_queue/inst/fifo_gen_inst/inst_fifo_gen/gconvfifo.rf/grf.rf/gntv_or_sync_fifo.gl0.rd/rpntr/gc0.count_d1_reg[4]_1
    SLICE_X33Y46         FDCE                                         f  flash_bd_i/axi_mem_intercon/s00_couplers/auto_pc/inst/gen_axi4_axi3.axi3_conv_inst/USE_READ.USE_SPLIT_R.read_addr_inst/USE_R_CHANNEL.cmd_queue/inst/fifo_gen_inst/inst_fifo_gen/gconvfifo.rf/grf.rf/gntv_or_sync_fifo.gl0.rd/rpntr/gc0.count_d1_reg[3]/CLR
  -------------------------------------------------------------------    -------------------

                         (clock clk_fpga_0 rise edge)
                                                     14.999    14.999 r  
    PS7_X0Y0             PS7                          0.000    14.999 r  flash_bd_i/processing_system7_0/inst/PS7_i/FCLKCLK[0]
                         net (fo=1, routed)           1.088    16.087    flash_bd_i/processing_system7_0/inst/FCLK_CLK_unbuffered[0]
    BUFGCTRL_X0Y16       BUFG (Prop_bufg_I_O)         0.091    16.178 r  flash_bd_i/processing_system7_0/inst/buffer_fclk_clk_0.FCLK_CLK_0_BUFG/O
                         net (fo=5067, routed)        1.495    17.673    flash_bd_i/axi_mem_intercon/s00_couplers/auto_pc/inst/gen_axi4_axi3.axi3_conv_inst/USE_READ.USE_SPLIT_R.read_addr_inst/USE_R_CHANNEL.cmd_queue/inst/fifo_gen_inst/inst_fifo_gen/gconvfifo.rf/grf.rf/gntv_or_sync_fifo.gl0.rd/rpntr/clk
    SLICE_X33Y46         FDCE                                         r  flash_bd_i/axi_mem_intercon/s00_couplers/auto_pc/inst/gen_axi4_axi3.axi3_conv_inst/USE_READ.USE_SPLIT_R.read_addr_inst/USE_R_CHANNEL.cmd_queue/inst/fifo_gen_inst/inst_fifo_gen/gconvfifo.rf/grf.rf/gntv_or_sync_fifo.gl0.rd/rpntr/gc0.count_d1_reg[3]/C
                         clock pessimism              0.230    17.903    
                         clock uncertainty           -0.228    17.675    
    SLICE_X33Y46         FDCE (Recov_fdce_C_CLR)     -0.405    17.270    flash_bd_i/axi_mem_intercon/s00_couplers/auto_pc/inst/gen_axi4_axi3.axi3_conv_inst/USE_READ.USE_SPLIT_R.read_addr_inst/USE_R_CHANNEL.cmd_queue/inst/fifo_gen_inst/inst_fifo_gen/gconvfifo.rf/grf.rf/gntv_or_sync_fifo.gl0.rd/rpntr/gc0.count_d1_reg[3]
  -------------------------------------------------------------------
                         required time                         17.270    
                         arrival time                          -5.272    
  -------------------------------------------------------------------
                         slack                                 11.998    

Slack (MET) :             11.998ns  (required time - arrival time)
  Source:                 flash_bd_i/axi_mem_intercon/s00_couplers/auto_pc/inst/gen_axi4_axi3.axi3_conv_inst/USE_READ.USE_SPLIT_R.read_addr_inst/USE_R_CHANNEL.cmd_queue/inst/fifo_gen_inst/inst_fifo_gen/gconvfifo.rf/grf.rf/rstblk/ngwrdrst.grst.g7serrst.gnsckt_wrst.rst_wr_reg2_inst/arststages_ff_reg[1]/C
                            (rising edge-triggered cell FDPE clocked by clk_fpga_0  {rise@0.000ns fall@7.499ns period=14.999ns})
  Destination:            flash_bd_i/axi_mem_intercon/s00_couplers/auto_pc/inst/gen_axi4_axi3.axi3_conv_inst/USE_READ.USE_SPLIT_R.read_addr_inst/USE_R_CHANNEL.cmd_queue/inst/fifo_gen_inst/inst_fifo_gen/gconvfifo.rf/grf.rf/gntv_or_sync_fifo.gl0.rd/rpntr/gc0.count_d1_reg[4]/CLR
                            (recovery check against rising-edge clock clk_fpga_0  {rise@0.000ns fall@7.499ns period=14.999ns})
  Path Group:             **async_default**
  Path Type:              Recovery (Max at Slow Process Corner)
  Requirement:            14.999ns  (clk_fpga_0 rise@14.999ns - clk_fpga_0 rise@0.000ns)
  Data Path Delay:        2.230ns  (logic 0.718ns (32.190%)  route 1.512ns (67.810%))
  Logic Levels:           1  (LUT3=1)
  Clock Path Skew:        -0.138ns (DCD - SCD + CPR)
    Destination Clock Delay (DCD):    2.674ns = ( 17.674 - 14.999 ) 
    Source Clock Delay      (SCD):    3.042ns
    Clock Pessimism Removal (CPR):    0.230ns
  Clock Uncertainty:      0.228ns  ((TSJ^2 + TIJ^2)^1/2 + DJ) / 2 + PE
    Total System Jitter     (TSJ):    0.071ns
    Total Input Jitter      (TIJ):    0.450ns
    Discrete Jitter          (DJ):    0.000ns
    Phase Error              (PE):    0.000ns

    Location             Delay type                Incr(ns)  Path(ns)    Netlist Resource(s)
  -------------------------------------------------------------------    -------------------
                         (clock clk_fpga_0 rise edge)
                                                      0.000     0.000 r  
    PS7_X0Y0             PS7                          0.000     0.000 r  flash_bd_i/processing_system7_0/inst/PS7_i/FCLKCLK[0]
                         net (fo=1, routed)           1.193     1.193    flash_bd_i/processing_system7_0/inst/FCLK_CLK_unbuffered[0]
    BUFGCTRL_X0Y16       BUFG (Prop_bufg_I_O)         0.101     1.294 r  flash_bd_i/processing_system7_0/inst/buffer_fclk_clk_0.FCLK_CLK_0_BUFG/O
                         net (fo=5067, routed)        1.748     3.042    flash_bd_i/axi_mem_intercon/s00_couplers/auto_pc/inst/gen_axi4_axi3.axi3_conv_inst/USE_READ.USE_SPLIT_R.read_addr_inst/USE_R_CHANNEL.cmd_queue/inst/fifo_gen_inst/inst_fifo_gen/gconvfifo.rf/grf.rf/rstblk/ngwrdrst.grst.g7serrst.gnsckt_wrst.rst_wr_reg2_inst/dest_clk
    SLICE_X29Y49         FDPE                                         r  flash_bd_i/axi_mem_intercon/s00_couplers/auto_pc/inst/gen_axi4_axi3.axi3_conv_inst/USE_READ.USE_SPLIT_R.read_addr_inst/USE_R_CHANNEL.cmd_queue/inst/fifo_gen_inst/inst_fifo_gen/gconvfifo.rf/grf.rf/rstblk/ngwrdrst.grst.g7serrst.gnsckt_wrst.rst_wr_reg2_inst/arststages_ff_reg[1]/C
  -------------------------------------------------------------------    -------------------
    SLICE_X29Y49         FDPE (Prop_fdpe_C_Q)         0.419     3.461 f  flash_bd_i/axi_mem_intercon/s00_couplers/auto_pc/inst/gen_axi4_axi3.axi3_conv_inst/USE_READ.USE_SPLIT_R.read_addr_inst/USE_R_CHANNEL.cmd_queue/inst/fifo_gen_inst/inst_fifo_gen/gconvfifo.rf/grf.rf/rstblk/ngwrdrst.grst.g7serrst.gnsckt_wrst.rst_wr_reg2_inst/arststages_ff_reg[1]/Q
                         net (fo=2, routed)           0.832     4.293    flash_bd_i/axi_mem_intercon/s00_couplers/auto_pc/inst/gen_axi4_axi3.axi3_conv_inst/USE_READ.USE_SPLIT_R.read_addr_inst/USE_R_CHANNEL.cmd_queue/inst/fifo_gen_inst/inst_fifo_gen/gconvfifo.rf/grf.rf/rstblk/ngwrdrst.rst_wr_reg2
    SLICE_X32Y49         LUT3 (Prop_lut3_I2_O)        0.299     4.592 f  flash_bd_i/axi_mem_intercon/s00_couplers/auto_pc/inst/gen_axi4_axi3.axi3_conv_inst/USE_READ.USE_SPLIT_R.read_addr_inst/USE_R_CHANNEL.cmd_queue/inst/fifo_gen_inst/inst_fifo_gen/gconvfifo.rf/grf.rf/rstblk/gpregsm1.curr_fwft_state[1]_i_2/O
                         net (fo=33, routed)          0.680     5.272    flash_bd_i/axi_mem_intercon/s00_couplers/auto_pc/inst/gen_axi4_axi3.axi3_conv_inst/USE_READ.USE_SPLIT_R.read_addr_inst/USE_R_CHANNEL.cmd_queue/inst/fifo_gen_inst/inst_fifo_gen/gconvfifo.rf/grf.rf/gntv_or_sync_fifo.gl0.rd/rpntr/gc0.count_d1_reg[4]_1
    SLICE_X33Y46         FDCE                                         f  flash_bd_i/axi_mem_intercon/s00_couplers/auto_pc/inst/gen_axi4_axi3.axi3_conv_inst/USE_READ.USE_SPLIT_R.read_addr_inst/USE_R_CHANNEL.cmd_queue/inst/fifo_gen_inst/inst_fifo_gen/gconvfifo.rf/grf.rf/gntv_or_sync_fifo.gl0.rd/rpntr/gc0.count_d1_reg[4]/CLR
  -------------------------------------------------------------------    -------------------

                         (clock clk_fpga_0 rise edge)
                                                     14.999    14.999 r  
    PS7_X0Y0             PS7                          0.000    14.999 r  flash_bd_i/processing_system7_0/inst/PS7_i/FCLKCLK[0]
                         net (fo=1, routed)           1.088    16.087    flash_bd_i/processing_system7_0/inst/FCLK_CLK_unbuffered[0]
    BUFGCTRL_X0Y16       BUFG (Prop_bufg_I_O)         0.091    16.178 r  flash_bd_i/processing_system7_0/inst/buffer_fclk_clk_0.FCLK_CLK_0_BUFG/O
                         net (fo=5067, routed)        1.495    17.673    flash_bd_i/axi_mem_intercon/s00_couplers/auto_pc/inst/gen_axi4_axi3.axi3_conv_inst/USE_READ.USE_SPLIT_R.read_addr_inst/USE_R_CHANNEL.cmd_queue/inst/fifo_gen_inst/inst_fifo_gen/gconvfifo.rf/grf.rf/gntv_or_sync_fifo.gl0.rd/rpntr/clk
    SLICE_X33Y46         FDCE                                         r  flash_bd_i/axi_mem_intercon/s00_couplers/auto_pc/inst/gen_axi4_axi3.axi3_conv_inst/USE_READ.USE_SPLIT_R.read_addr_inst/USE_R_CHANNEL.cmd_queue/inst/fifo_gen_inst/inst_fifo_gen/gconvfifo.rf/grf.rf/gntv_or_sync_fifo.gl0.rd/rpntr/gc0.count_d1_reg[4]/C
                         clock pessimism              0.230    17.903    
                         clock uncertainty           -0.228    17.675    
    SLICE_X33Y46         FDCE (Recov_fdce_C_CLR)     -0.405    17.270    flash_bd_i/axi_mem_intercon/s00_couplers/auto_pc/inst/gen_axi4_axi3.axi3_conv_inst/USE_READ.USE_SPLIT_R.read_addr_inst/USE_R_CHANNEL.cmd_queue/inst/fifo_gen_inst/inst_fifo_gen/gconvfifo.rf/grf.rf/gntv_or_sync_fifo.gl0.rd/rpntr/gc0.count_d1_reg[4]
  -------------------------------------------------------------------
                         required time                         17.270    
                         arrival time                          -5.272    
  -------------------------------------------------------------------
                         slack                                 11.998    

Slack (MET) :             11.998ns  (required time - arrival time)
  Source:                 flash_bd_i/axi_mem_intercon/s00_couplers/auto_pc/inst/gen_axi4_axi3.axi3_conv_inst/USE_READ.USE_SPLIT_R.read_addr_inst/USE_R_CHANNEL.cmd_queue/inst/fifo_gen_inst/inst_fifo_gen/gconvfifo.rf/grf.rf/rstblk/ngwrdrst.grst.g7serrst.gnsckt_wrst.rst_wr_reg2_inst/arststages_ff_reg[1]/C
                            (rising edge-triggered cell FDPE clocked by clk_fpga_0  {rise@0.000ns fall@7.499ns period=14.999ns})
  Destination:            flash_bd_i/axi_mem_intercon/s00_couplers/auto_pc/inst/gen_axi4_axi3.axi3_conv_inst/USE_READ.USE_SPLIT_R.read_addr_inst/USE_R_CHANNEL.cmd_queue/inst/fifo_gen_inst/inst_fifo_gen/gconvfifo.rf/grf.rf/gntv_or_sync_fifo.gl0.rd/rpntr/gc0.count_reg[3]/CLR
                            (recovery check against rising-edge clock clk_fpga_0  {rise@0.000ns fall@7.499ns period=14.999ns})
  Path Group:             **async_default**
  Path Type:              Recovery (Max at Slow Process Corner)
  Requirement:            14.999ns  (clk_fpga_0 rise@14.999ns - clk_fpga_0 rise@0.000ns)
  Data Path Delay:        2.230ns  (logic 0.718ns (32.190%)  route 1.512ns (67.810%))
  Logic Levels:           1  (LUT3=1)
  Clock Path Skew:        -0.138ns (DCD - SCD + CPR)
    Destination Clock Delay (DCD):    2.674ns = ( 17.674 - 14.999 ) 
    Source Clock Delay      (SCD):    3.042ns
    Clock Pessimism Removal (CPR):    0.230ns
  Clock Uncertainty:      0.228ns  ((TSJ^2 + TIJ^2)^1/2 + DJ) / 2 + PE
    Total System Jitter     (TSJ):    0.071ns
    Total Input Jitter      (TIJ):    0.450ns
    Discrete Jitter          (DJ):    0.000ns
    Phase Error              (PE):    0.000ns

    Location             Delay type                Incr(ns)  Path(ns)    Netlist Resource(s)
  -------------------------------------------------------------------    -------------------
                         (clock clk_fpga_0 rise edge)
                                                      0.000     0.000 r  
    PS7_X0Y0             PS7                          0.000     0.000 r  flash_bd_i/processing_system7_0/inst/PS7_i/FCLKCLK[0]
                         net (fo=1, routed)           1.193     1.193    flash_bd_i/processing_system7_0/inst/FCLK_CLK_unbuffered[0]
    BUFGCTRL_X0Y16       BUFG (Prop_bufg_I_O)         0.101     1.294 r  flash_bd_i/processing_system7_0/inst/buffer_fclk_clk_0.FCLK_CLK_0_BUFG/O
                         net (fo=5067, routed)        1.748     3.042    flash_bd_i/axi_mem_intercon/s00_couplers/auto_pc/inst/gen_axi4_axi3.axi3_conv_inst/USE_READ.USE_SPLIT_R.read_addr_inst/USE_R_CHANNEL.cmd_queue/inst/fifo_gen_inst/inst_fifo_gen/gconvfifo.rf/grf.rf/rstblk/ngwrdrst.grst.g7serrst.gnsckt_wrst.rst_wr_reg2_inst/dest_clk
    SLICE_X29Y49         FDPE                                         r  flash_bd_i/axi_mem_intercon/s00_couplers/auto_pc/inst/gen_axi4_axi3.axi3_conv_inst/USE_READ.USE_SPLIT_R.read_addr_inst/USE_R_CHANNEL.cmd_queue/inst/fifo_gen_inst/inst_fifo_gen/gconvfifo.rf/grf.rf/rstblk/ngwrdrst.grst.g7serrst.gnsckt_wrst.rst_wr_reg2_inst/arststages_ff_reg[1]/C
  -------------------------------------------------------------------    -------------------
    SLICE_X29Y49         FDPE (Prop_fdpe_C_Q)         0.419     3.461 f  flash_bd_i/axi_mem_intercon/s00_couplers/auto_pc/inst/gen_axi4_axi3.axi3_conv_inst/USE_READ.USE_SPLIT_R.read_addr_inst/USE_R_CHANNEL.cmd_queue/inst/fifo_gen_inst/inst_fifo_gen/gconvfifo.rf/grf.rf/rstblk/ngwrdrst.grst.g7serrst.gnsckt_wrst.rst_wr_reg2_inst/arststages_ff_reg[1]/Q
                         net (fo=2, routed)           0.832     4.293    flash_bd_i/axi_mem_intercon/s00_couplers/auto_pc/inst/gen_axi4_axi3.axi3_conv_inst/USE_READ.USE_SPLIT_R.read_addr_inst/USE_R_CHANNEL.cmd_queue/inst/fifo_gen_inst/inst_fifo_gen/gconvfifo.rf/grf.rf/rstblk/ngwrdrst.rst_wr_reg2
    SLICE_X32Y49         LUT3 (Prop_lut3_I2_O)        0.299     4.592 f  flash_bd_i/axi_mem_intercon/s00_couplers/auto_pc/inst/gen_axi4_axi3.axi3_conv_inst/USE_READ.USE_SPLIT_R.read_addr_inst/USE_R_CHANNEL.cmd_queue/inst/fifo_gen_inst/inst_fifo_gen/gconvfifo.rf/grf.rf/rstblk/gpregsm1.curr_fwft_state[1]_i_2/O
                         net (fo=33, routed)          0.680     5.272    flash_bd_i/axi_mem_intercon/s00_couplers/auto_pc/inst/gen_axi4_axi3.axi3_conv_inst/USE_READ.USE_SPLIT_R.read_addr_inst/USE_R_CHANNEL.cmd_queue/inst/fifo_gen_inst/inst_fifo_gen/gconvfifo.rf/grf.rf/gntv_or_sync_fifo.gl0.rd/rpntr/gc0.count_d1_reg[4]_1
    SLICE_X33Y46         FDCE                                         f  flash_bd_i/axi_mem_intercon/s00_couplers/auto_pc/inst/gen_axi4_axi3.axi3_conv_inst/USE_READ.USE_SPLIT_R.read_addr_inst/USE_R_CHANNEL.cmd_queue/inst/fifo_gen_inst/inst_fifo_gen/gconvfifo.rf/grf.rf/gntv_or_sync_fifo.gl0.rd/rpntr/gc0.count_reg[3]/CLR
  -------------------------------------------------------------------    -------------------

                         (clock clk_fpga_0 rise edge)
                                                     14.999    14.999 r  
    PS7_X0Y0             PS7                          0.000    14.999 r  flash_bd_i/processing_system7_0/inst/PS7_i/FCLKCLK[0]
                         net (fo=1, routed)           1.088    16.087    flash_bd_i/processing_system7_0/inst/FCLK_CLK_unbuffered[0]
    BUFGCTRL_X0Y16       BUFG (Prop_bufg_I_O)         0.091    16.178 r  flash_bd_i/processing_system7_0/inst/buffer_fclk_clk_0.FCLK_CLK_0_BUFG/O
                         net (fo=5067, routed)        1.495    17.673    flash_bd_i/axi_mem_intercon/s00_couplers/auto_pc/inst/gen_axi4_axi3.axi3_conv_inst/USE_READ.USE_SPLIT_R.read_addr_inst/USE_R_CHANNEL.cmd_queue/inst/fifo_gen_inst/inst_fifo_gen/gconvfifo.rf/grf.rf/gntv_or_sync_fifo.gl0.rd/rpntr/clk
    SLICE_X33Y46         FDCE                                         r  flash_bd_i/axi_mem_intercon/s00_couplers/auto_pc/inst/gen_axi4_axi3.axi3_conv_inst/USE_READ.USE_SPLIT_R.read_addr_inst/USE_R_CHANNEL.cmd_queue/inst/fifo_gen_inst/inst_fifo_gen/gconvfifo.rf/grf.rf/gntv_or_sync_fifo.gl0.rd/rpntr/gc0.count_reg[3]/C
                         clock pessimism              0.230    17.903    
                         clock uncertainty           -0.228    17.675    
    SLICE_X33Y46         FDCE (Recov_fdce_C_CLR)     -0.405    17.270    flash_bd_i/axi_mem_intercon/s00_couplers/auto_pc/inst/gen_axi4_axi3.axi3_conv_inst/USE_READ.USE_SPLIT_R.read_addr_inst/USE_R_CHANNEL.cmd_queue/inst/fifo_gen_inst/inst_fifo_gen/gconvfifo.rf/grf.rf/gntv_or_sync_fifo.gl0.rd/rpntr/gc0.count_reg[3]
  -------------------------------------------------------------------
                         required time                         17.270    
                         arrival time                          -5.272    
  -------------------------------------------------------------------
                         slack                                 11.998    

Slack (MET) :             11.998ns  (required time - arrival time)
  Source:                 flash_bd_i/axi_mem_intercon/s00_couplers/auto_pc/inst/gen_axi4_axi3.axi3_conv_inst/USE_READ.USE_SPLIT_R.read_addr_inst/USE_R_CHANNEL.cmd_queue/inst/fifo_gen_inst/inst_fifo_gen/gconvfifo.rf/grf.rf/rstblk/ngwrdrst.grst.g7serrst.gnsckt_wrst.rst_wr_reg2_inst/arststages_ff_reg[1]/C
                            (rising edge-triggered cell FDPE clocked by clk_fpga_0  {rise@0.000ns fall@7.499ns period=14.999ns})
  Destination:            flash_bd_i/axi_mem_intercon/s00_couplers/auto_pc/inst/gen_axi4_axi3.axi3_conv_inst/USE_READ.USE_SPLIT_R.read_addr_inst/USE_R_CHANNEL.cmd_queue/inst/fifo_gen_inst/inst_fifo_gen/gconvfifo.rf/grf.rf/gntv_or_sync_fifo.gl0.rd/rpntr/gc0.count_reg[4]/CLR
                            (recovery check against rising-edge clock clk_fpga_0  {rise@0.000ns fall@7.499ns period=14.999ns})
  Path Group:             **async_default**
  Path Type:              Recovery (Max at Slow Process Corner)
  Requirement:            14.999ns  (clk_fpga_0 rise@14.999ns - clk_fpga_0 rise@0.000ns)
  Data Path Delay:        2.230ns  (logic 0.718ns (32.190%)  route 1.512ns (67.810%))
  Logic Levels:           1  (LUT3=1)
  Clock Path Skew:        -0.138ns (DCD - SCD + CPR)
    Destination Clock Delay (DCD):    2.674ns = ( 17.674 - 14.999 ) 
    Source Clock Delay      (SCD):    3.042ns
    Clock Pessimism Removal (CPR):    0.230ns
  Clock Uncertainty:      0.228ns  ((TSJ^2 + TIJ^2)^1/2 + DJ) / 2 + PE
    Total System Jitter     (TSJ):    0.071ns
    Total Input Jitter      (TIJ):    0.450ns
    Discrete Jitter          (DJ):    0.000ns
    Phase Error              (PE):    0.000ns

    Location             Delay type                Incr(ns)  Path(ns)    Netlist Resource(s)
  -------------------------------------------------------------------    -------------------
                         (clock clk_fpga_0 rise edge)
                                                      0.000     0.000 r  
    PS7_X0Y0             PS7                          0.000     0.000 r  flash_bd_i/processing_system7_0/inst/PS7_i/FCLKCLK[0]
                         net (fo=1, routed)           1.193     1.193    flash_bd_i/processing_system7_0/inst/FCLK_CLK_unbuffered[0]
    BUFGCTRL_X0Y16       BUFG (Prop_bufg_I_O)         0.101     1.294 r  flash_bd_i/processing_system7_0/inst/buffer_fclk_clk_0.FCLK_CLK_0_BUFG/O
                         net (fo=5067, routed)        1.748     3.042    flash_bd_i/axi_mem_intercon/s00_couplers/auto_pc/inst/gen_axi4_axi3.axi3_conv_inst/USE_READ.USE_SPLIT_R.read_addr_inst/USE_R_CHANNEL.cmd_queue/inst/fifo_gen_inst/inst_fifo_gen/gconvfifo.rf/grf.rf/rstblk/ngwrdrst.grst.g7serrst.gnsckt_wrst.rst_wr_reg2_inst/dest_clk
    SLICE_X29Y49         FDPE                                         r  flash_bd_i/axi_mem_intercon/s00_couplers/auto_pc/inst/gen_axi4_axi3.axi3_conv_inst/USE_READ.USE_SPLIT_R.read_addr_inst/USE_R_CHANNEL.cmd_queue/inst/fifo_gen_inst/inst_fifo_gen/gconvfifo.rf/grf.rf/rstblk/ngwrdrst.grst.g7serrst.gnsckt_wrst.rst_wr_reg2_inst/arststages_ff_reg[1]/C
  -------------------------------------------------------------------    -------------------
    SLICE_X29Y49         FDPE (Prop_fdpe_C_Q)         0.419     3.461 f  flash_bd_i/axi_mem_intercon/s00_couplers/auto_pc/inst/gen_axi4_axi3.axi3_conv_inst/USE_READ.USE_SPLIT_R.read_addr_inst/USE_R_CHANNEL.cmd_queue/inst/fifo_gen_inst/inst_fifo_gen/gconvfifo.rf/grf.rf/rstblk/ngwrdrst.grst.g7serrst.gnsckt_wrst.rst_wr_reg2_inst/arststages_ff_reg[1]/Q
                         net (fo=2, routed)           0.832     4.293    flash_bd_i/axi_mem_intercon/s00_couplers/auto_pc/inst/gen_axi4_axi3.axi3_conv_inst/USE_READ.USE_SPLIT_R.read_addr_inst/USE_R_CHANNEL.cmd_queue/inst/fifo_gen_inst/inst_fifo_gen/gconvfifo.rf/grf.rf/rstblk/ngwrdrst.rst_wr_reg2
    SLICE_X32Y49         LUT3 (Prop_lut3_I2_O)        0.299     4.592 f  flash_bd_i/axi_mem_intercon/s00_couplers/auto_pc/inst/gen_axi4_axi3.axi3_conv_inst/USE_READ.USE_SPLIT_R.read_addr_inst/USE_R_CHANNEL.cmd_queue/inst/fifo_gen_inst/inst_fifo_gen/gconvfifo.rf/grf.rf/rstblk/gpregsm1.curr_fwft_state[1]_i_2/O
                         net (fo=33, routed)          0.680     5.272    flash_bd_i/axi_mem_intercon/s00_couplers/auto_pc/inst/gen_axi4_axi3.axi3_conv_inst/USE_READ.USE_SPLIT_R.read_addr_inst/USE_R_CHANNEL.cmd_queue/inst/fifo_gen_inst/inst_fifo_gen/gconvfifo.rf/grf.rf/gntv_or_sync_fifo.gl0.rd/rpntr/gc0.count_d1_reg[4]_1
    SLICE_X33Y46         FDCE                                         f  flash_bd_i/axi_mem_intercon/s00_couplers/auto_pc/inst/gen_axi4_axi3.axi3_conv_inst/USE_READ.USE_SPLIT_R.read_addr_inst/USE_R_CHANNEL.cmd_queue/inst/fifo_gen_inst/inst_fifo_gen/gconvfifo.rf/grf.rf/gntv_or_sync_fifo.gl0.rd/rpntr/gc0.count_reg[4]/CLR
  -------------------------------------------------------------------    -------------------

                         (clock clk_fpga_0 rise edge)
                                                     14.999    14.999 r  
    PS7_X0Y0             PS7                          0.000    14.999 r  flash_bd_i/processing_system7_0/inst/PS7_i/FCLKCLK[0]
                         net (fo=1, routed)           1.088    16.087    flash_bd_i/processing_system7_0/inst/FCLK_CLK_unbuffered[0]
    BUFGCTRL_X0Y16       BUFG (Prop_bufg_I_O)         0.091    16.178 r  flash_bd_i/processing_system7_0/inst/buffer_fclk_clk_0.FCLK_CLK_0_BUFG/O
                         net (fo=5067, routed)        1.495    17.673    flash_bd_i/axi_mem_intercon/s00_couplers/auto_pc/inst/gen_axi4_axi3.axi3_conv_inst/USE_READ.USE_SPLIT_R.read_addr_inst/USE_R_CHANNEL.cmd_queue/inst/fifo_gen_inst/inst_fifo_gen/gconvfifo.rf/grf.rf/gntv_or_sync_fifo.gl0.rd/rpntr/clk
    SLICE_X33Y46         FDCE                                         r  flash_bd_i/axi_mem_intercon/s00_couplers/auto_pc/inst/gen_axi4_axi3.axi3_conv_inst/USE_READ.USE_SPLIT_R.read_addr_inst/USE_R_CHANNEL.cmd_queue/inst/fifo_gen_inst/inst_fifo_gen/gconvfifo.rf/grf.rf/gntv_or_sync_fifo.gl0.rd/rpntr/gc0.count_reg[4]/C
                         clock pessimism              0.230    17.903    
                         clock uncertainty           -0.228    17.675    
    SLICE_X33Y46         FDCE (Recov_fdce_C_CLR)     -0.405    17.270    flash_bd_i/axi_mem_intercon/s00_couplers/auto_pc/inst/gen_axi4_axi3.axi3_conv_inst/USE_READ.USE_SPLIT_R.read_addr_inst/USE_R_CHANNEL.cmd_queue/inst/fifo_gen_inst/inst_fifo_gen/gconvfifo.rf/grf.rf/gntv_or_sync_fifo.gl0.rd/rpntr/gc0.count_reg[4]
  -------------------------------------------------------------------
                         required time                         17.270    
                         arrival time                          -5.272    
  -------------------------------------------------------------------
                         slack                                 11.998    

Slack (MET) :             12.040ns  (required time - arrival time)
  Source:                 flash_bd_i/axi_mem_intercon/s00_couplers/auto_pc/inst/gen_axi4_axi3.axi3_conv_inst/USE_READ.USE_SPLIT_R.read_addr_inst/USE_R_CHANNEL.cmd_queue/inst/fifo_gen_inst/inst_fifo_gen/gconvfifo.rf/grf.rf/rstblk/ngwrdrst.grst.g7serrst.gnsckt_wrst.rst_wr_reg2_inst/arststages_ff_reg[1]/C
                            (rising edge-triggered cell FDPE clocked by clk_fpga_0  {rise@0.000ns fall@7.499ns period=14.999ns})
  Destination:            flash_bd_i/axi_mem_intercon/s00_couplers/auto_pc/inst/gen_axi4_axi3.axi3_conv_inst/USE_READ.USE_SPLIT_R.read_addr_inst/USE_R_CHANNEL.cmd_queue/inst/fifo_gen_inst/inst_fifo_gen/gconvfifo.rf/grf.rf/gntv_or_sync_fifo.gl0.wr/gwss.wsts/ram_full_fb_i_reg/CLR
                            (recovery check against rising-edge clock clk_fpga_0  {rise@0.000ns fall@7.499ns period=14.999ns})
  Path Group:             **async_default**
  Path Type:              Recovery (Max at Slow Process Corner)
  Requirement:            14.999ns  (clk_fpga_0 rise@14.999ns - clk_fpga_0 rise@0.000ns)
  Data Path Delay:        2.302ns  (logic 0.718ns (31.195%)  route 1.584ns (68.805%))
  Logic Levels:           1  (LUT3=1)
  Clock Path Skew:        -0.025ns (DCD - SCD + CPR)
    Destination Clock Delay (DCD):    2.751ns = ( 17.750 - 14.999 ) 
    Source Clock Delay      (SCD):    3.042ns
    Clock Pessimism Removal (CPR):    0.266ns
  Clock Uncertainty:      0.228ns  ((TSJ^2 + TIJ^2)^1/2 + DJ) / 2 + PE
    Total System Jitter     (TSJ):    0.071ns
    Total Input Jitter      (TIJ):    0.450ns
    Discrete Jitter          (DJ):    0.000ns
    Phase Error              (PE):    0.000ns

    Location             Delay type                Incr(ns)  Path(ns)    Netlist Resource(s)
  -------------------------------------------------------------------    -------------------
                         (clock clk_fpga_0 rise edge)
                                                      0.000     0.000 r  
    PS7_X0Y0             PS7                          0.000     0.000 r  flash_bd_i/processing_system7_0/inst/PS7_i/FCLKCLK[0]
                         net (fo=1, routed)           1.193     1.193    flash_bd_i/processing_system7_0/inst/FCLK_CLK_unbuffered[0]
    BUFGCTRL_X0Y16       BUFG (Prop_bufg_I_O)         0.101     1.294 r  flash_bd_i/processing_system7_0/inst/buffer_fclk_clk_0.FCLK_CLK_0_BUFG/O
                         net (fo=5067, routed)        1.748     3.042    flash_bd_i/axi_mem_intercon/s00_couplers/auto_pc/inst/gen_axi4_axi3.axi3_conv_inst/USE_READ.USE_SPLIT_R.read_addr_inst/USE_R_CHANNEL.cmd_queue/inst/fifo_gen_inst/inst_fifo_gen/gconvfifo.rf/grf.rf/rstblk/ngwrdrst.grst.g7serrst.gnsckt_wrst.rst_wr_reg2_inst/dest_clk
    SLICE_X29Y49         FDPE                                         r  flash_bd_i/axi_mem_intercon/s00_couplers/auto_pc/inst/gen_axi4_axi3.axi3_conv_inst/USE_READ.USE_SPLIT_R.read_addr_inst/USE_R_CHANNEL.cmd_queue/inst/fifo_gen_inst/inst_fifo_gen/gconvfifo.rf/grf.rf/rstblk/ngwrdrst.grst.g7serrst.gnsckt_wrst.rst_wr_reg2_inst/arststages_ff_reg[1]/C
  -------------------------------------------------------------------    -------------------
    SLICE_X29Y49         FDPE (Prop_fdpe_C_Q)         0.419     3.461 f  flash_bd_i/axi_mem_intercon/s00_couplers/auto_pc/inst/gen_axi4_axi3.axi3_conv_inst/USE_READ.USE_SPLIT_R.read_addr_inst/USE_R_CHANNEL.cmd_queue/inst/fifo_gen_inst/inst_fifo_gen/gconvfifo.rf/grf.rf/rstblk/ngwrdrst.grst.g7serrst.gnsckt_wrst.rst_wr_reg2_inst/arststages_ff_reg[1]/Q
                         net (fo=2, routed)           0.832     4.293    flash_bd_i/axi_mem_intercon/s00_couplers/auto_pc/inst/gen_axi4_axi3.axi3_conv_inst/USE_READ.USE_SPLIT_R.read_addr_inst/USE_R_CHANNEL.cmd_queue/inst/fifo_gen_inst/inst_fifo_gen/gconvfifo.rf/grf.rf/rstblk/ngwrdrst.rst_wr_reg2
    SLICE_X32Y49         LUT3 (Prop_lut3_I2_O)        0.299     4.592 f  flash_bd_i/axi_mem_intercon/s00_couplers/auto_pc/inst/gen_axi4_axi3.axi3_conv_inst/USE_READ.USE_SPLIT_R.read_addr_inst/USE_R_CHANNEL.cmd_queue/inst/fifo_gen_inst/inst_fifo_gen/gconvfifo.rf/grf.rf/rstblk/gpregsm1.curr_fwft_state[1]_i_2/O
                         net (fo=33, routed)          0.751     5.344    flash_bd_i/axi_mem_intercon/s00_couplers/auto_pc/inst/gen_axi4_axi3.axi3_conv_inst/USE_READ.USE_SPLIT_R.read_addr_inst/USE_R_CHANNEL.cmd_queue/inst/fifo_gen_inst/inst_fifo_gen/gconvfifo.rf/grf.rf/gntv_or_sync_fifo.gl0.wr/gwss.wsts/ram_full_i_reg_0
    SLICE_X31Y48         FDCE                                         f  flash_bd_i/axi_mem_intercon/s00_couplers/auto_pc/inst/gen_axi4_axi3.axi3_conv_inst/USE_READ.USE_SPLIT_R.read_addr_inst/USE_R_CHANNEL.cmd_queue/inst/fifo_gen_inst/inst_fifo_gen/gconvfifo.rf/grf.rf/gntv_or_sync_fifo.gl0.wr/gwss.wsts/ram_full_fb_i_reg/CLR
  -------------------------------------------------------------------    -------------------

                         (clock clk_fpga_0 rise edge)
                                                     14.999    14.999 r  
    PS7_X0Y0             PS7                          0.000    14.999 r  flash_bd_i/processing_system7_0/inst/PS7_i/FCLKCLK[0]
                         net (fo=1, routed)           1.088    16.087    flash_bd_i/processing_system7_0/inst/FCLK_CLK_unbuffered[0]
    BUFGCTRL_X0Y16       BUFG (Prop_bufg_I_O)         0.091    16.178 r  flash_bd_i/processing_system7_0/inst/buffer_fclk_clk_0.FCLK_CLK_0_BUFG/O
                         net (fo=5067, routed)        1.572    17.750    flash_bd_i/axi_mem_intercon/s00_couplers/auto_pc/inst/gen_axi4_axi3.axi3_conv_inst/USE_READ.USE_SPLIT_R.read_addr_inst/USE_R_CHANNEL.cmd_queue/inst/fifo_gen_inst/inst_fifo_gen/gconvfifo.rf/grf.rf/gntv_or_sync_fifo.gl0.wr/gwss.wsts/clk
    SLICE_X31Y48         FDCE                                         r  flash_bd_i/axi_mem_intercon/s00_couplers/auto_pc/inst/gen_axi4_axi3.axi3_conv_inst/USE_READ.USE_SPLIT_R.read_addr_inst/USE_R_CHANNEL.cmd_queue/inst/fifo_gen_inst/inst_fifo_gen/gconvfifo.rf/grf.rf/gntv_or_sync_fifo.gl0.wr/gwss.wsts/ram_full_fb_i_reg/C
                         clock pessimism              0.266    18.016    
                         clock uncertainty           -0.228    17.788    
    SLICE_X31Y48         FDCE (Recov_fdce_C_CLR)     -0.405    17.383    flash_bd_i/axi_mem_intercon/s00_couplers/auto_pc/inst/gen_axi4_axi3.axi3_conv_inst/USE_READ.USE_SPLIT_R.read_addr_inst/USE_R_CHANNEL.cmd_queue/inst/fifo_gen_inst/inst_fifo_gen/gconvfifo.rf/grf.rf/gntv_or_sync_fifo.gl0.wr/gwss.wsts/ram_full_fb_i_reg
  -------------------------------------------------------------------
                         required time                         17.383    
                         arrival time                          -5.344    
  -------------------------------------------------------------------
                         slack                                 12.040    

Slack (MET) :             12.042ns  (required time - arrival time)
  Source:                 flash_bd_i/axi_mem_intercon/s00_couplers/auto_pc/inst/gen_axi4_axi3.axi3_conv_inst/USE_READ.USE_SPLIT_R.read_addr_inst/USE_R_CHANNEL.cmd_queue/inst/fifo_gen_inst/inst_fifo_gen/gconvfifo.rf/grf.rf/rstblk/ngwrdrst.grst.g7serrst.gnsckt_wrst.rst_wr_reg2_inst/arststages_ff_reg[1]/C
                            (rising edge-triggered cell FDPE clocked by clk_fpga_0  {rise@0.000ns fall@7.499ns period=14.999ns})
  Destination:            flash_bd_i/axi_mem_intercon/s00_couplers/auto_pc/inst/gen_axi4_axi3.axi3_conv_inst/USE_READ.USE_SPLIT_R.read_addr_inst/USE_R_CHANNEL.cmd_queue/inst/fifo_gen_inst/inst_fifo_gen/gconvfifo.rf/grf.rf/gntv_or_sync_fifo.gl0.rd/rpntr/gc0.count_d1_reg[0]/CLR
                            (recovery check against rising-edge clock clk_fpga_0  {rise@0.000ns fall@7.499ns period=14.999ns})
  Path Group:             **async_default**
  Path Type:              Recovery (Max at Slow Process Corner)
  Requirement:            14.999ns  (clk_fpga_0 rise@14.999ns - clk_fpga_0 rise@0.000ns)
  Data Path Delay:        2.230ns  (logic 0.718ns (32.190%)  route 1.512ns (67.810%))
  Logic Levels:           1  (LUT3=1)
  Clock Path Skew:        -0.138ns (DCD - SCD + CPR)
    Destination Clock Delay (DCD):    2.674ns = ( 17.674 - 14.999 ) 
    Source Clock Delay      (SCD):    3.042ns
    Clock Pessimism Removal (CPR):    0.230ns
  Clock Uncertainty:      0.228ns  ((TSJ^2 + TIJ^2)^1/2 + DJ) / 2 + PE
    Total System Jitter     (TSJ):    0.071ns
    Total Input Jitter      (TIJ):    0.450ns
    Discrete Jitter          (DJ):    0.000ns
    Phase Error              (PE):    0.000ns

    Location             Delay type                Incr(ns)  Path(ns)    Netlist Resource(s)
  -------------------------------------------------------------------    -------------------
                         (clock clk_fpga_0 rise edge)
                                                      0.000     0.000 r  
    PS7_X0Y0             PS7                          0.000     0.000 r  flash_bd_i/processing_system7_0/inst/PS7_i/FCLKCLK[0]
                         net (fo=1, routed)           1.193     1.193    flash_bd_i/processing_system7_0/inst/FCLK_CLK_unbuffered[0]
    BUFGCTRL_X0Y16       BUFG (Prop_bufg_I_O)         0.101     1.294 r  flash_bd_i/processing_system7_0/inst/buffer_fclk_clk_0.FCLK_CLK_0_BUFG/O
                         net (fo=5067, routed)        1.748     3.042    flash_bd_i/axi_mem_intercon/s00_couplers/auto_pc/inst/gen_axi4_axi3.axi3_conv_inst/USE_READ.USE_SPLIT_R.read_addr_inst/USE_R_CHANNEL.cmd_queue/inst/fifo_gen_inst/inst_fifo_gen/gconvfifo.rf/grf.rf/rstblk/ngwrdrst.grst.g7serrst.gnsckt_wrst.rst_wr_reg2_inst/dest_clk
    SLICE_X29Y49         FDPE                                         r  flash_bd_i/axi_mem_intercon/s00_couplers/auto_pc/inst/gen_axi4_axi3.axi3_conv_inst/USE_READ.USE_SPLIT_R.read_addr_inst/USE_R_CHANNEL.cmd_queue/inst/fifo_gen_inst/inst_fifo_gen/gconvfifo.rf/grf.rf/rstblk/ngwrdrst.grst.g7serrst.gnsckt_wrst.rst_wr_reg2_inst/arststages_ff_reg[1]/C
  -------------------------------------------------------------------    -------------------
    SLICE_X29Y49         FDPE (Prop_fdpe_C_Q)         0.419     3.461 f  flash_bd_i/axi_mem_intercon/s00_couplers/auto_pc/inst/gen_axi4_axi3.axi3_conv_inst/USE_READ.USE_SPLIT_R.read_addr_inst/USE_R_CHANNEL.cmd_queue/inst/fifo_gen_inst/inst_fifo_gen/gconvfifo.rf/grf.rf/rstblk/ngwrdrst.grst.g7serrst.gnsckt_wrst.rst_wr_reg2_inst/arststages_ff_reg[1]/Q
                         net (fo=2, routed)           0.832     4.293    flash_bd_i/axi_mem_intercon/s00_couplers/auto_pc/inst/gen_axi4_axi3.axi3_conv_inst/USE_READ.USE_SPLIT_R.read_addr_inst/USE_R_CHANNEL.cmd_queue/inst/fifo_gen_inst/inst_fifo_gen/gconvfifo.rf/grf.rf/rstblk/ngwrdrst.rst_wr_reg2
    SLICE_X32Y49         LUT3 (Prop_lut3_I2_O)        0.299     4.592 f  flash_bd_i/axi_mem_intercon/s00_couplers/auto_pc/inst/gen_axi4_axi3.axi3_conv_inst/USE_READ.USE_SPLIT_R.read_addr_inst/USE_R_CHANNEL.cmd_queue/inst/fifo_gen_inst/inst_fifo_gen/gconvfifo.rf/grf.rf/rstblk/gpregsm1.curr_fwft_state[1]_i_2/O
                         net (fo=33, routed)          0.680     5.272    flash_bd_i/axi_mem_intercon/s00_couplers/auto_pc/inst/gen_axi4_axi3.axi3_conv_inst/USE_READ.USE_SPLIT_R.read_addr_inst/USE_R_CHANNEL.cmd_queue/inst/fifo_gen_inst/inst_fifo_gen/gconvfifo.rf/grf.rf/gntv_or_sync_fifo.gl0.rd/rpntr/gc0.count_d1_reg[4]_1
    SLICE_X32Y46         FDCE                                         f  flash_bd_i/axi_mem_intercon/s00_couplers/auto_pc/inst/gen_axi4_axi3.axi3_conv_inst/USE_READ.USE_SPLIT_R.read_addr_inst/USE_R_CHANNEL.cmd_queue/inst/fifo_gen_inst/inst_fifo_gen/gconvfifo.rf/grf.rf/gntv_or_sync_fifo.gl0.rd/rpntr/gc0.count_d1_reg[0]/CLR
  -------------------------------------------------------------------    -------------------

                         (clock clk_fpga_0 rise edge)
                                                     14.999    14.999 r  
    PS7_X0Y0             PS7                          0.000    14.999 r  flash_bd_i/processing_system7_0/inst/PS7_i/FCLKCLK[0]
                         net (fo=1, routed)           1.088    16.087    flash_bd_i/processing_system7_0/inst/FCLK_CLK_unbuffered[0]
    BUFGCTRL_X0Y16       BUFG (Prop_bufg_I_O)         0.091    16.178 r  flash_bd_i/processing_system7_0/inst/buffer_fclk_clk_0.FCLK_CLK_0_BUFG/O
                         net (fo=5067, routed)        1.495    17.673    flash_bd_i/axi_mem_intercon/s00_couplers/auto_pc/inst/gen_axi4_axi3.axi3_conv_inst/USE_READ.USE_SPLIT_R.read_addr_inst/USE_R_CHANNEL.cmd_queue/inst/fifo_gen_inst/inst_fifo_gen/gconvfifo.rf/grf.rf/gntv_or_sync_fifo.gl0.rd/rpntr/clk
    SLICE_X32Y46         FDCE                                         r  flash_bd_i/axi_mem_intercon/s00_couplers/auto_pc/inst/gen_axi4_axi3.axi3_conv_inst/USE_READ.USE_SPLIT_R.read_addr_inst/USE_R_CHANNEL.cmd_queue/inst/fifo_gen_inst/inst_fifo_gen/gconvfifo.rf/grf.rf/gntv_or_sync_fifo.gl0.rd/rpntr/gc0.count_d1_reg[0]/C
                         clock pessimism              0.230    17.903    
                         clock uncertainty           -0.228    17.675    
    SLICE_X32Y46         FDCE (Recov_fdce_C_CLR)     -0.361    17.314    flash_bd_i/axi_mem_intercon/s00_couplers/auto_pc/inst/gen_axi4_axi3.axi3_conv_inst/USE_READ.USE_SPLIT_R.read_addr_inst/USE_R_CHANNEL.cmd_queue/inst/fifo_gen_inst/inst_fifo_gen/gconvfifo.rf/grf.rf/gntv_or_sync_fifo.gl0.rd/rpntr/gc0.count_d1_reg[0]
  -------------------------------------------------------------------
                         required time                         17.314    
                         arrival time                          -5.272    
  -------------------------------------------------------------------
                         slack                                 12.042    





Min Delay Paths
--------------------------------------------------------------------------------------
Slack (MET) :             0.600ns  (arrival time - required time)
  Source:                 flash_bd_i/axi_mem_intercon/s00_couplers/auto_pc/inst/gen_axi4_axi3.axi3_conv_inst/USE_READ.USE_SPLIT_R.read_addr_inst/USE_R_CHANNEL.cmd_queue/inst/fifo_gen_inst/inst_fifo_gen/gconvfifo.rf/grf.rf/rstblk/ngwrdrst.grst.g7serrst.gnsckt_wrst.gcc_rst.sckt_wr_rst_cc_reg[0]/C
                            (rising edge-triggered cell FDRE clocked by clk_fpga_0  {rise@0.000ns fall@7.499ns period=14.999ns})
  Destination:            flash_bd_i/axi_mem_intercon/s00_couplers/auto_pc/inst/gen_axi4_axi3.axi3_conv_inst/USE_READ.USE_SPLIT_R.read_addr_inst/USE_R_CHANNEL.cmd_queue/inst/fifo_gen_inst/inst_fifo_gen/gconvfifo.rf/grf.rf/gntv_or_sync_fifo.gl0.rd/gr1.gr1_int.rfwft/empty_fwft_fb_o_i_reg/PRE
                            (removal check against rising-edge clock clk_fpga_0  {rise@0.000ns fall@7.499ns period=14.999ns})
  Path Group:             **async_default**
  Path Type:              Removal (Min at Fast Process Corner)
  Requirement:            0.000ns  (clk_fpga_0 rise@0.000ns - clk_fpga_0 rise@0.000ns)
  Data Path Delay:        0.784ns  (logic 0.209ns (26.656%)  route 0.575ns (73.344%))
  Logic Levels:           1  (LUT3=1)
  Clock Path Skew:        0.279ns (DCD - SCD - CPR)
    Destination Clock Delay (DCD):    1.210ns
    Source Clock Delay      (SCD):    0.901ns
    Clock Pessimism Removal (CPR):    0.030ns

    Location             Delay type                Incr(ns)  Path(ns)    Netlist Resource(s)
  -------------------------------------------------------------------    -------------------
                         (clock clk_fpga_0 rise edge)
                                                      0.000     0.000 r  
    PS7_X0Y0             PS7                          0.000     0.000 r  flash_bd_i/processing_system7_0/inst/PS7_i/FCLKCLK[0]
                         net (fo=1, routed)           0.310     0.310    flash_bd_i/processing_system7_0/inst/FCLK_CLK_unbuffered[0]
    BUFGCTRL_X0Y16       BUFG (Prop_bufg_I_O)         0.026     0.336 r  flash_bd_i/processing_system7_0/inst/buffer_fclk_clk_0.FCLK_CLK_0_BUFG/O
                         net (fo=5067, routed)        0.565     0.901    flash_bd_i/axi_mem_intercon/s00_couplers/auto_pc/inst/gen_axi4_axi3.axi3_conv_inst/USE_READ.USE_SPLIT_R.read_addr_inst/USE_R_CHANNEL.cmd_queue/inst/fifo_gen_inst/inst_fifo_gen/gconvfifo.rf/grf.rf/rstblk/clk
    SLICE_X32Y49         FDRE                                         r  flash_bd_i/axi_mem_intercon/s00_couplers/auto_pc/inst/gen_axi4_axi3.axi3_conv_inst/USE_READ.USE_SPLIT_R.read_addr_inst/USE_R_CHANNEL.cmd_queue/inst/fifo_gen_inst/inst_fifo_gen/gconvfifo.rf/grf.rf/rstblk/ngwrdrst.grst.g7serrst.gnsckt_wrst.gcc_rst.sckt_wr_rst_cc_reg[0]/C
  -------------------------------------------------------------------    -------------------
    SLICE_X32Y49         FDRE (Prop_fdre_C_Q)         0.164     1.065 f  flash_bd_i/axi_mem_intercon/s00_couplers/auto_pc/inst/gen_axi4_axi3.axi3_conv_inst/USE_READ.USE_SPLIT_R.read_addr_inst/USE_R_CHANNEL.cmd_queue/inst/fifo_gen_inst/inst_fifo_gen/gconvfifo.rf/grf.rf/rstblk/ngwrdrst.grst.g7serrst.gnsckt_wrst.gcc_rst.sckt_wr_rst_cc_reg[0]/Q
                         net (fo=2, routed)           0.175     1.240    flash_bd_i/axi_mem_intercon/s00_couplers/auto_pc/inst/gen_axi4_axi3.axi3_conv_inst/USE_READ.USE_SPLIT_R.read_addr_inst/USE_R_CHANNEL.cmd_queue/inst/fifo_gen_inst/inst_fifo_gen/gconvfifo.rf/grf.rf/rstblk/ngwrdrst.grst.g7serrst.gnsckt_wrst.gcc_rst.sckt_wr_rst_cc[0]
    SLICE_X32Y49         LUT3 (Prop_lut3_I1_O)        0.045     1.285 f  flash_bd_i/axi_mem_intercon/s00_couplers/auto_pc/inst/gen_axi4_axi3.axi3_conv_inst/USE_READ.USE_SPLIT_R.read_addr_inst/USE_R_CHANNEL.cmd_queue/inst/fifo_gen_inst/inst_fifo_gen/gconvfifo.rf/grf.rf/rstblk/gpregsm1.curr_fwft_state[1]_i_2/O
                         net (fo=33, routed)          0.400     1.685    flash_bd_i/axi_mem_intercon/s00_couplers/auto_pc/inst/gen_axi4_axi3.axi3_conv_inst/USE_READ.USE_SPLIT_R.read_addr_inst/USE_R_CHANNEL.cmd_queue/inst/fifo_gen_inst/inst_fifo_gen/gconvfifo.rf/grf.rf/gntv_or_sync_fifo.gl0.rd/gr1.gr1_int.rfwft/gpregsm1.user_valid_reg_0
    SLICE_X31Y53         FDPE                                         f  flash_bd_i/axi_mem_intercon/s00_couplers/auto_pc/inst/gen_axi4_axi3.axi3_conv_inst/USE_READ.USE_SPLIT_R.read_addr_inst/USE_R_CHANNEL.cmd_queue/inst/fifo_gen_inst/inst_fifo_gen/gconvfifo.rf/grf.rf/gntv_or_sync_fifo.gl0.rd/gr1.gr1_int.rfwft/empty_fwft_fb_o_i_reg/PRE
  -------------------------------------------------------------------    -------------------

                         (clock clk_fpga_0 rise edge)
                                                      0.000     0.000 r  
    PS7_X0Y0             PS7                          0.000     0.000 r  flash_bd_i/processing_system7_0/inst/PS7_i/FCLKCLK[0]
                         net (fo=1, routed)           0.337     0.337    flash_bd_i/processing_system7_0/inst/FCLK_CLK_unbuffered[0]
    BUFGCTRL_X0Y16       BUFG (Prop_bufg_I_O)         0.029     0.366 r  flash_bd_i/processing_system7_0/inst/buffer_fclk_clk_0.FCLK_CLK_0_BUFG/O
                         net (fo=5067, routed)        0.844     1.210    flash_bd_i/axi_mem_intercon/s00_couplers/auto_pc/inst/gen_axi4_axi3.axi3_conv_inst/USE_READ.USE_SPLIT_R.read_addr_inst/USE_R_CHANNEL.cmd_queue/inst/fifo_gen_inst/inst_fifo_gen/gconvfifo.rf/grf.rf/gntv_or_sync_fifo.gl0.rd/gr1.gr1_int.rfwft/clk
    SLICE_X31Y53         FDPE                                         r  flash_bd_i/axi_mem_intercon/s00_couplers/auto_pc/inst/gen_axi4_axi3.axi3_conv_inst/USE_READ.USE_SPLIT_R.read_addr_inst/USE_R_CHANNEL.cmd_queue/inst/fifo_gen_inst/inst_fifo_gen/gconvfifo.rf/grf.rf/gntv_or_sync_fifo.gl0.rd/gr1.gr1_int.rfwft/empty_fwft_fb_o_i_reg/C
                         clock pessimism             -0.030     1.180    
    SLICE_X31Y53         FDPE (Remov_fdpe_C_PRE)     -0.095     1.085    flash_bd_i/axi_mem_intercon/s00_couplers/auto_pc/inst/gen_axi4_axi3.axi3_conv_inst/USE_READ.USE_SPLIT_R.read_addr_inst/USE_R_CHANNEL.cmd_queue/inst/fifo_gen_inst/inst_fifo_gen/gconvfifo.rf/grf.rf/gntv_or_sync_fifo.gl0.rd/gr1.gr1_int.rfwft/empty_fwft_fb_o_i_reg
  -------------------------------------------------------------------
                         required time                         -1.085    
                         arrival time                           1.685    
  -------------------------------------------------------------------
                         slack                                  0.600    

Slack (MET) :             0.664ns  (arrival time - required time)
  Source:                 flash_bd_i/axi_mem_intercon/s00_couplers/auto_pc/inst/gen_axi4_axi3.axi3_conv_inst/USE_READ.USE_SPLIT_R.read_addr_inst/USE_R_CHANNEL.cmd_queue/inst/fifo_gen_inst/inst_fifo_gen/gconvfifo.rf/grf.rf/rstblk/ngwrdrst.grst.g7serrst.gnsckt_wrst.gcc_rst.sckt_wr_rst_cc_reg[0]/C
                            (rising edge-triggered cell FDRE clocked by clk_fpga_0  {rise@0.000ns fall@7.499ns period=14.999ns})
  Destination:            flash_bd_i/axi_mem_intercon/s00_couplers/auto_pc/inst/gen_axi4_axi3.axi3_conv_inst/USE_READ.USE_SPLIT_R.read_addr_inst/USE_R_CHANNEL.cmd_queue/inst/fifo_gen_inst/inst_fifo_gen/gconvfifo.rf/grf.rf/gntv_or_sync_fifo.gl0.wr/wpntr/gcc0.gc0.count_d1_reg[0]/CLR
                            (removal check against rising-edge clock clk_fpga_0  {rise@0.000ns fall@7.499ns period=14.999ns})
  Path Group:             **async_default**
  Path Type:              Removal (Min at Fast Process Corner)
  Requirement:            0.000ns  (clk_fpga_0 rise@0.000ns - clk_fpga_0 rise@0.000ns)
  Data Path Delay:        0.588ns  (logic 0.209ns (35.535%)  route 0.379ns (64.465%))
  Logic Levels:           1  (LUT3=1)
  Clock Path Skew:        0.016ns (DCD - SCD - CPR)
    Destination Clock Delay (DCD):    1.197ns
    Source Clock Delay      (SCD):    0.901ns
    Clock Pessimism Removal (CPR):    0.280ns

    Location             Delay type                Incr(ns)  Path(ns)    Netlist Resource(s)
  -------------------------------------------------------------------    -------------------
                         (clock clk_fpga_0 rise edge)
                                                      0.000     0.000 r  
    PS7_X0Y0             PS7                          0.000     0.000 r  flash_bd_i/processing_system7_0/inst/PS7_i/FCLKCLK[0]
                         net (fo=1, routed)           0.310     0.310    flash_bd_i/processing_system7_0/inst/FCLK_CLK_unbuffered[0]
    BUFGCTRL_X0Y16       BUFG (Prop_bufg_I_O)         0.026     0.336 r  flash_bd_i/processing_system7_0/inst/buffer_fclk_clk_0.FCLK_CLK_0_BUFG/O
                         net (fo=5067, routed)        0.565     0.901    flash_bd_i/axi_mem_intercon/s00_couplers/auto_pc/inst/gen_axi4_axi3.axi3_conv_inst/USE_READ.USE_SPLIT_R.read_addr_inst/USE_R_CHANNEL.cmd_queue/inst/fifo_gen_inst/inst_fifo_gen/gconvfifo.rf/grf.rf/rstblk/clk
    SLICE_X32Y49         FDRE                                         r  flash_bd_i/axi_mem_intercon/s00_couplers/auto_pc/inst/gen_axi4_axi3.axi3_conv_inst/USE_READ.USE_SPLIT_R.read_addr_inst/USE_R_CHANNEL.cmd_queue/inst/fifo_gen_inst/inst_fifo_gen/gconvfifo.rf/grf.rf/rstblk/ngwrdrst.grst.g7serrst.gnsckt_wrst.gcc_rst.sckt_wr_rst_cc_reg[0]/C
  -------------------------------------------------------------------    -------------------
    SLICE_X32Y49         FDRE (Prop_fdre_C_Q)         0.164     1.065 f  flash_bd_i/axi_mem_intercon/s00_couplers/auto_pc/inst/gen_axi4_axi3.axi3_conv_inst/USE_READ.USE_SPLIT_R.read_addr_inst/USE_R_CHANNEL.cmd_queue/inst/fifo_gen_inst/inst_fifo_gen/gconvfifo.rf/grf.rf/rstblk/ngwrdrst.grst.g7serrst.gnsckt_wrst.gcc_rst.sckt_wr_rst_cc_reg[0]/Q
                         net (fo=2, routed)           0.175     1.240    flash_bd_i/axi_mem_intercon/s00_couplers/auto_pc/inst/gen_axi4_axi3.axi3_conv_inst/USE_READ.USE_SPLIT_R.read_addr_inst/USE_R_CHANNEL.cmd_queue/inst/fifo_gen_inst/inst_fifo_gen/gconvfifo.rf/grf.rf/rstblk/ngwrdrst.grst.g7serrst.gnsckt_wrst.gcc_rst.sckt_wr_rst_cc[0]
    SLICE_X32Y49         LUT3 (Prop_lut3_I1_O)        0.045     1.285 f  flash_bd_i/axi_mem_intercon/s00_couplers/auto_pc/inst/gen_axi4_axi3.axi3_conv_inst/USE_READ.USE_SPLIT_R.read_addr_inst/USE_R_CHANNEL.cmd_queue/inst/fifo_gen_inst/inst_fifo_gen/gconvfifo.rf/grf.rf/rstblk/gpregsm1.curr_fwft_state[1]_i_2/O
                         net (fo=33, routed)          0.204     1.489    flash_bd_i/axi_mem_intercon/s00_couplers/auto_pc/inst/gen_axi4_axi3.axi3_conv_inst/USE_READ.USE_SPLIT_R.read_addr_inst/USE_R_CHANNEL.cmd_queue/inst/fifo_gen_inst/inst_fifo_gen/gconvfifo.rf/grf.rf/gntv_or_sync_fifo.gl0.wr/wpntr/gcc0.gc0.count_d1_reg[0]_0
    SLICE_X33Y47         FDCE                                         f  flash_bd_i/axi_mem_intercon/s00_couplers/auto_pc/inst/gen_axi4_axi3.axi3_conv_inst/USE_READ.USE_SPLIT_R.read_addr_inst/USE_R_CHANNEL.cmd_queue/inst/fifo_gen_inst/inst_fifo_gen/gconvfifo.rf/grf.rf/gntv_or_sync_fifo.gl0.wr/wpntr/gcc0.gc0.count_d1_reg[0]/CLR
  -------------------------------------------------------------------    -------------------

                         (clock clk_fpga_0 rise edge)
                                                      0.000     0.000 r  
    PS7_X0Y0             PS7                          0.000     0.000 r  flash_bd_i/processing_system7_0/inst/PS7_i/FCLKCLK[0]
                         net (fo=1, routed)           0.337     0.337    flash_bd_i/processing_system7_0/inst/FCLK_CLK_unbuffered[0]
    BUFGCTRL_X0Y16       BUFG (Prop_bufg_I_O)         0.029     0.366 r  flash_bd_i/processing_system7_0/inst/buffer_fclk_clk_0.FCLK_CLK_0_BUFG/O
                         net (fo=5067, routed)        0.831     1.197    flash_bd_i/axi_mem_intercon/s00_couplers/auto_pc/inst/gen_axi4_axi3.axi3_conv_inst/USE_READ.USE_SPLIT_R.read_addr_inst/USE_R_CHANNEL.cmd_queue/inst/fifo_gen_inst/inst_fifo_gen/gconvfifo.rf/grf.rf/gntv_or_sync_fifo.gl0.wr/wpntr/clk
    SLICE_X33Y47         FDCE                                         r  flash_bd_i/axi_mem_intercon/s00_couplers/auto_pc/inst/gen_axi4_axi3.axi3_conv_inst/USE_READ.USE_SPLIT_R.read_addr_inst/USE_R_CHANNEL.cmd_queue/inst/fifo_gen_inst/inst_fifo_gen/gconvfifo.rf/grf.rf/gntv_or_sync_fifo.gl0.wr/wpntr/gcc0.gc0.count_d1_reg[0]/C
                         clock pessimism             -0.280     0.917    
    SLICE_X33Y47         FDCE (Remov_fdce_C_CLR)     -0.092     0.825    flash_bd_i/axi_mem_intercon/s00_couplers/auto_pc/inst/gen_axi4_axi3.axi3_conv_inst/USE_READ.USE_SPLIT_R.read_addr_inst/USE_R_CHANNEL.cmd_queue/inst/fifo_gen_inst/inst_fifo_gen/gconvfifo.rf/grf.rf/gntv_or_sync_fifo.gl0.wr/wpntr/gcc0.gc0.count_d1_reg[0]
  -------------------------------------------------------------------
                         required time                         -0.825    
                         arrival time                           1.489    
  -------------------------------------------------------------------
                         slack                                  0.664    

Slack (MET) :             0.664ns  (arrival time - required time)
  Source:                 flash_bd_i/axi_mem_intercon/s00_couplers/auto_pc/inst/gen_axi4_axi3.axi3_conv_inst/USE_READ.USE_SPLIT_R.read_addr_inst/USE_R_CHANNEL.cmd_queue/inst/fifo_gen_inst/inst_fifo_gen/gconvfifo.rf/grf.rf/rstblk/ngwrdrst.grst.g7serrst.gnsckt_wrst.gcc_rst.sckt_wr_rst_cc_reg[0]/C
                            (rising edge-triggered cell FDRE clocked by clk_fpga_0  {rise@0.000ns fall@7.499ns period=14.999ns})
  Destination:            flash_bd_i/axi_mem_intercon/s00_couplers/auto_pc/inst/gen_axi4_axi3.axi3_conv_inst/USE_READ.USE_SPLIT_R.read_addr_inst/USE_R_CHANNEL.cmd_queue/inst/fifo_gen_inst/inst_fifo_gen/gconvfifo.rf/grf.rf/gntv_or_sync_fifo.gl0.wr/wpntr/gcc0.gc0.count_d1_reg[1]/CLR
                            (removal check against rising-edge clock clk_fpga_0  {rise@0.000ns fall@7.499ns period=14.999ns})
  Path Group:             **async_default**
  Path Type:              Removal (Min at Fast Process Corner)
  Requirement:            0.000ns  (clk_fpga_0 rise@0.000ns - clk_fpga_0 rise@0.000ns)
  Data Path Delay:        0.588ns  (logic 0.209ns (35.535%)  route 0.379ns (64.465%))
  Logic Levels:           1  (LUT3=1)
  Clock Path Skew:        0.016ns (DCD - SCD - CPR)
    Destination Clock Delay (DCD):    1.197ns
    Source Clock Delay      (SCD):    0.901ns
    Clock Pessimism Removal (CPR):    0.280ns

    Location             Delay type                Incr(ns)  Path(ns)    Netlist Resource(s)
  -------------------------------------------------------------------    -------------------
                         (clock clk_fpga_0 rise edge)
                                                      0.000     0.000 r  
    PS7_X0Y0             PS7                          0.000     0.000 r  flash_bd_i/processing_system7_0/inst/PS7_i/FCLKCLK[0]
                         net (fo=1, routed)           0.310     0.310    flash_bd_i/processing_system7_0/inst/FCLK_CLK_unbuffered[0]
    BUFGCTRL_X0Y16       BUFG (Prop_bufg_I_O)         0.026     0.336 r  flash_bd_i/processing_system7_0/inst/buffer_fclk_clk_0.FCLK_CLK_0_BUFG/O
                         net (fo=5067, routed)        0.565     0.901    flash_bd_i/axi_mem_intercon/s00_couplers/auto_pc/inst/gen_axi4_axi3.axi3_conv_inst/USE_READ.USE_SPLIT_R.read_addr_inst/USE_R_CHANNEL.cmd_queue/inst/fifo_gen_inst/inst_fifo_gen/gconvfifo.rf/grf.rf/rstblk/clk
    SLICE_X32Y49         FDRE                                         r  flash_bd_i/axi_mem_intercon/s00_couplers/auto_pc/inst/gen_axi4_axi3.axi3_conv_inst/USE_READ.USE_SPLIT_R.read_addr_inst/USE_R_CHANNEL.cmd_queue/inst/fifo_gen_inst/inst_fifo_gen/gconvfifo.rf/grf.rf/rstblk/ngwrdrst.grst.g7serrst.gnsckt_wrst.gcc_rst.sckt_wr_rst_cc_reg[0]/C
  -------------------------------------------------------------------    -------------------
    SLICE_X32Y49         FDRE (Prop_fdre_C_Q)         0.164     1.065 f  flash_bd_i/axi_mem_intercon/s00_couplers/auto_pc/inst/gen_axi4_axi3.axi3_conv_inst/USE_READ.USE_SPLIT_R.read_addr_inst/USE_R_CHANNEL.cmd_queue/inst/fifo_gen_inst/inst_fifo_gen/gconvfifo.rf/grf.rf/rstblk/ngwrdrst.grst.g7serrst.gnsckt_wrst.gcc_rst.sckt_wr_rst_cc_reg[0]/Q
                         net (fo=2, routed)           0.175     1.240    flash_bd_i/axi_mem_intercon/s00_couplers/auto_pc/inst/gen_axi4_axi3.axi3_conv_inst/USE_READ.USE_SPLIT_R.read_addr_inst/USE_R_CHANNEL.cmd_queue/inst/fifo_gen_inst/inst_fifo_gen/gconvfifo.rf/grf.rf/rstblk/ngwrdrst.grst.g7serrst.gnsckt_wrst.gcc_rst.sckt_wr_rst_cc[0]
    SLICE_X32Y49         LUT3 (Prop_lut3_I1_O)        0.045     1.285 f  flash_bd_i/axi_mem_intercon/s00_couplers/auto_pc/inst/gen_axi4_axi3.axi3_conv_inst/USE_READ.USE_SPLIT_R.read_addr_inst/USE_R_CHANNEL.cmd_queue/inst/fifo_gen_inst/inst_fifo_gen/gconvfifo.rf/grf.rf/rstblk/gpregsm1.curr_fwft_state[1]_i_2/O
                         net (fo=33, routed)          0.204     1.489    flash_bd_i/axi_mem_intercon/s00_couplers/auto_pc/inst/gen_axi4_axi3.axi3_conv_inst/USE_READ.USE_SPLIT_R.read_addr_inst/USE_R_CHANNEL.cmd_queue/inst/fifo_gen_inst/inst_fifo_gen/gconvfifo.rf/grf.rf/gntv_or_sync_fifo.gl0.wr/wpntr/gcc0.gc0.count_d1_reg[0]_0
    SLICE_X33Y47         FDCE                                         f  flash_bd_i/axi_mem_intercon/s00_couplers/auto_pc/inst/gen_axi4_axi3.axi3_conv_inst/USE_READ.USE_SPLIT_R.read_addr_inst/USE_R_CHANNEL.cmd_queue/inst/fifo_gen_inst/inst_fifo_gen/gconvfifo.rf/grf.rf/gntv_or_sync_fifo.gl0.wr/wpntr/gcc0.gc0.count_d1_reg[1]/CLR
  -------------------------------------------------------------------    -------------------

                         (clock clk_fpga_0 rise edge)
                                                      0.000     0.000 r  
    PS7_X0Y0             PS7                          0.000     0.000 r  flash_bd_i/processing_system7_0/inst/PS7_i/FCLKCLK[0]
                         net (fo=1, routed)           0.337     0.337    flash_bd_i/processing_system7_0/inst/FCLK_CLK_unbuffered[0]
    BUFGCTRL_X0Y16       BUFG (Prop_bufg_I_O)         0.029     0.366 r  flash_bd_i/processing_system7_0/inst/buffer_fclk_clk_0.FCLK_CLK_0_BUFG/O
                         net (fo=5067, routed)        0.831     1.197    flash_bd_i/axi_mem_intercon/s00_couplers/auto_pc/inst/gen_axi4_axi3.axi3_conv_inst/USE_READ.USE_SPLIT_R.read_addr_inst/USE_R_CHANNEL.cmd_queue/inst/fifo_gen_inst/inst_fifo_gen/gconvfifo.rf/grf.rf/gntv_or_sync_fifo.gl0.wr/wpntr/clk
    SLICE_X33Y47         FDCE                                         r  flash_bd_i/axi_mem_intercon/s00_couplers/auto_pc/inst/gen_axi4_axi3.axi3_conv_inst/USE_READ.USE_SPLIT_R.read_addr_inst/USE_R_CHANNEL.cmd_queue/inst/fifo_gen_inst/inst_fifo_gen/gconvfifo.rf/grf.rf/gntv_or_sync_fifo.gl0.wr/wpntr/gcc0.gc0.count_d1_reg[1]/C
                         clock pessimism             -0.280     0.917    
    SLICE_X33Y47         FDCE (Remov_fdce_C_CLR)     -0.092     0.825    flash_bd_i/axi_mem_intercon/s00_couplers/auto_pc/inst/gen_axi4_axi3.axi3_conv_inst/USE_READ.USE_SPLIT_R.read_addr_inst/USE_R_CHANNEL.cmd_queue/inst/fifo_gen_inst/inst_fifo_gen/gconvfifo.rf/grf.rf/gntv_or_sync_fifo.gl0.wr/wpntr/gcc0.gc0.count_d1_reg[1]
  -------------------------------------------------------------------
                         required time                         -0.825    
                         arrival time                           1.489    
  -------------------------------------------------------------------
                         slack                                  0.664    

Slack (MET) :             0.664ns  (arrival time - required time)
  Source:                 flash_bd_i/axi_mem_intercon/s00_couplers/auto_pc/inst/gen_axi4_axi3.axi3_conv_inst/USE_READ.USE_SPLIT_R.read_addr_inst/USE_R_CHANNEL.cmd_queue/inst/fifo_gen_inst/inst_fifo_gen/gconvfifo.rf/grf.rf/rstblk/ngwrdrst.grst.g7serrst.gnsckt_wrst.gcc_rst.sckt_wr_rst_cc_reg[0]/C
                            (rising edge-triggered cell FDRE clocked by clk_fpga_0  {rise@0.000ns fall@7.499ns period=14.999ns})
  Destination:            flash_bd_i/axi_mem_intercon/s00_couplers/auto_pc/inst/gen_axi4_axi3.axi3_conv_inst/USE_READ.USE_SPLIT_R.read_addr_inst/USE_R_CHANNEL.cmd_queue/inst/fifo_gen_inst/inst_fifo_gen/gconvfifo.rf/grf.rf/gntv_or_sync_fifo.gl0.wr/wpntr/gcc0.gc0.count_reg[1]/CLR
                            (removal check against rising-edge clock clk_fpga_0  {rise@0.000ns fall@7.499ns period=14.999ns})
  Path Group:             **async_default**
  Path Type:              Removal (Min at Fast Process Corner)
  Requirement:            0.000ns  (clk_fpga_0 rise@0.000ns - clk_fpga_0 rise@0.000ns)
  Data Path Delay:        0.588ns  (logic 0.209ns (35.535%)  route 0.379ns (64.465%))
  Logic Levels:           1  (LUT3=1)
  Clock Path Skew:        0.016ns (DCD - SCD - CPR)
    Destination Clock Delay (DCD):    1.197ns
    Source Clock Delay      (SCD):    0.901ns
    Clock Pessimism Removal (CPR):    0.280ns

    Location             Delay type                Incr(ns)  Path(ns)    Netlist Resource(s)
  -------------------------------------------------------------------    -------------------
                         (clock clk_fpga_0 rise edge)
                                                      0.000     0.000 r  
    PS7_X0Y0             PS7                          0.000     0.000 r  flash_bd_i/processing_system7_0/inst/PS7_i/FCLKCLK[0]
                         net (fo=1, routed)           0.310     0.310    flash_bd_i/processing_system7_0/inst/FCLK_CLK_unbuffered[0]
    BUFGCTRL_X0Y16       BUFG (Prop_bufg_I_O)         0.026     0.336 r  flash_bd_i/processing_system7_0/inst/buffer_fclk_clk_0.FCLK_CLK_0_BUFG/O
                         net (fo=5067, routed)        0.565     0.901    flash_bd_i/axi_mem_intercon/s00_couplers/auto_pc/inst/gen_axi4_axi3.axi3_conv_inst/USE_READ.USE_SPLIT_R.read_addr_inst/USE_R_CHANNEL.cmd_queue/inst/fifo_gen_inst/inst_fifo_gen/gconvfifo.rf/grf.rf/rstblk/clk
    SLICE_X32Y49         FDRE                                         r  flash_bd_i/axi_mem_intercon/s00_couplers/auto_pc/inst/gen_axi4_axi3.axi3_conv_inst/USE_READ.USE_SPLIT_R.read_addr_inst/USE_R_CHANNEL.cmd_queue/inst/fifo_gen_inst/inst_fifo_gen/gconvfifo.rf/grf.rf/rstblk/ngwrdrst.grst.g7serrst.gnsckt_wrst.gcc_rst.sckt_wr_rst_cc_reg[0]/C
  -------------------------------------------------------------------    -------------------
    SLICE_X32Y49         FDRE (Prop_fdre_C_Q)         0.164     1.065 f  flash_bd_i/axi_mem_intercon/s00_couplers/auto_pc/inst/gen_axi4_axi3.axi3_conv_inst/USE_READ.USE_SPLIT_R.read_addr_inst/USE_R_CHANNEL.cmd_queue/inst/fifo_gen_inst/inst_fifo_gen/gconvfifo.rf/grf.rf/rstblk/ngwrdrst.grst.g7serrst.gnsckt_wrst.gcc_rst.sckt_wr_rst_cc_reg[0]/Q
                         net (fo=2, routed)           0.175     1.240    flash_bd_i/axi_mem_intercon/s00_couplers/auto_pc/inst/gen_axi4_axi3.axi3_conv_inst/USE_READ.USE_SPLIT_R.read_addr_inst/USE_R_CHANNEL.cmd_queue/inst/fifo_gen_inst/inst_fifo_gen/gconvfifo.rf/grf.rf/rstblk/ngwrdrst.grst.g7serrst.gnsckt_wrst.gcc_rst.sckt_wr_rst_cc[0]
    SLICE_X32Y49         LUT3 (Prop_lut3_I1_O)        0.045     1.285 f  flash_bd_i/axi_mem_intercon/s00_couplers/auto_pc/inst/gen_axi4_axi3.axi3_conv_inst/USE_READ.USE_SPLIT_R.read_addr_inst/USE_R_CHANNEL.cmd_queue/inst/fifo_gen_inst/inst_fifo_gen/gconvfifo.rf/grf.rf/rstblk/gpregsm1.curr_fwft_state[1]_i_2/O
                         net (fo=33, routed)          0.204     1.489    flash_bd_i/axi_mem_intercon/s00_couplers/auto_pc/inst/gen_axi4_axi3.axi3_conv_inst/USE_READ.USE_SPLIT_R.read_addr_inst/USE_R_CHANNEL.cmd_queue/inst/fifo_gen_inst/inst_fifo_gen/gconvfifo.rf/grf.rf/gntv_or_sync_fifo.gl0.wr/wpntr/gcc0.gc0.count_d1_reg[0]_0
    SLICE_X33Y47         FDCE                                         f  flash_bd_i/axi_mem_intercon/s00_couplers/auto_pc/inst/gen_axi4_axi3.axi3_conv_inst/USE_READ.USE_SPLIT_R.read_addr_inst/USE_R_CHANNEL.cmd_queue/inst/fifo_gen_inst/inst_fifo_gen/gconvfifo.rf/grf.rf/gntv_or_sync_fifo.gl0.wr/wpntr/gcc0.gc0.count_reg[1]/CLR
  -------------------------------------------------------------------    -------------------

                         (clock clk_fpga_0 rise edge)
                                                      0.000     0.000 r  
    PS7_X0Y0             PS7                          0.000     0.000 r  flash_bd_i/processing_system7_0/inst/PS7_i/FCLKCLK[0]
                         net (fo=1, routed)           0.337     0.337    flash_bd_i/processing_system7_0/inst/FCLK_CLK_unbuffered[0]
    BUFGCTRL_X0Y16       BUFG (Prop_bufg_I_O)         0.029     0.366 r  flash_bd_i/processing_system7_0/inst/buffer_fclk_clk_0.FCLK_CLK_0_BUFG/O
                         net (fo=5067, routed)        0.831     1.197    flash_bd_i/axi_mem_intercon/s00_couplers/auto_pc/inst/gen_axi4_axi3.axi3_conv_inst/USE_READ.USE_SPLIT_R.read_addr_inst/USE_R_CHANNEL.cmd_queue/inst/fifo_gen_inst/inst_fifo_gen/gconvfifo.rf/grf.rf/gntv_or_sync_fifo.gl0.wr/wpntr/clk
    SLICE_X33Y47         FDCE                                         r  flash_bd_i/axi_mem_intercon/s00_couplers/auto_pc/inst/gen_axi4_axi3.axi3_conv_inst/USE_READ.USE_SPLIT_R.read_addr_inst/USE_R_CHANNEL.cmd_queue/inst/fifo_gen_inst/inst_fifo_gen/gconvfifo.rf/grf.rf/gntv_or_sync_fifo.gl0.wr/wpntr/gcc0.gc0.count_reg[1]/C
                         clock pessimism             -0.280     0.917    
    SLICE_X33Y47         FDCE (Remov_fdce_C_CLR)     -0.092     0.825    flash_bd_i/axi_mem_intercon/s00_couplers/auto_pc/inst/gen_axi4_axi3.axi3_conv_inst/USE_READ.USE_SPLIT_R.read_addr_inst/USE_R_CHANNEL.cmd_queue/inst/fifo_gen_inst/inst_fifo_gen/gconvfifo.rf/grf.rf/gntv_or_sync_fifo.gl0.wr/wpntr/gcc0.gc0.count_reg[1]
  -------------------------------------------------------------------
                         required time                         -0.825    
                         arrival time                           1.489    
  -------------------------------------------------------------------
                         slack                                  0.664    

Slack (MET) :             0.664ns  (arrival time - required time)
  Source:                 flash_bd_i/axi_mem_intercon/s00_couplers/auto_pc/inst/gen_axi4_axi3.axi3_conv_inst/USE_READ.USE_SPLIT_R.read_addr_inst/USE_R_CHANNEL.cmd_queue/inst/fifo_gen_inst/inst_fifo_gen/gconvfifo.rf/grf.rf/rstblk/ngwrdrst.grst.g7serrst.gnsckt_wrst.gcc_rst.sckt_wr_rst_cc_reg[0]/C
                            (rising edge-triggered cell FDRE clocked by clk_fpga_0  {rise@0.000ns fall@7.499ns period=14.999ns})
  Destination:            flash_bd_i/axi_mem_intercon/s00_couplers/auto_pc/inst/gen_axi4_axi3.axi3_conv_inst/USE_READ.USE_SPLIT_R.read_addr_inst/USE_R_CHANNEL.cmd_queue/inst/fifo_gen_inst/inst_fifo_gen/gconvfifo.rf/grf.rf/gntv_or_sync_fifo.gl0.wr/wpntr/gcc0.gc0.count_reg[2]/CLR
                            (removal check against rising-edge clock clk_fpga_0  {rise@0.000ns fall@7.499ns period=14.999ns})
  Path Group:             **async_default**
  Path Type:              Removal (Min at Fast Process Corner)
  Requirement:            0.000ns  (clk_fpga_0 rise@0.000ns - clk_fpga_0 rise@0.000ns)
  Data Path Delay:        0.588ns  (logic 0.209ns (35.535%)  route 0.379ns (64.465%))
  Logic Levels:           1  (LUT3=1)
  Clock Path Skew:        0.016ns (DCD - SCD - CPR)
    Destination Clock Delay (DCD):    1.197ns
    Source Clock Delay      (SCD):    0.901ns
    Clock Pessimism Removal (CPR):    0.280ns

    Location             Delay type                Incr(ns)  Path(ns)    Netlist Resource(s)
  -------------------------------------------------------------------    -------------------
                         (clock clk_fpga_0 rise edge)
                                                      0.000     0.000 r  
    PS7_X0Y0             PS7                          0.000     0.000 r  flash_bd_i/processing_system7_0/inst/PS7_i/FCLKCLK[0]
                         net (fo=1, routed)           0.310     0.310    flash_bd_i/processing_system7_0/inst/FCLK_CLK_unbuffered[0]
    BUFGCTRL_X0Y16       BUFG (Prop_bufg_I_O)         0.026     0.336 r  flash_bd_i/processing_system7_0/inst/buffer_fclk_clk_0.FCLK_CLK_0_BUFG/O
                         net (fo=5067, routed)        0.565     0.901    flash_bd_i/axi_mem_intercon/s00_couplers/auto_pc/inst/gen_axi4_axi3.axi3_conv_inst/USE_READ.USE_SPLIT_R.read_addr_inst/USE_R_CHANNEL.cmd_queue/inst/fifo_gen_inst/inst_fifo_gen/gconvfifo.rf/grf.rf/rstblk/clk
    SLICE_X32Y49         FDRE                                         r  flash_bd_i/axi_mem_intercon/s00_couplers/auto_pc/inst/gen_axi4_axi3.axi3_conv_inst/USE_READ.USE_SPLIT_R.read_addr_inst/USE_R_CHANNEL.cmd_queue/inst/fifo_gen_inst/inst_fifo_gen/gconvfifo.rf/grf.rf/rstblk/ngwrdrst.grst.g7serrst.gnsckt_wrst.gcc_rst.sckt_wr_rst_cc_reg[0]/C
  -------------------------------------------------------------------    -------------------
    SLICE_X32Y49         FDRE (Prop_fdre_C_Q)         0.164     1.065 f  flash_bd_i/axi_mem_intercon/s00_couplers/auto_pc/inst/gen_axi4_axi3.axi3_conv_inst/USE_READ.USE_SPLIT_R.read_addr_inst/USE_R_CHANNEL.cmd_queue/inst/fifo_gen_inst/inst_fifo_gen/gconvfifo.rf/grf.rf/rstblk/ngwrdrst.grst.g7serrst.gnsckt_wrst.gcc_rst.sckt_wr_rst_cc_reg[0]/Q
                         net (fo=2, routed)           0.175     1.240    flash_bd_i/axi_mem_intercon/s00_couplers/auto_pc/inst/gen_axi4_axi3.axi3_conv_inst/USE_READ.USE_SPLIT_R.read_addr_inst/USE_R_CHANNEL.cmd_queue/inst/fifo_gen_inst/inst_fifo_gen/gconvfifo.rf/grf.rf/rstblk/ngwrdrst.grst.g7serrst.gnsckt_wrst.gcc_rst.sckt_wr_rst_cc[0]
    SLICE_X32Y49         LUT3 (Prop_lut3_I1_O)        0.045     1.285 f  flash_bd_i/axi_mem_intercon/s00_couplers/auto_pc/inst/gen_axi4_axi3.axi3_conv_inst/USE_READ.USE_SPLIT_R.read_addr_inst/USE_R_CHANNEL.cmd_queue/inst/fifo_gen_inst/inst_fifo_gen/gconvfifo.rf/grf.rf/rstblk/gpregsm1.curr_fwft_state[1]_i_2/O
                         net (fo=33, routed)          0.204     1.489    flash_bd_i/axi_mem_intercon/s00_couplers/auto_pc/inst/gen_axi4_axi3.axi3_conv_inst/USE_READ.USE_SPLIT_R.read_addr_inst/USE_R_CHANNEL.cmd_queue/inst/fifo_gen_inst/inst_fifo_gen/gconvfifo.rf/grf.rf/gntv_or_sync_fifo.gl0.wr/wpntr/gcc0.gc0.count_d1_reg[0]_0
    SLICE_X33Y47         FDCE                                         f  flash_bd_i/axi_mem_intercon/s00_couplers/auto_pc/inst/gen_axi4_axi3.axi3_conv_inst/USE_READ.USE_SPLIT_R.read_addr_inst/USE_R_CHANNEL.cmd_queue/inst/fifo_gen_inst/inst_fifo_gen/gconvfifo.rf/grf.rf/gntv_or_sync_fifo.gl0.wr/wpntr/gcc0.gc0.count_reg[2]/CLR
  -------------------------------------------------------------------    -------------------

                         (clock clk_fpga_0 rise edge)
                                                      0.000     0.000 r  
    PS7_X0Y0             PS7                          0.000     0.000 r  flash_bd_i/processing_system7_0/inst/PS7_i/FCLKCLK[0]
                         net (fo=1, routed)           0.337     0.337    flash_bd_i/processing_system7_0/inst/FCLK_CLK_unbuffered[0]
    BUFGCTRL_X0Y16       BUFG (Prop_bufg_I_O)         0.029     0.366 r  flash_bd_i/processing_system7_0/inst/buffer_fclk_clk_0.FCLK_CLK_0_BUFG/O
                         net (fo=5067, routed)        0.831     1.197    flash_bd_i/axi_mem_intercon/s00_couplers/auto_pc/inst/gen_axi4_axi3.axi3_conv_inst/USE_READ.USE_SPLIT_R.read_addr_inst/USE_R_CHANNEL.cmd_queue/inst/fifo_gen_inst/inst_fifo_gen/gconvfifo.rf/grf.rf/gntv_or_sync_fifo.gl0.wr/wpntr/clk
    SLICE_X33Y47         FDCE                                         r  flash_bd_i/axi_mem_intercon/s00_couplers/auto_pc/inst/gen_axi4_axi3.axi3_conv_inst/USE_READ.USE_SPLIT_R.read_addr_inst/USE_R_CHANNEL.cmd_queue/inst/fifo_gen_inst/inst_fifo_gen/gconvfifo.rf/grf.rf/gntv_or_sync_fifo.gl0.wr/wpntr/gcc0.gc0.count_reg[2]/C
                         clock pessimism             -0.280     0.917    
    SLICE_X33Y47         FDCE (Remov_fdce_C_CLR)     -0.092     0.825    flash_bd_i/axi_mem_intercon/s00_couplers/auto_pc/inst/gen_axi4_axi3.axi3_conv_inst/USE_READ.USE_SPLIT_R.read_addr_inst/USE_R_CHANNEL.cmd_queue/inst/fifo_gen_inst/inst_fifo_gen/gconvfifo.rf/grf.rf/gntv_or_sync_fifo.gl0.wr/wpntr/gcc0.gc0.count_reg[2]
  -------------------------------------------------------------------
                         required time                         -0.825    
                         arrival time                           1.489    
  -------------------------------------------------------------------
                         slack                                  0.664    

Slack (MET) :             0.664ns  (arrival time - required time)
  Source:                 flash_bd_i/axi_mem_intercon/s00_couplers/auto_pc/inst/gen_axi4_axi3.axi3_conv_inst/USE_READ.USE_SPLIT_R.read_addr_inst/USE_R_CHANNEL.cmd_queue/inst/fifo_gen_inst/inst_fifo_gen/gconvfifo.rf/grf.rf/rstblk/ngwrdrst.grst.g7serrst.gnsckt_wrst.gcc_rst.sckt_wr_rst_cc_reg[0]/C
                            (rising edge-triggered cell FDRE clocked by clk_fpga_0  {rise@0.000ns fall@7.499ns period=14.999ns})
  Destination:            flash_bd_i/axi_mem_intercon/s00_couplers/auto_pc/inst/gen_axi4_axi3.axi3_conv_inst/USE_READ.USE_SPLIT_R.read_addr_inst/USE_R_CHANNEL.cmd_queue/inst/fifo_gen_inst/inst_fifo_gen/gconvfifo.rf/grf.rf/gntv_or_sync_fifo.gl0.wr/wpntr/gcc0.gc0.count_reg[3]/CLR
                            (removal check against rising-edge clock clk_fpga_0  {rise@0.000ns fall@7.499ns period=14.999ns})
  Path Group:             **async_default**
  Path Type:              Removal (Min at Fast Process Corner)
  Requirement:            0.000ns  (clk_fpga_0 rise@0.000ns - clk_fpga_0 rise@0.000ns)
  Data Path Delay:        0.588ns  (logic 0.209ns (35.535%)  route 0.379ns (64.465%))
  Logic Levels:           1  (LUT3=1)
  Clock Path Skew:        0.016ns (DCD - SCD - CPR)
    Destination Clock Delay (DCD):    1.197ns
    Source Clock Delay      (SCD):    0.901ns
    Clock Pessimism Removal (CPR):    0.280ns

    Location             Delay type                Incr(ns)  Path(ns)    Netlist Resource(s)
  -------------------------------------------------------------------    -------------------
                         (clock clk_fpga_0 rise edge)
                                                      0.000     0.000 r  
    PS7_X0Y0             PS7                          0.000     0.000 r  flash_bd_i/processing_system7_0/inst/PS7_i/FCLKCLK[0]
                         net (fo=1, routed)           0.310     0.310    flash_bd_i/processing_system7_0/inst/FCLK_CLK_unbuffered[0]
    BUFGCTRL_X0Y16       BUFG (Prop_bufg_I_O)         0.026     0.336 r  flash_bd_i/processing_system7_0/inst/buffer_fclk_clk_0.FCLK_CLK_0_BUFG/O
                         net (fo=5067, routed)        0.565     0.901    flash_bd_i/axi_mem_intercon/s00_couplers/auto_pc/inst/gen_axi4_axi3.axi3_conv_inst/USE_READ.USE_SPLIT_R.read_addr_inst/USE_R_CHANNEL.cmd_queue/inst/fifo_gen_inst/inst_fifo_gen/gconvfifo.rf/grf.rf/rstblk/clk
    SLICE_X32Y49         FDRE                                         r  flash_bd_i/axi_mem_intercon/s00_couplers/auto_pc/inst/gen_axi4_axi3.axi3_conv_inst/USE_READ.USE_SPLIT_R.read_addr_inst/USE_R_CHANNEL.cmd_queue/inst/fifo_gen_inst/inst_fifo_gen/gconvfifo.rf/grf.rf/rstblk/ngwrdrst.grst.g7serrst.gnsckt_wrst.gcc_rst.sckt_wr_rst_cc_reg[0]/C
  -------------------------------------------------------------------    -------------------
    SLICE_X32Y49         FDRE (Prop_fdre_C_Q)         0.164     1.065 f  flash_bd_i/axi_mem_intercon/s00_couplers/auto_pc/inst/gen_axi4_axi3.axi3_conv_inst/USE_READ.USE_SPLIT_R.read_addr_inst/USE_R_CHANNEL.cmd_queue/inst/fifo_gen_inst/inst_fifo_gen/gconvfifo.rf/grf.rf/rstblk/ngwrdrst.grst.g7serrst.gnsckt_wrst.gcc_rst.sckt_wr_rst_cc_reg[0]/Q
                         net (fo=2, routed)           0.175     1.240    flash_bd_i/axi_mem_intercon/s00_couplers/auto_pc/inst/gen_axi4_axi3.axi3_conv_inst/USE_READ.USE_SPLIT_R.read_addr_inst/USE_R_CHANNEL.cmd_queue/inst/fifo_gen_inst/inst_fifo_gen/gconvfifo.rf/grf.rf/rstblk/ngwrdrst.grst.g7serrst.gnsckt_wrst.gcc_rst.sckt_wr_rst_cc[0]
    SLICE_X32Y49         LUT3 (Prop_lut3_I1_O)        0.045     1.285 f  flash_bd_i/axi_mem_intercon/s00_couplers/auto_pc/inst/gen_axi4_axi3.axi3_conv_inst/USE_READ.USE_SPLIT_R.read_addr_inst/USE_R_CHANNEL.cmd_queue/inst/fifo_gen_inst/inst_fifo_gen/gconvfifo.rf/grf.rf/rstblk/gpregsm1.curr_fwft_state[1]_i_2/O
                         net (fo=33, routed)          0.204     1.489    flash_bd_i/axi_mem_intercon/s00_couplers/auto_pc/inst/gen_axi4_axi3.axi3_conv_inst/USE_READ.USE_SPLIT_R.read_addr_inst/USE_R_CHANNEL.cmd_queue/inst/fifo_gen_inst/inst_fifo_gen/gconvfifo.rf/grf.rf/gntv_or_sync_fifo.gl0.wr/wpntr/gcc0.gc0.count_d1_reg[0]_0
    SLICE_X33Y47         FDCE                                         f  flash_bd_i/axi_mem_intercon/s00_couplers/auto_pc/inst/gen_axi4_axi3.axi3_conv_inst/USE_READ.USE_SPLIT_R.read_addr_inst/USE_R_CHANNEL.cmd_queue/inst/fifo_gen_inst/inst_fifo_gen/gconvfifo.rf/grf.rf/gntv_or_sync_fifo.gl0.wr/wpntr/gcc0.gc0.count_reg[3]/CLR
  -------------------------------------------------------------------    -------------------

                         (clock clk_fpga_0 rise edge)
                                                      0.000     0.000 r  
    PS7_X0Y0             PS7                          0.000     0.000 r  flash_bd_i/processing_system7_0/inst/PS7_i/FCLKCLK[0]
                         net (fo=1, routed)           0.337     0.337    flash_bd_i/processing_system7_0/inst/FCLK_CLK_unbuffered[0]
    BUFGCTRL_X0Y16       BUFG (Prop_bufg_I_O)         0.029     0.366 r  flash_bd_i/processing_system7_0/inst/buffer_fclk_clk_0.FCLK_CLK_0_BUFG/O
                         net (fo=5067, routed)        0.831     1.197    flash_bd_i/axi_mem_intercon/s00_couplers/auto_pc/inst/gen_axi4_axi3.axi3_conv_inst/USE_READ.USE_SPLIT_R.read_addr_inst/USE_R_CHANNEL.cmd_queue/inst/fifo_gen_inst/inst_fifo_gen/gconvfifo.rf/grf.rf/gntv_or_sync_fifo.gl0.wr/wpntr/clk
    SLICE_X33Y47         FDCE                                         r  flash_bd_i/axi_mem_intercon/s00_couplers/auto_pc/inst/gen_axi4_axi3.axi3_conv_inst/USE_READ.USE_SPLIT_R.read_addr_inst/USE_R_CHANNEL.cmd_queue/inst/fifo_gen_inst/inst_fifo_gen/gconvfifo.rf/grf.rf/gntv_or_sync_fifo.gl0.wr/wpntr/gcc0.gc0.count_reg[3]/C
                         clock pessimism             -0.280     0.917    
    SLICE_X33Y47         FDCE (Remov_fdce_C_CLR)     -0.092     0.825    flash_bd_i/axi_mem_intercon/s00_couplers/auto_pc/inst/gen_axi4_axi3.axi3_conv_inst/USE_READ.USE_SPLIT_R.read_addr_inst/USE_R_CHANNEL.cmd_queue/inst/fifo_gen_inst/inst_fifo_gen/gconvfifo.rf/grf.rf/gntv_or_sync_fifo.gl0.wr/wpntr/gcc0.gc0.count_reg[3]
  -------------------------------------------------------------------
                         required time                         -0.825    
                         arrival time                           1.489    
  -------------------------------------------------------------------
                         slack                                  0.664    

Slack (MET) :             0.664ns  (arrival time - required time)
  Source:                 flash_bd_i/axi_mem_intercon/s00_couplers/auto_pc/inst/gen_axi4_axi3.axi3_conv_inst/USE_READ.USE_SPLIT_R.read_addr_inst/USE_R_CHANNEL.cmd_queue/inst/fifo_gen_inst/inst_fifo_gen/gconvfifo.rf/grf.rf/rstblk/ngwrdrst.grst.g7serrst.gnsckt_wrst.gcc_rst.sckt_wr_rst_cc_reg[0]/C
                            (rising edge-triggered cell FDRE clocked by clk_fpga_0  {rise@0.000ns fall@7.499ns period=14.999ns})
  Destination:            flash_bd_i/axi_mem_intercon/s00_couplers/auto_pc/inst/gen_axi4_axi3.axi3_conv_inst/USE_READ.USE_SPLIT_R.read_addr_inst/USE_R_CHANNEL.cmd_queue/inst/fifo_gen_inst/inst_fifo_gen/gconvfifo.rf/grf.rf/gntv_or_sync_fifo.gl0.wr/wpntr/gcc0.gc0.count_reg[4]/CLR
                            (removal check against rising-edge clock clk_fpga_0  {rise@0.000ns fall@7.499ns period=14.999ns})
  Path Group:             **async_default**
  Path Type:              Removal (Min at Fast Process Corner)
  Requirement:            0.000ns  (clk_fpga_0 rise@0.000ns - clk_fpga_0 rise@0.000ns)
  Data Path Delay:        0.588ns  (logic 0.209ns (35.535%)  route 0.379ns (64.465%))
  Logic Levels:           1  (LUT3=1)
  Clock Path Skew:        0.016ns (DCD - SCD - CPR)
    Destination Clock Delay (DCD):    1.197ns
    Source Clock Delay      (SCD):    0.901ns
    Clock Pessimism Removal (CPR):    0.280ns

    Location             Delay type                Incr(ns)  Path(ns)    Netlist Resource(s)
  -------------------------------------------------------------------    -------------------
                         (clock clk_fpga_0 rise edge)
                                                      0.000     0.000 r  
    PS7_X0Y0             PS7                          0.000     0.000 r  flash_bd_i/processing_system7_0/inst/PS7_i/FCLKCLK[0]
                         net (fo=1, routed)           0.310     0.310    flash_bd_i/processing_system7_0/inst/FCLK_CLK_unbuffered[0]
    BUFGCTRL_X0Y16       BUFG (Prop_bufg_I_O)         0.026     0.336 r  flash_bd_i/processing_system7_0/inst/buffer_fclk_clk_0.FCLK_CLK_0_BUFG/O
                         net (fo=5067, routed)        0.565     0.901    flash_bd_i/axi_mem_intercon/s00_couplers/auto_pc/inst/gen_axi4_axi3.axi3_conv_inst/USE_READ.USE_SPLIT_R.read_addr_inst/USE_R_CHANNEL.cmd_queue/inst/fifo_gen_inst/inst_fifo_gen/gconvfifo.rf/grf.rf/rstblk/clk
    SLICE_X32Y49         FDRE                                         r  flash_bd_i/axi_mem_intercon/s00_couplers/auto_pc/inst/gen_axi4_axi3.axi3_conv_inst/USE_READ.USE_SPLIT_R.read_addr_inst/USE_R_CHANNEL.cmd_queue/inst/fifo_gen_inst/inst_fifo_gen/gconvfifo.rf/grf.rf/rstblk/ngwrdrst.grst.g7serrst.gnsckt_wrst.gcc_rst.sckt_wr_rst_cc_reg[0]/C
  -------------------------------------------------------------------    -------------------
    SLICE_X32Y49         FDRE (Prop_fdre_C_Q)         0.164     1.065 f  flash_bd_i/axi_mem_intercon/s00_couplers/auto_pc/inst/gen_axi4_axi3.axi3_conv_inst/USE_READ.USE_SPLIT_R.read_addr_inst/USE_R_CHANNEL.cmd_queue/inst/fifo_gen_inst/inst_fifo_gen/gconvfifo.rf/grf.rf/rstblk/ngwrdrst.grst.g7serrst.gnsckt_wrst.gcc_rst.sckt_wr_rst_cc_reg[0]/Q
                         net (fo=2, routed)           0.175     1.240    flash_bd_i/axi_mem_intercon/s00_couplers/auto_pc/inst/gen_axi4_axi3.axi3_conv_inst/USE_READ.USE_SPLIT_R.read_addr_inst/USE_R_CHANNEL.cmd_queue/inst/fifo_gen_inst/inst_fifo_gen/gconvfifo.rf/grf.rf/rstblk/ngwrdrst.grst.g7serrst.gnsckt_wrst.gcc_rst.sckt_wr_rst_cc[0]
    SLICE_X32Y49         LUT3 (Prop_lut3_I1_O)        0.045     1.285 f  flash_bd_i/axi_mem_intercon/s00_couplers/auto_pc/inst/gen_axi4_axi3.axi3_conv_inst/USE_READ.USE_SPLIT_R.read_addr_inst/USE_R_CHANNEL.cmd_queue/inst/fifo_gen_inst/inst_fifo_gen/gconvfifo.rf/grf.rf/rstblk/gpregsm1.curr_fwft_state[1]_i_2/O
                         net (fo=33, routed)          0.204     1.489    flash_bd_i/axi_mem_intercon/s00_couplers/auto_pc/inst/gen_axi4_axi3.axi3_conv_inst/USE_READ.USE_SPLIT_R.read_addr_inst/USE_R_CHANNEL.cmd_queue/inst/fifo_gen_inst/inst_fifo_gen/gconvfifo.rf/grf.rf/gntv_or_sync_fifo.gl0.wr/wpntr/gcc0.gc0.count_d1_reg[0]_0
    SLICE_X33Y47         FDCE                                         f  flash_bd_i/axi_mem_intercon/s00_couplers/auto_pc/inst/gen_axi4_axi3.axi3_conv_inst/USE_READ.USE_SPLIT_R.read_addr_inst/USE_R_CHANNEL.cmd_queue/inst/fifo_gen_inst/inst_fifo_gen/gconvfifo.rf/grf.rf/gntv_or_sync_fifo.gl0.wr/wpntr/gcc0.gc0.count_reg[4]/CLR
  -------------------------------------------------------------------    -------------------

                         (clock clk_fpga_0 rise edge)
                                                      0.000     0.000 r  
    PS7_X0Y0             PS7                          0.000     0.000 r  flash_bd_i/processing_system7_0/inst/PS7_i/FCLKCLK[0]
                         net (fo=1, routed)           0.337     0.337    flash_bd_i/processing_system7_0/inst/FCLK_CLK_unbuffered[0]
    BUFGCTRL_X0Y16       BUFG (Prop_bufg_I_O)         0.029     0.366 r  flash_bd_i/processing_system7_0/inst/buffer_fclk_clk_0.FCLK_CLK_0_BUFG/O
                         net (fo=5067, routed)        0.831     1.197    flash_bd_i/axi_mem_intercon/s00_couplers/auto_pc/inst/gen_axi4_axi3.axi3_conv_inst/USE_READ.USE_SPLIT_R.read_addr_inst/USE_R_CHANNEL.cmd_queue/inst/fifo_gen_inst/inst_fifo_gen/gconvfifo.rf/grf.rf/gntv_or_sync_fifo.gl0.wr/wpntr/clk
    SLICE_X33Y47         FDCE                                         r  flash_bd_i/axi_mem_intercon/s00_couplers/auto_pc/inst/gen_axi4_axi3.axi3_conv_inst/USE_READ.USE_SPLIT_R.read_addr_inst/USE_R_CHANNEL.cmd_queue/inst/fifo_gen_inst/inst_fifo_gen/gconvfifo.rf/grf.rf/gntv_or_sync_fifo.gl0.wr/wpntr/gcc0.gc0.count_reg[4]/C
                         clock pessimism             -0.280     0.917    
    SLICE_X33Y47         FDCE (Remov_fdce_C_CLR)     -0.092     0.825    flash_bd_i/axi_mem_intercon/s00_couplers/auto_pc/inst/gen_axi4_axi3.axi3_conv_inst/USE_READ.USE_SPLIT_R.read_addr_inst/USE_R_CHANNEL.cmd_queue/inst/fifo_gen_inst/inst_fifo_gen/gconvfifo.rf/grf.rf/gntv_or_sync_fifo.gl0.wr/wpntr/gcc0.gc0.count_reg[4]
  -------------------------------------------------------------------
                         required time                         -0.825    
                         arrival time                           1.489    
  -------------------------------------------------------------------
                         slack                                  0.664    

Slack (MET) :             0.690ns  (arrival time - required time)
  Source:                 flash_bd_i/axi_mem_intercon/s00_couplers/auto_pc/inst/gen_axi4_axi3.axi3_conv_inst/USE_READ.USE_SPLIT_R.read_addr_inst/USE_R_CHANNEL.cmd_queue/inst/fifo_gen_inst/inst_fifo_gen/gconvfifo.rf/grf.rf/rstblk/ngwrdrst.grst.g7serrst.gnsckt_wrst.gcc_rst.sckt_wr_rst_cc_reg[0]/C
                            (rising edge-triggered cell FDRE clocked by clk_fpga_0  {rise@0.000ns fall@7.499ns period=14.999ns})
  Destination:            flash_bd_i/axi_mem_intercon/s00_couplers/auto_pc/inst/gen_axi4_axi3.axi3_conv_inst/USE_READ.USE_SPLIT_R.read_addr_inst/USE_R_CHANNEL.cmd_queue/inst/fifo_gen_inst/inst_fifo_gen/gconvfifo.rf/grf.rf/gntv_or_sync_fifo.gl0.wr/wpntr/gcc0.gc0.count_d1_reg[2]/CLR
                            (removal check against rising-edge clock clk_fpga_0  {rise@0.000ns fall@7.499ns period=14.999ns})
  Path Group:             **async_default**
  Path Type:              Removal (Min at Fast Process Corner)
  Requirement:            0.000ns  (clk_fpga_0 rise@0.000ns - clk_fpga_0 rise@0.000ns)
  Data Path Delay:        0.656ns  (logic 0.209ns (31.880%)  route 0.447ns (68.120%))
  Logic Levels:           1  (LUT3=1)
  Clock Path Skew:        0.033ns (DCD - SCD - CPR)
    Destination Clock Delay (DCD):    1.197ns
    Source Clock Delay      (SCD):    0.901ns
    Clock Pessimism Removal (CPR):    0.263ns

    Location             Delay type                Incr(ns)  Path(ns)    Netlist Resource(s)
  -------------------------------------------------------------------    -------------------
                         (clock clk_fpga_0 rise edge)
                                                      0.000     0.000 r  
    PS7_X0Y0             PS7                          0.000     0.000 r  flash_bd_i/processing_system7_0/inst/PS7_i/FCLKCLK[0]
                         net (fo=1, routed)           0.310     0.310    flash_bd_i/processing_system7_0/inst/FCLK_CLK_unbuffered[0]
    BUFGCTRL_X0Y16       BUFG (Prop_bufg_I_O)         0.026     0.336 r  flash_bd_i/processing_system7_0/inst/buffer_fclk_clk_0.FCLK_CLK_0_BUFG/O
                         net (fo=5067, routed)        0.565     0.901    flash_bd_i/axi_mem_intercon/s00_couplers/auto_pc/inst/gen_axi4_axi3.axi3_conv_inst/USE_READ.USE_SPLIT_R.read_addr_inst/USE_R_CHANNEL.cmd_queue/inst/fifo_gen_inst/inst_fifo_gen/gconvfifo.rf/grf.rf/rstblk/clk
    SLICE_X32Y49         FDRE                                         r  flash_bd_i/axi_mem_intercon/s00_couplers/auto_pc/inst/gen_axi4_axi3.axi3_conv_inst/USE_READ.USE_SPLIT_R.read_addr_inst/USE_R_CHANNEL.cmd_queue/inst/fifo_gen_inst/inst_fifo_gen/gconvfifo.rf/grf.rf/rstblk/ngwrdrst.grst.g7serrst.gnsckt_wrst.gcc_rst.sckt_wr_rst_cc_reg[0]/C
  -------------------------------------------------------------------    -------------------
    SLICE_X32Y49         FDRE (Prop_fdre_C_Q)         0.164     1.065 f  flash_bd_i/axi_mem_intercon/s00_couplers/auto_pc/inst/gen_axi4_axi3.axi3_conv_inst/USE_READ.USE_SPLIT_R.read_addr_inst/USE_R_CHANNEL.cmd_queue/inst/fifo_gen_inst/inst_fifo_gen/gconvfifo.rf/grf.rf/rstblk/ngwrdrst.grst.g7serrst.gnsckt_wrst.gcc_rst.sckt_wr_rst_cc_reg[0]/Q
                         net (fo=2, routed)           0.175     1.240    flash_bd_i/axi_mem_intercon/s00_couplers/auto_pc/inst/gen_axi4_axi3.axi3_conv_inst/USE_READ.USE_SPLIT_R.read_addr_inst/USE_R_CHANNEL.cmd_queue/inst/fifo_gen_inst/inst_fifo_gen/gconvfifo.rf/grf.rf/rstblk/ngwrdrst.grst.g7serrst.gnsckt_wrst.gcc_rst.sckt_wr_rst_cc[0]
    SLICE_X32Y49         LUT3 (Prop_lut3_I1_O)        0.045     1.285 f  flash_bd_i/axi_mem_intercon/s00_couplers/auto_pc/inst/gen_axi4_axi3.axi3_conv_inst/USE_READ.USE_SPLIT_R.read_addr_inst/USE_R_CHANNEL.cmd_queue/inst/fifo_gen_inst/inst_fifo_gen/gconvfifo.rf/grf.rf/rstblk/gpregsm1.curr_fwft_state[1]_i_2/O
                         net (fo=33, routed)          0.271     1.556    flash_bd_i/axi_mem_intercon/s00_couplers/auto_pc/inst/gen_axi4_axi3.axi3_conv_inst/USE_READ.USE_SPLIT_R.read_addr_inst/USE_R_CHANNEL.cmd_queue/inst/fifo_gen_inst/inst_fifo_gen/gconvfifo.rf/grf.rf/gntv_or_sync_fifo.gl0.wr/wpntr/gcc0.gc0.count_d1_reg[0]_0
    SLICE_X34Y47         FDCE                                         f  flash_bd_i/axi_mem_intercon/s00_couplers/auto_pc/inst/gen_axi4_axi3.axi3_conv_inst/USE_READ.USE_SPLIT_R.read_addr_inst/USE_R_CHANNEL.cmd_queue/inst/fifo_gen_inst/inst_fifo_gen/gconvfifo.rf/grf.rf/gntv_or_sync_fifo.gl0.wr/wpntr/gcc0.gc0.count_d1_reg[2]/CLR
  -------------------------------------------------------------------    -------------------

                         (clock clk_fpga_0 rise edge)
                                                      0.000     0.000 r  
    PS7_X0Y0             PS7                          0.000     0.000 r  flash_bd_i/processing_system7_0/inst/PS7_i/FCLKCLK[0]
                         net (fo=1, routed)           0.337     0.337    flash_bd_i/processing_system7_0/inst/FCLK_CLK_unbuffered[0]
    BUFGCTRL_X0Y16       BUFG (Prop_bufg_I_O)         0.029     0.366 r  flash_bd_i/processing_system7_0/inst/buffer_fclk_clk_0.FCLK_CLK_0_BUFG/O
                         net (fo=5067, routed)        0.831     1.197    flash_bd_i/axi_mem_intercon/s00_couplers/auto_pc/inst/gen_axi4_axi3.axi3_conv_inst/USE_READ.USE_SPLIT_R.read_addr_inst/USE_R_CHANNEL.cmd_queue/inst/fifo_gen_inst/inst_fifo_gen/gconvfifo.rf/grf.rf/gntv_or_sync_fifo.gl0.wr/wpntr/clk
    SLICE_X34Y47         FDCE                                         r  flash_bd_i/axi_mem_intercon/s00_couplers/auto_pc/inst/gen_axi4_axi3.axi3_conv_inst/USE_READ.USE_SPLIT_R.read_addr_inst/USE_R_CHANNEL.cmd_queue/inst/fifo_gen_inst/inst_fifo_gen/gconvfifo.rf/grf.rf/gntv_or_sync_fifo.gl0.wr/wpntr/gcc0.gc0.count_d1_reg[2]/C
                         clock pessimism             -0.263     0.934    
    SLICE_X34Y47         FDCE (Remov_fdce_C_CLR)     -0.067     0.867    flash_bd_i/axi_mem_intercon/s00_couplers/auto_pc/inst/gen_axi4_axi3.axi3_conv_inst/USE_READ.USE_SPLIT_R.read_addr_inst/USE_R_CHANNEL.cmd_queue/inst/fifo_gen_inst/inst_fifo_gen/gconvfifo.rf/grf.rf/gntv_or_sync_fifo.gl0.wr/wpntr/gcc0.gc0.count_d1_reg[2]
  -------------------------------------------------------------------
                         required time                         -0.867    
                         arrival time                           1.556    
  -------------------------------------------------------------------
                         slack                                  0.690    

Slack (MET) :             0.690ns  (arrival time - required time)
  Source:                 flash_bd_i/axi_mem_intercon/s00_couplers/auto_pc/inst/gen_axi4_axi3.axi3_conv_inst/USE_READ.USE_SPLIT_R.read_addr_inst/USE_R_CHANNEL.cmd_queue/inst/fifo_gen_inst/inst_fifo_gen/gconvfifo.rf/grf.rf/rstblk/ngwrdrst.grst.g7serrst.gnsckt_wrst.gcc_rst.sckt_wr_rst_cc_reg[0]/C
                            (rising edge-triggered cell FDRE clocked by clk_fpga_0  {rise@0.000ns fall@7.499ns period=14.999ns})
  Destination:            flash_bd_i/axi_mem_intercon/s00_couplers/auto_pc/inst/gen_axi4_axi3.axi3_conv_inst/USE_READ.USE_SPLIT_R.read_addr_inst/USE_R_CHANNEL.cmd_queue/inst/fifo_gen_inst/inst_fifo_gen/gconvfifo.rf/grf.rf/gntv_or_sync_fifo.gl0.wr/wpntr/gcc0.gc0.count_d1_reg[3]/CLR
                            (removal check against rising-edge clock clk_fpga_0  {rise@0.000ns fall@7.499ns period=14.999ns})
  Path Group:             **async_default**
  Path Type:              Removal (Min at Fast Process Corner)
  Requirement:            0.000ns  (clk_fpga_0 rise@0.000ns - clk_fpga_0 rise@0.000ns)
  Data Path Delay:        0.656ns  (logic 0.209ns (31.880%)  route 0.447ns (68.120%))
  Logic Levels:           1  (LUT3=1)
  Clock Path Skew:        0.033ns (DCD - SCD - CPR)
    Destination Clock Delay (DCD):    1.197ns
    Source Clock Delay      (SCD):    0.901ns
    Clock Pessimism Removal (CPR):    0.263ns

    Location             Delay type                Incr(ns)  Path(ns)    Netlist Resource(s)
  -------------------------------------------------------------------    -------------------
                         (clock clk_fpga_0 rise edge)
                                                      0.000     0.000 r  
    PS7_X0Y0             PS7                          0.000     0.000 r  flash_bd_i/processing_system7_0/inst/PS7_i/FCLKCLK[0]
                         net (fo=1, routed)           0.310     0.310    flash_bd_i/processing_system7_0/inst/FCLK_CLK_unbuffered[0]
    BUFGCTRL_X0Y16       BUFG (Prop_bufg_I_O)         0.026     0.336 r  flash_bd_i/processing_system7_0/inst/buffer_fclk_clk_0.FCLK_CLK_0_BUFG/O
                         net (fo=5067, routed)        0.565     0.901    flash_bd_i/axi_mem_intercon/s00_couplers/auto_pc/inst/gen_axi4_axi3.axi3_conv_inst/USE_READ.USE_SPLIT_R.read_addr_inst/USE_R_CHANNEL.cmd_queue/inst/fifo_gen_inst/inst_fifo_gen/gconvfifo.rf/grf.rf/rstblk/clk
    SLICE_X32Y49         FDRE                                         r  flash_bd_i/axi_mem_intercon/s00_couplers/auto_pc/inst/gen_axi4_axi3.axi3_conv_inst/USE_READ.USE_SPLIT_R.read_addr_inst/USE_R_CHANNEL.cmd_queue/inst/fifo_gen_inst/inst_fifo_gen/gconvfifo.rf/grf.rf/rstblk/ngwrdrst.grst.g7serrst.gnsckt_wrst.gcc_rst.sckt_wr_rst_cc_reg[0]/C
  -------------------------------------------------------------------    -------------------
    SLICE_X32Y49         FDRE (Prop_fdre_C_Q)         0.164     1.065 f  flash_bd_i/axi_mem_intercon/s00_couplers/auto_pc/inst/gen_axi4_axi3.axi3_conv_inst/USE_READ.USE_SPLIT_R.read_addr_inst/USE_R_CHANNEL.cmd_queue/inst/fifo_gen_inst/inst_fifo_gen/gconvfifo.rf/grf.rf/rstblk/ngwrdrst.grst.g7serrst.gnsckt_wrst.gcc_rst.sckt_wr_rst_cc_reg[0]/Q
                         net (fo=2, routed)           0.175     1.240    flash_bd_i/axi_mem_intercon/s00_couplers/auto_pc/inst/gen_axi4_axi3.axi3_conv_inst/USE_READ.USE_SPLIT_R.read_addr_inst/USE_R_CHANNEL.cmd_queue/inst/fifo_gen_inst/inst_fifo_gen/gconvfifo.rf/grf.rf/rstblk/ngwrdrst.grst.g7serrst.gnsckt_wrst.gcc_rst.sckt_wr_rst_cc[0]
    SLICE_X32Y49         LUT3 (Prop_lut3_I1_O)        0.045     1.285 f  flash_bd_i/axi_mem_intercon/s00_couplers/auto_pc/inst/gen_axi4_axi3.axi3_conv_inst/USE_READ.USE_SPLIT_R.read_addr_inst/USE_R_CHANNEL.cmd_queue/inst/fifo_gen_inst/inst_fifo_gen/gconvfifo.rf/grf.rf/rstblk/gpregsm1.curr_fwft_state[1]_i_2/O
                         net (fo=33, routed)          0.271     1.556    flash_bd_i/axi_mem_intercon/s00_couplers/auto_pc/inst/gen_axi4_axi3.axi3_conv_inst/USE_READ.USE_SPLIT_R.read_addr_inst/USE_R_CHANNEL.cmd_queue/inst/fifo_gen_inst/inst_fifo_gen/gconvfifo.rf/grf.rf/gntv_or_sync_fifo.gl0.wr/wpntr/gcc0.gc0.count_d1_reg[0]_0
    SLICE_X34Y47         FDCE                                         f  flash_bd_i/axi_mem_intercon/s00_couplers/auto_pc/inst/gen_axi4_axi3.axi3_conv_inst/USE_READ.USE_SPLIT_R.read_addr_inst/USE_R_CHANNEL.cmd_queue/inst/fifo_gen_inst/inst_fifo_gen/gconvfifo.rf/grf.rf/gntv_or_sync_fifo.gl0.wr/wpntr/gcc0.gc0.count_d1_reg[3]/CLR
  -------------------------------------------------------------------    -------------------

                         (clock clk_fpga_0 rise edge)
                                                      0.000     0.000 r  
    PS7_X0Y0             PS7                          0.000     0.000 r  flash_bd_i/processing_system7_0/inst/PS7_i/FCLKCLK[0]
                         net (fo=1, routed)           0.337     0.337    flash_bd_i/processing_system7_0/inst/FCLK_CLK_unbuffered[0]
    BUFGCTRL_X0Y16       BUFG (Prop_bufg_I_O)         0.029     0.366 r  flash_bd_i/processing_system7_0/inst/buffer_fclk_clk_0.FCLK_CLK_0_BUFG/O
                         net (fo=5067, routed)        0.831     1.197    flash_bd_i/axi_mem_intercon/s00_couplers/auto_pc/inst/gen_axi4_axi3.axi3_conv_inst/USE_READ.USE_SPLIT_R.read_addr_inst/USE_R_CHANNEL.cmd_queue/inst/fifo_gen_inst/inst_fifo_gen/gconvfifo.rf/grf.rf/gntv_or_sync_fifo.gl0.wr/wpntr/clk
    SLICE_X34Y47         FDCE                                         r  flash_bd_i/axi_mem_intercon/s00_couplers/auto_pc/inst/gen_axi4_axi3.axi3_conv_inst/USE_READ.USE_SPLIT_R.read_addr_inst/USE_R_CHANNEL.cmd_queue/inst/fifo_gen_inst/inst_fifo_gen/gconvfifo.rf/grf.rf/gntv_or_sync_fifo.gl0.wr/wpntr/gcc0.gc0.count_d1_reg[3]/C
                         clock pessimism             -0.263     0.934    
    SLICE_X34Y47         FDCE (Remov_fdce_C_CLR)     -0.067     0.867    flash_bd_i/axi_mem_intercon/s00_couplers/auto_pc/inst/gen_axi4_axi3.axi3_conv_inst/USE_READ.USE_SPLIT_R.read_addr_inst/USE_R_CHANNEL.cmd_queue/inst/fifo_gen_inst/inst_fifo_gen/gconvfifo.rf/grf.rf/gntv_or_sync_fifo.gl0.wr/wpntr/gcc0.gc0.count_d1_reg[3]
  -------------------------------------------------------------------
                         required time                         -0.867    
                         arrival time                           1.556    
  -------------------------------------------------------------------
                         slack                                  0.690    

Slack (MET) :             0.690ns  (arrival time - required time)
  Source:                 flash_bd_i/axi_mem_intercon/s00_couplers/auto_pc/inst/gen_axi4_axi3.axi3_conv_inst/USE_READ.USE_SPLIT_R.read_addr_inst/USE_R_CHANNEL.cmd_queue/inst/fifo_gen_inst/inst_fifo_gen/gconvfifo.rf/grf.rf/rstblk/ngwrdrst.grst.g7serrst.gnsckt_wrst.gcc_rst.sckt_wr_rst_cc_reg[0]/C
                            (rising edge-triggered cell FDRE clocked by clk_fpga_0  {rise@0.000ns fall@7.499ns period=14.999ns})
  Destination:            flash_bd_i/axi_mem_intercon/s00_couplers/auto_pc/inst/gen_axi4_axi3.axi3_conv_inst/USE_READ.USE_SPLIT_R.read_addr_inst/USE_R_CHANNEL.cmd_queue/inst/fifo_gen_inst/inst_fifo_gen/gconvfifo.rf/grf.rf/gntv_or_sync_fifo.gl0.wr/wpntr/gcc0.gc0.count_d1_reg[4]/CLR
                            (removal check against rising-edge clock clk_fpga_0  {rise@0.000ns fall@7.499ns period=14.999ns})
  Path Group:             **async_default**
  Path Type:              Removal (Min at Fast Process Corner)
  Requirement:            0.000ns  (clk_fpga_0 rise@0.000ns - clk_fpga_0 rise@0.000ns)
  Data Path Delay:        0.656ns  (logic 0.209ns (31.880%)  route 0.447ns (68.120%))
  Logic Levels:           1  (LUT3=1)
  Clock Path Skew:        0.033ns (DCD - SCD - CPR)
    Destination Clock Delay (DCD):    1.197ns
    Source Clock Delay      (SCD):    0.901ns
    Clock Pessimism Removal (CPR):    0.263ns

    Location             Delay type                Incr(ns)  Path(ns)    Netlist Resource(s)
  -------------------------------------------------------------------    -------------------
                         (clock clk_fpga_0 rise edge)
                                                      0.000     0.000 r  
    PS7_X0Y0             PS7                          0.000     0.000 r  flash_bd_i/processing_system7_0/inst/PS7_i/FCLKCLK[0]
                         net (fo=1, routed)           0.310     0.310    flash_bd_i/processing_system7_0/inst/FCLK_CLK_unbuffered[0]
    BUFGCTRL_X0Y16       BUFG (Prop_bufg_I_O)         0.026     0.336 r  flash_bd_i/processing_system7_0/inst/buffer_fclk_clk_0.FCLK_CLK_0_BUFG/O
                         net (fo=5067, routed)        0.565     0.901    flash_bd_i/axi_mem_intercon/s00_couplers/auto_pc/inst/gen_axi4_axi3.axi3_conv_inst/USE_READ.USE_SPLIT_R.read_addr_inst/USE_R_CHANNEL.cmd_queue/inst/fifo_gen_inst/inst_fifo_gen/gconvfifo.rf/grf.rf/rstblk/clk
    SLICE_X32Y49         FDRE                                         r  flash_bd_i/axi_mem_intercon/s00_couplers/auto_pc/inst/gen_axi4_axi3.axi3_conv_inst/USE_READ.USE_SPLIT_R.read_addr_inst/USE_R_CHANNEL.cmd_queue/inst/fifo_gen_inst/inst_fifo_gen/gconvfifo.rf/grf.rf/rstblk/ngwrdrst.grst.g7serrst.gnsckt_wrst.gcc_rst.sckt_wr_rst_cc_reg[0]/C
  -------------------------------------------------------------------    -------------------
    SLICE_X32Y49         FDRE (Prop_fdre_C_Q)         0.164     1.065 f  flash_bd_i/axi_mem_intercon/s00_couplers/auto_pc/inst/gen_axi4_axi3.axi3_conv_inst/USE_READ.USE_SPLIT_R.read_addr_inst/USE_R_CHANNEL.cmd_queue/inst/fifo_gen_inst/inst_fifo_gen/gconvfifo.rf/grf.rf/rstblk/ngwrdrst.grst.g7serrst.gnsckt_wrst.gcc_rst.sckt_wr_rst_cc_reg[0]/Q
                         net (fo=2, routed)           0.175     1.240    flash_bd_i/axi_mem_intercon/s00_couplers/auto_pc/inst/gen_axi4_axi3.axi3_conv_inst/USE_READ.USE_SPLIT_R.read_addr_inst/USE_R_CHANNEL.cmd_queue/inst/fifo_gen_inst/inst_fifo_gen/gconvfifo.rf/grf.rf/rstblk/ngwrdrst.grst.g7serrst.gnsckt_wrst.gcc_rst.sckt_wr_rst_cc[0]
    SLICE_X32Y49         LUT3 (Prop_lut3_I1_O)        0.045     1.285 f  flash_bd_i/axi_mem_intercon/s00_couplers/auto_pc/inst/gen_axi4_axi3.axi3_conv_inst/USE_READ.USE_SPLIT_R.read_addr_inst/USE_R_CHANNEL.cmd_queue/inst/fifo_gen_inst/inst_fifo_gen/gconvfifo.rf/grf.rf/rstblk/gpregsm1.curr_fwft_state[1]_i_2/O
                         net (fo=33, routed)          0.271     1.556    flash_bd_i/axi_mem_intercon/s00_couplers/auto_pc/inst/gen_axi4_axi3.axi3_conv_inst/USE_READ.USE_SPLIT_R.read_addr_inst/USE_R_CHANNEL.cmd_queue/inst/fifo_gen_inst/inst_fifo_gen/gconvfifo.rf/grf.rf/gntv_or_sync_fifo.gl0.wr/wpntr/gcc0.gc0.count_d1_reg[0]_0
    SLICE_X34Y47         FDCE                                         f  flash_bd_i/axi_mem_intercon/s00_couplers/auto_pc/inst/gen_axi4_axi3.axi3_conv_inst/USE_READ.USE_SPLIT_R.read_addr_inst/USE_R_CHANNEL.cmd_queue/inst/fifo_gen_inst/inst_fifo_gen/gconvfifo.rf/grf.rf/gntv_or_sync_fifo.gl0.wr/wpntr/gcc0.gc0.count_d1_reg[4]/CLR
  -------------------------------------------------------------------    -------------------

                         (clock clk_fpga_0 rise edge)
                                                      0.000     0.000 r  
    PS7_X0Y0             PS7                          0.000     0.000 r  flash_bd_i/processing_system7_0/inst/PS7_i/FCLKCLK[0]
                         net (fo=1, routed)           0.337     0.337    flash_bd_i/processing_system7_0/inst/FCLK_CLK_unbuffered[0]
    BUFGCTRL_X0Y16       BUFG (Prop_bufg_I_O)         0.029     0.366 r  flash_bd_i/processing_system7_0/inst/buffer_fclk_clk_0.FCLK_CLK_0_BUFG/O
                         net (fo=5067, routed)        0.831     1.197    flash_bd_i/axi_mem_intercon/s00_couplers/auto_pc/inst/gen_axi4_axi3.axi3_conv_inst/USE_READ.USE_SPLIT_R.read_addr_inst/USE_R_CHANNEL.cmd_queue/inst/fifo_gen_inst/inst_fifo_gen/gconvfifo.rf/grf.rf/gntv_or_sync_fifo.gl0.wr/wpntr/clk
    SLICE_X34Y47         FDCE                                         r  flash_bd_i/axi_mem_intercon/s00_couplers/auto_pc/inst/gen_axi4_axi3.axi3_conv_inst/USE_READ.USE_SPLIT_R.read_addr_inst/USE_R_CHANNEL.cmd_queue/inst/fifo_gen_inst/inst_fifo_gen/gconvfifo.rf/grf.rf/gntv_or_sync_fifo.gl0.wr/wpntr/gcc0.gc0.count_d1_reg[4]/C
                         clock pessimism             -0.263     0.934    
    SLICE_X34Y47         FDCE (Remov_fdce_C_CLR)     -0.067     0.867    flash_bd_i/axi_mem_intercon/s00_couplers/auto_pc/inst/gen_axi4_axi3.axi3_conv_inst/USE_READ.USE_SPLIT_R.read_addr_inst/USE_R_CHANNEL.cmd_queue/inst/fifo_gen_inst/inst_fifo_gen/gconvfifo.rf/grf.rf/gntv_or_sync_fifo.gl0.wr/wpntr/gcc0.gc0.count_d1_reg[4]
  -------------------------------------------------------------------
                         required time                         -0.867    
                         arrival time                           1.556    
  -------------------------------------------------------------------
                         slack                                  0.690    





